Feature.name,Degradation_Tag,mean_prop_xrn4,mean_prop_xrn4_dne1,mean_cpm_xrn4,mean_cpm_xrn4_dne1
AT1G01100.2,3'_truncated,0.00445879312608063,0.00469608715229392,2.56427288938533,2.47640932169753
AT1G01100.2,5'_truncated,0.0431512952282523,0.0443049548134974,25.2786479427498,23.7375672454373
AT1G01100.2,Both_truncated,0.000190730497806599,0.000207015002499005,0.11189736415688,0.107730582817408
AT1G01100.2,Intact,0.952326334813065,0.950860948032543,553.295824743992,507.868924724812
AT1G01170.1,3'_truncated,0.00621219307223151,0.00578385926475232,2.11788767159532,1.72852963516128
AT1G01170.1,5'_truncated,0.0079151359394315,0.0124627857183161,2.94382854108526,3.68669401715135
AT1G01170.1,Intact,0.985872670988337,0.981753355016932,339.691228355309,291.266501317411
AT1G01470.1,3'_truncated,0.00693438305860055,0.00471753363074989,0.761261772570128,0.800965069357492
AT1G01470.1,5'_truncated,0.0459720601882784,0.0435242612363494,4.33570732814236,5.19516703490201
AT1G01470.1,Intact,0.949405017772655,0.951758205132901,93.4307156892397,118.21459961299
AT1G01620.1,3'_truncated,0.0399403899644973,0.034037265453706,16.1385641917873,15.9048368518174
AT1G01620.1,5'_truncated,0.181380063863448,0.113747428934396,59.5729978627014,52.0870850019031
AT1G01620.1,Both_truncated,0.00126393725284088,0.00156826297509057,0.613171692631665,0.732776580270688
AT1G01620.1,Intact,0.777415608919214,0.850647042636808,374.07722735886,394.371214491486
AT1G01800.1,3'_truncated,0.0307346112481182,0.0226979630268773,3.9698562085158,2.67104305191025
AT1G01800.1,5'_truncated,0.118836076545478,0.132060459213916,15.3478426461759,15.627036156485
AT1G01800.1,Both_truncated,0.00232418810579454,0.00476190476190476,0.312463912292391,0.560246750596859
AT1G01800.1,Intact,0.84810512410061,0.843654276171905,109.158567351359,100.10050738483
AT1G02280.1,3'_truncated,0.0373236911928833,0.0377540655989757,5.1108870448506,4.3014860870853
AT1G02280.1,5'_truncated,0.120508915650596,0.144309262166405,16.7188413157343,16.5787630252799
AT1G02280.1,Both_truncated,0.00259902684271439,0.00256834768961139,0.412747186360147,0.288632741373031
AT1G02280.1,Intact,0.840434708594711,0.815368324545008,117.086006997972,96.1759879712972
AT1G02780.1,3'_truncated,0.016688507539097,0.0185088659227146,9.55094063734614,13.2342154620288
AT1G02780.1,5'_truncated,0.200174871181054,0.138149416291791,85.138415439045,97.5191267751047
AT1G02780.1,Both_truncated,0.00201465372943908,0.00142481059387793,0.928099246434866,1.00072466279029
AT1G02780.1,Intact,0.781121967550409,0.841916907191617,484.13387386864,600.022935940706
AT1G03475.1,3'_truncated,0.0325142897112378,0.0274402139123441,6.93788824872462,6.2828606985006
AT1G03475.1,5'_truncated,0.223342809418533,0.213623389778408,46.9173908049103,48.8983666691522
AT1G03475.1,Both_truncated,0.00548952829180583,0.002792184464618,1.27756461559979,0.640271532872318
AT1G03475.1,Intact,0.738653372578424,0.75614421184463,163.709855507866,174.94697050345
AT1G03630.1,3'_truncated,0.0404043265730143,0.0462213089613252,11.4153762140772,11.4335684064336
AT1G03630.1,5'_truncated,0.162248760983303,0.161168297323786,41.634729587201,39.089368971992
AT1G03630.1,Both_truncated,0.00361533036196244,0.0027203949884933,0.890948957305789,0.63682791598065
AT1G03630.1,Intact,0.793731582081721,0.789889998726395,214.145975249705,200.063284908323
AT1G04240.2,3'_truncated,0.00267379679144385,0,0.246413998680699,0
AT1G04240.2,5'_truncated,0.932058032718211,0.933299671078947,82.9391410809618,60.8426091531441
AT1G04240.2,Both_truncated,0.0670507016846416,0.066700328921053,5.71796046904841,4.3310531388496
AT1G04270.1,3'_truncated,0.0122979010119674,0.00997386813832085,9.83780415859984,7.19471221335066
AT1G04270.1,5'_truncated,0.0635195297269802,0.068620038917944,49.9239685640119,49.6797352622066
AT1G04270.1,Both_truncated,0.000785458636556503,0.000289038565837609,0.617239235539253,0.20799801440941
AT1G04270.1,Intact,0.923397110624496,0.921117054377897,716.463753618815,664.17531410192
AT1G04410.1,3'_truncated,0.0358427596244686,0.0230396424423606,9.82281530005332,6.6298814897297
AT1G04410.1,5'_truncated,0.431399322197722,0.407850664377846,113.143046009288,119.245841512941
AT1G04410.1,Both_truncated,0.00541214701495372,0.00658241779486415,1.51528145286437,1.92544407763885
AT1G04410.1,Intact,0.527345771162856,0.562527275384929,147.888891823721,162.55595158839
AT1G04420.1,3'_truncated,0.0602011121725145,0.0438125466811947,9.82487927900486,8.30555912162497
AT1G04420.1,5'_truncated,0.198490699516862,0.17149289131298,31.3655010670921,32.824912629089
AT1G04420.1,Both_truncated,0.0044891760459723,0.00459415987511563,0.66207811371386,0.870305393328436
AT1G04420.1,Intact,0.736819012264651,0.78010040213071,127.354717665518,150.065002343479
AT1G04480.1,3'_truncated,0.00373252638643604,0.0034602307468978,0.654389524668331,0.509852263410466
AT1G04480.1,5'_truncated,0.0870146295607626,0.124810191145952,15.4042200794262,17.5674745910668
AT1G04480.1,Both_truncated,0.474621331219107,0.411900073103858,87.6565943278938,61.7521981620002
AT1G04480.1,Intact,0.434631512833695,0.459829505003292,75.1692912598629,64.2382924460867
AT1G04750.1,3'_truncated,0.0255648948117534,0.0281882250580627,7.26847706434687,7.34311376727939
AT1G04750.1,5'_truncated,0.0771278254470036,0.0767003410917287,22.4829249894305,19.8688965670109
AT1G04750.1,Both_truncated,0.000551210138015106,0.00222621115077301,0.171764756886359,0.588958999366055
AT1G04750.1,Intact,0.8969398063159,0.892885222699436,252.708334199446,233.426718648574
AT1G04820.1,3'_truncated,0.0782797179186973,0.0529461053909368,8.44512303303489,6.41015593145421
AT1G04820.1,5'_truncated,0.251200686801535,0.206380924997292,26.7668950702269,24.4888790701135
AT1G04820.1,Both_truncated,0.00784577667679612,0.00363916359199762,0.76889936259257,0.394746931275029
AT1G04820.1,Intact,0.662673818602971,0.737033806019774,96.1352189270365,90.954148755114
AT1G04945.3,3'_truncated,0.919585991633078,0.921937242787804,170.725994061155,201.39409204139
AT1G04945.3,5'_truncated,0.00121533163517201,0.00183419939482741,0.232640721986419,0.396274922283062
AT1G04945.3,Both_truncated,0.0791986767317501,0.0762285578173682,13.8259831746828,16.6109529181869
AT1G05010.1,3'_truncated,0.0428474476386636,0.0320850723362204,17.3286563733159,13.8048496390412
AT1G05010.1,5'_truncated,0.22080734534549,0.219893479245265,89.4367420960146,94.7563313970529
AT1G05010.1,Both_truncated,0.00335173605581581,0.00440215681716201,1.33300222110038,1.89882425856805
AT1G05010.1,Intact,0.732993470960031,0.743619291601352,302.449523024915,320.892795578587
AT1G05190.1,3'_truncated,0.0117685326810872,0.0120721256246324,8.56352967119963,8.53578126464755
AT1G05190.1,5'_truncated,0.0866060946442947,0.080159078614881,63.4096322654859,56.714741487292
AT1G05190.1,Both_truncated,0.000488606376707852,0.000431839650283847,0.353532912072508,0.297447079791714
AT1G05190.1,Intact,0.90113676629791,0.907336956110203,664.183007014435,645.164881074622
AT1G05850.1,3'_truncated,0.0820258093523957,0.0721425611515187,18.8977934406946,19.037509642894
AT1G05850.1,5'_truncated,0.12595703531534,0.128374146102127,30.1419908109393,33.8268452934949
AT1G05850.1,Both_truncated,0.0020304863891485,0.00429422665327426,0.587182206429508,1.11391436904209
AT1G05850.1,Intact,0.789986668943116,0.79518906609308,208.706218158917,213.595501099406
AT1G06360.2,3'_truncated,0.00055005500550055,0.000610873549175321,0.12320699934035,0.116633323143469
AT1G06360.2,5'_truncated,0.922766018153257,0.917200303620653,155.300529757943,164.93578201804
AT1G06360.2,Both_truncated,0.0753310302103564,0.0805769578268261,12.0415551117099,14.4206507672906
AT1G06360.2,Intact,0.0025793999518295,0.00302867105419295,0.526157409072899,0.527192981526797
AT1G06680.1,3'_truncated,0.0121995958217887,0.0145243534660814,24.2869668997549,31.0837207048136
AT1G06680.1,5'_truncated,0.205404348522083,0.172205813067268,339.434485551855,364.282281644386
AT1G06680.1,Both_truncated,0.00131528943925903,0.00167396098680527,2.48082865294142,3.57617265804001
AT1G06680.1,Intact,0.781080766216869,0.811595872479846,1622.3387926339,1741.39743675611
AT1G06760.1,3'_truncated,0.0287903542161488,0.0295096733828624,10.8966523989344,11.1918299596148
AT1G06760.1,5'_truncated,0.0962786367938025,0.0958704797745201,34.0886354334512,36.1487366950732
AT1G06760.1,Both_truncated,0.000761478089481654,0.00200703241389893,0.303469086363182,0.664223004802662
AT1G06760.1,Intact,0.874169530900567,0.872612814428719,328.622162082093,336.371769043203
AT1G07050.2,3'_truncated,0.0859210341465853,0.0870377176785467,20.7968363530272,17.4191248017111
AT1G07050.2,5'_truncated,0.13154987232043,0.130673180859128,34.4121370158328,26.0693947862217
AT1G07050.2,Both_truncated,0.00542157635007085,0.00358178101802038,1.24332446475117,0.711915117602501
AT1G07050.2,Intact,0.777107517182913,0.778707320444305,191.629826437985,155.356070271247
AT1G07140.1,3'_truncated,0.022420658912623,0.0244219972792479,7.0542195649231,8.38141052325536
AT1G07140.1,5'_truncated,0.181771666316036,0.113971956550593,42.8424419329882,38.7742189022955
AT1G07140.1,Both_truncated,0.00115774485993561,0.00160532405770871,0.396916721106885,0.520582227712785
AT1G07140.1,Intact,0.794649929911405,0.860535830131687,265.667672456646,295.267500981682
AT1G07320.1,3'_truncated,0.0393780349127386,0.0422393700156121,20.2168425371893,22.8185610900026
AT1G07320.1,5'_truncated,0.261833761682865,0.132785797187172,76.6768960881526,71.3289655709158
AT1G07320.1,Both_truncated,0.0100358930965736,0.00335780729680227,2.05620296540431,1.83769980707934
AT1G07320.1,Intact,0.688752310307823,0.821617025500413,372.750866507445,448.643245075945
AT1G07590.1,3'_truncated,0.997671736982867,0.99800443819737,3887.02923027067,3090.32466763936
AT1G07590.1,5'_truncated,0.00171180916353979,0.00131933225866808,5.46091448961646,4.06115540320027
AT1G07590.1,Both_truncated,0.000233884444193154,0.000118796396864289,0.543121861848104,0.345315996406309
AT1G07590.1,Intact,0.000460530890797423,0.000597031946051896,1.42183381812067,1.78098252479997
AT1G07770.1,3'_truncated,0.00330040822141908,0.00256488197059125,1.15611034991276,0.755376865007755
AT1G07770.1,5'_truncated,0.240544029168889,0.289363940103927,87.9492634972404,86.6784960189122
AT1G07770.1,Both_truncated,0.000419991600167997,0.000521200375851539,0.12320699934035,0.161463271365045
AT1G07770.1,Intact,0.756015565409636,0.707723711008248,268.216534353331,209.220560397435
AT1G07820.1,3'_truncated,0.00659862829586433,0.00392241960579707,1.04115401521888,0.580321464762127
AT1G07820.1,5'_truncated,0.0522460456737252,0.042198225097878,7.57893741268321,6.31982284699812
AT1G07820.1,Both_truncated,0.000675219446320054,0,0.11189736415688,0
AT1G07820.1,Intact,0.940930252881637,0.953879355296325,141.349048171237,142.831721964721
AT1G07890.1,3'_truncated,0.0302208200275769,0.017830957523909,3.58772133647378,3.48866176703573
AT1G07890.1,5'_truncated,0.190470737587416,0.179490183551168,24.3020993393982,28.7263659296672
AT1G07890.1,Both_truncated,0.00281420237507397,0.0034405983975231,0.479054720667119,0.669089197171939
AT1G07890.1,Intact,0.776494240009933,0.800385126659907,116.685843104781,132.653504064698
AT1G07940.3,3'_truncated,0.0576207612480153,0.0493549810159129,12.2102847355121,11.5417865047857
AT1G07940.3,5'_truncated,0.326148306906443,0.269315386668936,65.2566017613746,62.776410023417
AT1G07940.3,Both_truncated,0.00353324494196668,0.00407834153480121,0.894421171187181,0.910534354902869
AT1G07940.3,Intact,0.612697686903575,0.67725129078035,152.629400749939,160.290269955215
AT1G08200.1,3'_truncated,0.0884712226187429,0.103823374334538,15.8888880671726,19.8427161473888
AT1G08200.1,5'_truncated,0.20658601344049,0.178821481280232,35.7902145890064,34.0084295087269
AT1G08200.1,Both_truncated,0.00572207493591414,0.00777785703109033,1.01169231513533,1.50634656080617
AT1G08200.1,Intact,0.699220689004853,0.70957728735414,129.998690677448,135.59650439005
AT1G08360.1,3'_truncated,0.0133734102313116,0.0174565303549444,6.44026821981305,6.58236618074462
AT1G08360.1,5'_truncated,0.0592359904294745,0.0587348154271952,29.7657238252875,22.1215152901014
AT1G08360.1,Both_truncated,0.00136970206331412,0.00139463285497444,0.77128179758255,0.520371396651937
AT1G08360.1,Intact,0.926477464630338,0.922414021362886,455.064366004185,347.536659377729
AT1G08380.1,3'_truncated,0.00730905535547003,0.00686877192733866,10.8077520572932,9.26669879477508
AT1G08380.1,5'_truncated,0.0332406114349305,0.034682004629506,51.6514934500246,48.7735909685759
AT1G08380.1,Both_truncated,0.000190744410551703,0.000149966982146845,0.285621476368758,0.212405183618751
AT1G08380.1,Intact,0.959323170269232,0.958299256461009,1465.76073187973,1362.37903803879
AT1G08880.1,3'_truncated,0.0133905173318745,0.00728929975045861,3.10258192815791,1.56036146869898
AT1G08880.1,5'_truncated,0.0508195198116997,0.0497193188970593,11.7613119677546,10.4614246945955
AT1G08880.1,Both_truncated,0.000472813238770686,0.000570776255707763,0.11189736415688,0.112049350119372
AT1G08880.1,Intact,0.935632358443502,0.942801122600579,217.408072806554,199.484468946009
AT1G09070.1,3'_truncated,0.0834188802247919,0.034627439307156,5.19676166938006,6.8503368117586
AT1G09070.1,5'_truncated,0.213037325555689,0.139465150940651,19.3917259166177,27.3708107933862
AT1G09070.1,Both_truncated,0.00152969571102945,0.0011626243535132,0.347001727654109,0.22868267326284
AT1G09070.1,Intact,0.702523997078833,0.825132326849851,131.816874292132,163.815780089877
AT1G09200.1,3'_truncated,0.00546592004698642,0.00639257751180094,0.613320524888214,0.641799523880351
AT1G09200.1,5'_truncated,0.0176924232419336,0.0267033008176292,2.05168892572707,2.41173250399458
AT1G09200.1,Both_truncated,0,0.0012987012987013,0,0.116633323143469
AT1G09200.1,Intact,0.97684165671108,0.966471221237669,117.882917532125,94.7662815008173
AT1G09310.1,3'_truncated,0.0110837001390265,0.00867563456310973,8.21152057288826,6.93709498150606
AT1G09310.1,5'_truncated,0.0746346235561877,0.0743938494747775,55.4310063233525,61.9987693733645
AT1G09310.1,Both_truncated,0.000823262593108859,0.000608488568145736,0.629706275349854,0.411024420919119
AT1G09310.1,Intact,0.913458413711677,0.916322027393967,692.11518085064,763.763076928667
AT1G09590.1,3'_truncated,0.00752476792381399,0.0154342973102158,0.923023131156696,1.75322234959673
AT1G09590.1,5'_truncated,0.0755023078184087,0.091394039109253,10.2596549593279,10.2900237423024
AT1G09590.1,Both_truncated,0.00242784104205587,0.00236605196932757,0.281702765717719,0.255690127209249
AT1G09590.1,Intact,0.915354363563073,0.890805611611204,122.303607266877,101.03117620477
AT1G09690.1,3'_truncated,0.005132972842963,0.00496544303436627,5.1873067658961,4.71883330309739
AT1G09690.1,5'_truncated,0.0486583423059391,0.048902403942887,49.9312574904982,46.4181889300031
AT1G09690.1,Both_truncated,0.000238804683917239,0.000307042524485369,0.242718536414484,0.290160732381064
AT1G09690.1,Intact,0.946049481728486,0.945825110498261,963.903865258882,898.301677110066
AT1G10200.2,3'_truncated,0.0352549175777014,0.030152525433347,6.52718467013835,5.70655876807221
AT1G10200.2,5'_truncated,0.0916408384039824,0.0911335143712431,17.3563653397461,17.2221700734122
AT1G10200.2,Both_truncated,0,0.00062266500622665,0,0.112049350119372
AT1G10200.2,Intact,0.873104244018316,0.878506405193334,169.99258235269,167.325119848182
AT1G10590.1,3'_truncated,0.0144098005031553,0.016221057206755,3.0540887504201,3.25900447171254
AT1G10590.1,5'_truncated,0.064364920344384,0.058765418633722,13.3779253108751,11.9590024229808
AT1G10590.1,Both_truncated,0.00110183388954319,0,0.235104363497229,0
AT1G10590.1,Intact,0.920490723226099,0.925013524159523,193.081265294037,187.746364387885
AT1G10760.1,3'_truncated,0.164358584973823,0.147205647505765,25.2530739376625,26.0465903380081
AT1G10760.1,5'_truncated,0.686204290014233,0.683078086112878,108.652927596224,121.23676475738
AT1G10760.1,Both_truncated,0.0734161489873378,0.086794364786572,10.7005779800656,15.4192604518881
AT1G10760.1,Intact,0.0760209760246065,0.0829219015947852,13.886999953142,14.7470793590697
AT1G11475.1,3'_truncated,0.0101879784400205,0.00349011698591687,1.17104103123417,0.356045960708628
AT1G11475.1,5'_truncated,0.0251565678017876,0.0220903143009704,3.21216448306053,2.22668838195175
AT1G11475.1,Both_truncated,0.00149925037481259,0.00107296137339056,0.12320699934035,0.112049350119372
AT1G11475.1,Intact,0.964155703633254,0.974061914921983,124.258572655912,99.2898072562993
AT1G11530.1,3'_truncated,0.0147017013587211,0.0134634125549841,2.26893888883733,1.82600629045935
AT1G11530.1,5'_truncated,0.0509138191716601,0.0588481527255829,7.92884927861778,8.03762251785708
AT1G11530.1,Both_truncated,0.000543478260869565,0.000855431993156544,0.115816074807919,0.116633323143469
AT1G11530.1,Intact,0.934203320049329,0.927403290721714,147.366424694308,126.073849977616
AT1G11750.1,3'_truncated,0.0164843070745058,0.0195492200300521,4.48344874454464,5.48015680707423
AT1G11750.1,5'_truncated,0.0780715592399651,0.0752131219462571,20.7891031675417,20.9621033196961
AT1G11750.1,Both_truncated,0.000830705867783256,0.000565946095702193,0.242718536414484,0.154852517551033
AT1G11750.1,Intact,0.904890329773674,0.904860360626556,257.959881962597,253.752285045984
AT1G11840.1,3'_truncated,0.0598200384404075,0.0482884290799946,28.0458482481164,32.0876785624438
AT1G11840.1,5'_truncated,0.181895665909336,0.139665626880035,72.0814843132959,92.3457333996245
AT1G11840.1,Both_truncated,0.00599723484727497,0.00440448118377815,2.6179577612326,2.88785540473835
AT1G11840.1,Intact,0.752287060802982,0.807641462856192,408.370806938565,536.105915150683
AT1G11860.3,3'_truncated,0.0356530552001038,0.0272764053707379,22.9900021595964,21.2693464365602
AT1G11860.3,5'_truncated,0.273702789547307,0.241120359586958,175.81847059172,185.412090400763
AT1G11860.3,Both_truncated,0.00427654360813432,0.00409146078097477,2.68038662870635,3.17627731505053
AT1G11860.3,Intact,0.686367611644455,0.727511774261329,509.239530334221,570.875810820086
AT1G11910.1,3'_truncated,0.0941178773607576,0.0697191598679502,7.91760838805522,6.50687986549545
AT1G11910.1,Intact,0.905882122639242,0.93028084013205,94.7793036251407,87.2878379627687
AT1G12440.1,3'_truncated,0.0255450215940087,0.0241072541599239,5.81183492792161,4.64072414670557
AT1G12440.1,5'_truncated,0.0466329724706696,0.0534889013374269,10.5409731825044,10.8125445534023
AT1G12440.1,Both_truncated,0.000477554918815664,0,0.11189736415688,0
AT1G12440.1,Intact,0.927662820962383,0.922403844502649,210.392395106439,193.368644959096
AT1G12780.1,3'_truncated,0.0214867825576017,0.0219324535114009,2.48876807228967,2.60494699252184
AT1G12780.1,5'_truncated,0.217102072517114,0.188514409567041,23.0217650881491,23.6377651898947
AT1G12780.1,Both_truncated,0.00287782873716565,0.00644793802688539,0.344538086143299,0.683556476462816
AT1G12780.1,Intact,0.758533316188119,0.783105198894673,88.6444256651644,99.3710743847582
AT1G12840.1,3'_truncated,0.206438021060386,0.206083105269357,51.5440707802647,50.8095417514431
AT1G12840.1,5'_truncated,0.126873973379613,0.12424696360796,31.7756215003622,30.3447803959378
AT1G12840.1,Both_truncated,0.00306934150222637,0.00280408565639073,0.726524125928774,0.707297117332311
AT1G12840.1,Intact,0.663618664057774,0.666865845466293,164.125030300167,163.8663221648
AT1G12900.5,3'_truncated,0.00015113730824454,0,0.223794728313759,0
AT1G12900.5,5'_truncated,0.969293859932212,0.971649782650227,1412.14009465238,1433.30520429035
AT1G12900.5,Both_truncated,0.0304882254819551,0.0282060310277639,43.3558962041563,41.5595753176618
AT1G12900.5,Intact,0.00025130322462698,0.000216279483014412,0.419914862507754,0.316315788916078
AT1G13245.1,3'_truncated,0.000948300017345789,0.00293878319580904,0.169805401560839,0.53380373534081
AT1G13245.1,5'_truncated,0.0469445037178334,0.0432377362872873,9.17990916662485,7.60231556587249
AT1G13245.1,Intact,0.952423296270603,0.954803074915507,224.510515662923,167.022000484123
AT1G13360.2,3'_truncated,0.716338854398746,0.691896121726874,108.090185671143,97.2968948309922
AT1G13360.2,5'_truncated,0.00660960424650737,0.00356434346877934,0.970772147611762,0.488956773496186
AT1G13360.2,Both_truncated,0.264812536662906,0.291965259512476,40.3617787064778,41.0059694951335
AT1G13360.2,Intact,0.0122390046918403,0.0125742752918707,1.87971075677597,1.7538322942849
AT1G13440.1,3'_truncated,0.0187476886809454,0.0209192351078777,26.9657745508643,31.8781976540151
AT1G13440.1,5'_truncated,0.241524671690344,0.204922301922229,324.177360960597,310.285449734887
AT1G13440.1,Both_truncated,0.00266483307552297,0.00239739822264976,3.82122179857423,3.66811326674803
AT1G13440.1,Intact,0.737062806553187,0.771761064747244,1079.75928164454,1178.78636365592
AT1G13930.1,3'_truncated,0.00445270300111322,0.00428859665891701,12.5918627831129,11.5509429720822
AT1G13930.1,5'_truncated,0.0377698583260265,0.0397476548017341,108.658255536664,109.77735815189
AT1G13930.1,Both_truncated,4.02222051443334e-05,0.000103674216426138,0.119511537074134,0.28422557216369
AT1G13930.1,Intact,0.957750623869431,0.955860074322923,2735.14868354363,2587.35480090694
AT1G14150.1,3'_truncated,0.0138415267519832,0.0171541122871921,1.70483603032952,2.0554302062273
AT1G14150.1,5'_truncated,0.0947678578495519,0.0927485219059364,11.5460655686004,10.7322179280704
AT1G14150.1,Both_truncated,0.00178571428571429,0,0.246413998680699,0
AT1G14150.1,Intact,0.890795377303227,0.890097365806872,112.220839483956,103.838587839546
AT1G14320.1,3'_truncated,0.0162123461866952,0.0154510491927238,12.8256473289413,11.8114508608798
AT1G14320.1,5'_truncated,0.0892078832582789,0.0776129125783185,71.0620892068739,59.2568237588484
AT1G14320.1,Both_truncated,0.000684331243762302,0.00088405675606053,0.53887111437351,0.677621316245442
AT1G14320.1,Intact,0.893895439311264,0.906051981472897,706.066121970782,693.161441806778
AT1G14400.1,3'_truncated,0.0202276309321266,0.0154459719880643,3.77406811114536,2.8926161815772
AT1G14400.1,5'_truncated,0.0703316001469945,0.0693737856969168,12.8977819302018,13.0185482765006
AT1G14400.1,Both_truncated,0.000972514058057021,0.00113636363636364,0.171764756886359,0.233266646286937
AT1G14400.1,Intact,0.908792426215508,0.914801454436231,170.068868929881,172.396327744727
AT1G14450.1,3'_truncated,0.000749063670411985,0,0.11189736415688,0
AT1G14450.1,5'_truncated,0.0440792384567373,0.0474009974347015,7.92365758450832,6.95663928422706
AT1G14450.1,Intact,0.955671073653125,0.952599002565298,166.661215719364,139.882791828022
AT1G14720.1,3'_truncated,0.0445712933671719,0.0466155098217146,5.03146351710391,6.13591908108772
AT1G14720.1,5'_truncated,0.214618957397277,0.204656780835928,25.550965248142,27.0957650550315
AT1G14720.1,Both_truncated,0.00638481094523041,0.0064636556551125,0.746679754784903,0.831427618947279
AT1G14720.1,Intact,0.734424938290321,0.742264053687245,91.3218439132888,97.7018492097367
AT1G14980.1,3'_truncated,0.00294198072694685,0.00407944755587493,1.12605332080302,1.48012585536268
AT1G14980.1,5'_truncated,0.0269207332609941,0.0295650527545905,11.4992095456846,10.4893501948618
AT1G14980.1,Intact,0.970137286012059,0.966355499689535,405.185139737382,346.979566128282
AT1G15120.1,3'_truncated,0.00831794179063616,0.00548071163856169,1.00053151220841,0.551609215992931
AT1G15120.1,5'_truncated,0.0434384699994964,0.0524444075195821,5.66743656578433,5.39844977847037
AT1G15120.1,Both_truncated,0.00120627261761158,0,0.12320699934035,0
AT1G15120.1,Intact,0.94784149733733,0.942074880841856,117.902689406064,95.8441714213605
AT1G15400.1,3'_truncated,0.84231068795682,0.848296628320817,126.115961717747,118.033309443144
AT1G15400.1,5'_truncated,0.00749514239555926,0.00699700347949734,1.1522936373079,0.972012414021092
AT1G15400.1,Both_truncated,0.0558363119734125,0.0688266783162334,8.3923915697224,9.66835591733687
AT1G15400.1,Intact,0.0943578576742078,0.0758796898834517,14.5842256327243,10.6896971844884
AT1G15690.1,3'_truncated,0.214309982049698,0.218225024586553,28.5436503627098,29.3044141677668
AT1G15690.1,5'_truncated,0.398979825418006,0.33565514681325,48.0920695415333,45.5136755271368
AT1G15690.1,Both_truncated,0.0427450150103661,0.0411274855103005,5.58613863369797,5.50893711033561
AT1G15690.1,Intact,0.34396517752193,0.404992343089896,61.5821897269156,55.0234772910925
AT1G15820.1,3'_truncated,0.0114337589952187,0.0104124013281193,77.544044908816,91.7448892373124
AT1G15820.1,5'_truncated,0.132134138776435,0.0950338859138544,725.749444357207,837.337667749987
AT1G15820.1,Both_truncated,0.000719817817325663,0.000524654804967232,4.44062701111119,4.62708097695585
AT1G15820.1,Intact,0.85571228441102,0.894029057953059,5936.15912198164,7904.04894891436
AT1G16000.1,3'_truncated,0.00299430287293908,0.00181724095945452,0.276322195533895,0.154852517551033
AT1G16000.1,5'_truncated,0.0399181278005818,0.0366681517615116,4.15901112342167,3.00427789682097
AT1G16000.1,Both_truncated,0,0.00150829562594269,0,0.116633323143469
AT1G16000.1,Intact,0.957087569326479,0.961617589056871,96.2926532960692,79.4954564097233
AT1G16470.1,3'_truncated,0.0313345427297447,0.0426213571675378,5.2847063647161,6.14533188544286
AT1G16470.1,5'_truncated,0.102331995261955,0.107872268243737,17.6333357903716,15.6413232981689
AT1G16470.1,Both_truncated,0.00216976346090371,0.00220148209183054,0.350920438305148,0.309705035102066
AT1G16470.1,Intact,0.864163698547397,0.848038719860838,144.18635328212,123.103598475351
AT1G16700.1,3'_truncated,0.0160644604506901,0.0132988301011485,1.51905133125886,1.34891983739791
AT1G16700.1,5'_truncated,0.0808356610659804,0.0885609717961637,7.38288490422494,8.86990493979946
AT1G16700.1,Both_truncated,0.00133868808567604,0,0.115816074807919,0
AT1G16700.1,Intact,0.902653649121437,0.898140198102688,84.0313445239154,91.0964947003703
AT1G16810.1,3'_truncated,0.020072845269236,0.0103279709030619,4.04561185591418,1.9202161326805
AT1G16810.1,5'_truncated,0.035272031950514,0.0455729444926944,7.31704423786528,8.37781265104332
AT1G16810.1,Both_truncated,0.000609013398294762,0,0.11189736415688,0
AT1G16810.1,Intact,0.944452118314152,0.944099084604244,194.315559595826,174.039146697861
AT1G17220.1,3'_truncated,0.104071602764578,0.102301553725801,13.2006911787344,12.3763788550716
AT1G17220.1,5'_truncated,0.646221863478297,0.614013619216911,77.0792395151162,73.1760167954424
AT1G17220.1,Both_truncated,0.0446288926996104,0.0399913386054239,5.37791674994219,4.90342173577243
AT1G17220.1,Intact,0.205077641057514,0.243693488451864,28.8736172441153,30.3331179518133
AT1G17455.1,3'_truncated,0.0158449948193061,0.0207520552126717,1.54548731423067,1.87699924358219
AT1G17455.1,5'_truncated,0.0191548771407297,0.0221219182263703,1.90917245685952,2.01044046781401
AT1G17455.1,Intact,0.965000128039964,0.957126026560958,102.974627424733,88.8965559878985
AT1G18540.1,3'_truncated,0.0206065408925743,0.0221754507658749,8.05667231568154,6.56597994177796
AT1G18540.1,5'_truncated,0.0950498532894421,0.0898333357206027,37.056459002027,26.5520968191171
AT1G18540.1,Both_truncated,0.00135307570968949,0.00276045913973185,0.590166760838241,0.784699058465113
AT1G18540.1,Intact,0.883441555344857,0.88523075437379,334.682249958102,261.258963633338
AT1G18730.1,3'_truncated,0.0208703093218379,0.0175383240057623,6.93631760075311,6.02486731053212
AT1G18730.1,5'_truncated,0.0757073406827288,0.0791760461554857,25.1173644073159,27.3409241612385
AT1G18730.1,Both_truncated,0.000979121353066514,0.0014055454516614,0.316084958430332,0.48149362227078
AT1G18730.1,Intact,0.902443228642367,0.90188008438709,298.627073769104,311.36143497942
AT1G19000.2,3'_truncated,0.0722983107952556,0.0437613670739183,16.1125588870296,10.6004881662456
AT1G19000.2,5'_truncated,0.217661854647997,0.213014640154141,48.7899509000608,49.921601013693
AT1G19000.2,Both_truncated,0.00385856468092846,0.0033041688501154,0.887179078911299,0.758256043209064
AT1G19000.2,Intact,0.706181269875819,0.739919823921826,168.209719337136,178.21385221122
AT1G19570.1,3'_truncated,0.0134187029352959,0.0108867534357039,4.75021403854839,3.40633372400103
AT1G19570.1,5'_truncated,0.0832570318441865,0.0989119437387718,29.9327966216275,29.7352728467027
AT1G19570.1,Both_truncated,0.0014605723606849,0.00119484923491275,0.502729397615014,0.358925138909938
AT1G19570.1,Intact,0.901863692859833,0.889006453590612,322.456359189683,269.420839647007
AT1G19660.1,3'_truncated,0.0409722128641921,0.0403480866818938,8.19501924359533,7.84077612987169
AT1G19660.1,5'_truncated,0.197885988236432,0.178384273053149,39.9141613126611,35.1583654314523
AT1G19660.1,Both_truncated,0.00221739085841735,0.00507412981493696,0.426973750216631,0.972012414021092
AT1G19660.1,Intact,0.758924408040958,0.776193510450021,156.572076903287,154.818854809528
AT1G19960.1,3'_truncated,0.00246886135245669,0.000779900872412479,0.349614201421469,0.107730582817408
AT1G19960.1,5'_truncated,0.0507632697576658,0.0521887046464798,7.35093988999043,6.72490062894816
AT1G19960.1,Intact,0.946767868889877,0.947291361438579,139.554194166146,124.822314776874
AT1G20010.1,3'_truncated,0.0590307241934889,0.0523260075213385,21.0807828685265,23.581766192617
AT1G20010.1,5'_truncated,0.260417116069713,0.226179217187312,91.4872789333507,101.302769301536
AT1G20010.1,Both_truncated,0.0129464856944144,0.00939726127179022,3.99890466525497,4.19868421625801
AT1G20010.1,Intact,0.667605674042384,0.712097514019559,262.007589150258,322.261533921785
AT1G20020.1,3'_truncated,0.0542651823460145,0.0534966179617608,163.398340771817,140.11040088093
AT1G20020.1,5'_truncated,0.153669961416432,0.155957247092812,456.737162055629,406.718030407813
AT1G20020.1,Both_truncated,0.00405998498187718,0.00411633056388048,12.0971528924818,10.7590600569537
AT1G20020.1,Intact,0.788004871255677,0.786429804381547,2280.01053829394,2071.05493995666
AT1G20090.1,3'_truncated,0.0444828898534136,0.0462879473169107,5.80242685864801,5.78851065498302
AT1G20090.1,5'_truncated,0.135894521716202,0.141586221197502,18.6998703819813,17.8713354779471
AT1G20090.1,Both_truncated,0.0024165583037513,0.00466577375876156,0.314778721546652,0.629364764755244
AT1G20090.1,Intact,0.817206030126633,0.807460057726826,109.573782796929,103.269246606198
AT1G20260.1,3'_truncated,0.0831210959703171,0.0715899669937703,12.3202722041337,12.3141595534483
AT1G20260.1,5'_truncated,0.266179979734618,0.216762558557127,38.659391961255,36.9428596276361
AT1G20260.1,Both_truncated,0.0119012058890467,0.00972837747304854,1.708605908724,1.68542149538553
AT1G20260.1,Intact,0.638797718406018,0.701919096976054,102.786384867681,120.855287325538
AT1G20340.1,3'_truncated,0.00744785976634647,0.00675120679273223,15.3186589379653,14.2958015716649
AT1G20340.1,5'_truncated,0.0482964074981023,0.0484222834543277,101.620062091456,103.750874512789
AT1G20340.1,Both_truncated,0.000250024889951,0.000221559054635626,0.543649565138581,0.490695595565067
AT1G20340.1,Intact,0.9440057078456,0.944604950698304,2029.64607940562,2006.6123130906
AT1G20430.1,3'_truncated,0.0019009874744523,0.00115273348630279,0.231483317359289,0.109170171918063
AT1G20430.1,5'_truncated,0.266605072299969,0.236793909987737,34.336985027086,22.5111818641542
AT1G20430.1,Both_truncated,0.00136083995791443,0,0.117552181748615,0
AT1G20430.1,Intact,0.730586713586969,0.76205335652596,88.4980684245975,73.279295865733
AT1G20440.1,3'_truncated,0.0308583635482387,0.0214485169530801,7.0201614997563,6.02755820616696
AT1G20440.1,5'_truncated,0.224177173237956,0.221129178624521,53.7183871948614,62.2579268929869
AT1G20440.1,Both_truncated,0.00269932541597989,0.00206433966708659,0.763674415057851,0.593719776204907
AT1G20440.1,Intact,0.742265137797826,0.755357964755312,203.438604468283,214.968202681513
AT1G20450.1,3'_truncated,0.0588249552045768,0.0520555833792477,16.9645089153619,16.6595966955437
AT1G20450.1,5'_truncated,0.149190389739476,0.160086520533952,42.8094861086128,49.6147902196843
AT1G20450.1,Both_truncated,0.00283704011666228,0.0022938278354151,0.816499546791085,0.727018223868069
AT1G20450.1,Intact,0.789147614939285,0.785564068251386,225.660262781739,244.978464281821
AT1G20580.1,3'_truncated,0.0345047850162778,0.0237123994653948,3.90471286922852,2.93263431209078
AT1G20580.1,5'_truncated,0.0425457822740143,0.0348181125659956,5.1405527410265,4.27198708981318
AT1G20580.1,Both_truncated,0.00147085791954779,0.00143809967235006,0.169805401560839,0.175055400245627
AT1G20580.1,Intact,0.921968860763343,0.940031388296259,120.600012144416,115.26733930241
AT1G20620.1,3'_truncated,0.199494060593937,0.172464174952724,46.4567647439412,46.3134891706192
AT1G20620.1,5'_truncated,0.306802024508583,0.333854566530187,75.504040576271,92.8474875645728
AT1G20620.1,Both_truncated,0.0289306377279472,0.0273296758915286,6.7796833564678,7.2818805664681
AT1G20620.1,Intact,0.464773277169533,0.466351582625561,131.118278675217,135.727098638662
AT1G20693.1,3'_truncated,0.0122976704430596,0.0135957374627381,8.89993267152775,8.72657226434129
AT1G20693.1,5'_truncated,0.0701298741811617,0.0684777788699295,51.7602403479177,44.0829177723271
AT1G20693.1,Both_truncated,0.000232011525562233,0.00106371657027314,0.177419574478094,0.698482778913628
AT1G20693.1,Intact,0.917417781025404,0.916862767097059,664.720701318801,593.369989543861
AT1G20696.4,3'_truncated,0.00730827652813947,0.00780806541893611,5.09088024825102,4.76076705949461
AT1G20696.4,5'_truncated,0.0441110980827104,0.0459052394254588,31.9898759213202,27.9228871774986
AT1G20696.4,Both_truncated,0.000119889701474643,0.000340550233077391,0.115816074807919,0.204266438796707
AT1G20696.4,Intact,0.948540662155325,0.946059661666887,668.350008175619,577.272231742953
AT1G21065.1,3'_truncated,0.00176211730272416,0.000856900245705669,0.388368391947324,0.154852517551033
AT1G21065.1,5'_truncated,0.977557271990302,0.976713217913402,202.562495224136,174.712394054125
AT1G21065.1,Both_truncated,0.0180453216076984,0.0187932666263827,3.60355859211959,3.37293542046946
AT1G21065.1,Intact,0.00263528909927513,0.00392224862974504,0.537564877489831,0.69677798409084
AT1G21130.1,3'_truncated,0.0793534307051325,0.0724079119141311,19.346716295776,20.3876896554896
AT1G21130.1,5'_truncated,0.187702746686403,0.189144232350472,40.3718229122093,53.3432645559306
AT1G21130.1,Both_truncated,0.00458440379615895,0.00574831907629267,1.22935552158996,1.61075595588538
AT1G21130.1,Intact,0.728359418812305,0.732699536659105,185.905478098356,207.351968612726
AT1G21440.1,3'_truncated,0.0246228803516595,0.0360671501861037,4.50839640495095,7.09104406077656
AT1G21440.1,5'_truncated,0.142975615490297,0.115277286705615,22.2753913275027,22.5169402205568
AT1G21440.1,Both_truncated,0.0024699857449831,0.00222635447668995,0.427982322587212,0.447023017098966
AT1G21440.1,Intact,0.82993151841306,0.846429208631592,147.735235621642,166.987039252632
AT1G21750.1,3'_truncated,0.0581824482772788,0.0653927472141615,7.38168066538743,7.70467322608369
AT1G21750.1,5'_truncated,0.187552466557294,0.202377006354112,24.4170285125219,23.2980706228885
AT1G21750.1,Both_truncated,0.010557485472011,0.00579551703052466,1.31023411847689,0.659428200717717
AT1G21750.1,Intact,0.743707599693416,0.726434729401202,98.2761195938658,85.5518393268158
AT1G21770.1,3'_truncated,0.00788588292948251,0.00732856195623297,1.90510491395193,1.67393880982639
AT1G21770.1,5'_truncated,0.0331131203199131,0.0392774182292682,8.67602236438271,8.89639971962857
AT1G21770.1,Both_truncated,0.000556564700268921,0.000475401641954776,0.117552181748615,0.107730582817408
AT1G21770.1,Intact,0.958629953617092,0.953077085386529,243.855579233375,215.672330316274
AT1G21930.1,3'_truncated,0.0148846656777434,0.0201489158963728,1.6148606094672,1.96047912150103
AT1G21930.1,5'_truncated,0.0145154133146529,0.0195548940296839,1.7322805856719,1.90955422287037
AT1G21930.1,Intact,0.970599921007604,0.960296190073943,113.171802828292,93.1073664526409
AT1G22300.1,3'_truncated,0.0327295068838858,0.0300260764961792,12.3811304236359,10.4503070954176
AT1G22300.1,5'_truncated,0.144714644324325,0.153288956930853,56.1221139967843,53.2952303142529
AT1G22300.1,Both_truncated,0.0043541140518898,0.00331492728111331,1.56157540017921,1.15876133088671
AT1G22300.1,Intact,0.8182017347399,0.813370039291854,311.172466830314,284.561131784709
AT1G22520.1,3'_truncated,0.0120906125584238,0.0102859847297619,1.33154715196015,1.09863445896177
AT1G22520.1,5'_truncated,0.0394202510672046,0.0240923652988645,4.81601312185736,2.45231507319852
AT1G22520.1,Intact,0.948489136374372,0.965621649971374,119.913406013821,97.7252387887182
AT1G22630.1,3'_truncated,0.015797242835283,0.0139087514155467,2.96444424749615,2.21769723971831
AT1G22630.1,5'_truncated,0.0474739244322959,0.0448864098056822,8.71633362209497,7.35618101958704
AT1G22630.1,Both_truncated,0.00117296606515449,0.00087835792983398,0.235327611882053,0.154852517551033
AT1G22630.1,Intact,0.935946855355651,0.940619266825549,167.769521113367,152.781376724977
AT1G22700.1,3'_truncated,0.0328053836172537,0.0348022005633966,5.03658646659245,4.61787900366156
AT1G22700.1,5'_truncated,0.124807278698656,0.117336453018957,19.3565278816936,15.2975012655246
AT1G22700.1,Both_truncated,0.00309817095931318,0.00195683352266607,0.397295592140814,0.260097296418591
AT1G22700.1,Intact,0.840321890377881,0.84590451289498,127.469667441064,111.437438058051
AT1G22780.1,3'_truncated,0.0310317257026858,0.0362579928608298,4.4190495665401,4.48400463855633
AT1G22780.1,5'_truncated,0.0510876534998752,0.0474196419452201,7.28080885268603,6.04802055520783
AT1G22780.1,Both_truncated,0.00302781006885451,0.00284384660394952,0.408605227324284,0.365729710161752
AT1G22780.1,Intact,0.915862080751536,0.914426467457984,133.64173202206,114.722711507327
AT1G22840.1,3'_truncated,0.00902833588740689,0.0084186673403267,3.7530527421752,3.02556102161085
AT1G22840.1,5'_truncated,0.0350034246819127,0.0355947618340955,15.5627558896214,12.8258527206659
AT1G22840.1,Both_truncated,0,0.00049016558607953,0,0.175055400245627
AT1G22840.1,Intact,0.95596823943068,0.955496405239498,407.706968710559,343.089753874607
AT1G23130.1,3'_truncated,0.00465092922594435,0.00588840036881614,2.49866947254329,3.28527068315384
AT1G23130.1,5'_truncated,0.10106576576162,0.0908895343079576,53.3030509193008,50.4112353773605
AT1G23130.1,Both_truncated,0,0.000476432627631545,0,0.264681269442687
AT1G23130.1,Intact,0.894283305012436,0.902745632695595,487.861811772706,500.728242799568
AT1G23290.1,3'_truncated,0.00268211638954263,0.00315126437326694,1.15812749465393,1.37745528235235
AT1G23290.1,5'_truncated,0.105217737961359,0.0894598554497256,44.9716974169921,39.487364979017
AT1G23290.1,Both_truncated,0.000467208028036136,0.00122775516191002,0.195341600600793,0.529750173760979
AT1G23290.1,Intact,0.891632937621063,0.906570376735734,380.767068030804,398.112076376065
AT1G23310.1,3'_truncated,0.127939503620961,0.102829313650149,31.8638358579458,23.7263586342638
AT1G23310.1,5'_truncated,0.273590598431768,0.315290396261207,71.1219328272269,71.7483822591229
AT1G23310.1,Both_truncated,0.010808817673672,0.00761470785660432,2.72929304978854,1.7949793021792
AT1G23310.1,Intact,0.587661080273598,0.574265582232039,164.190838038483,138.108775601305
AT1G23390.1,3'_truncated,0.115361891176464,0.0866378452368686,12.8201737888743,12.7705502779136
AT1G23390.1,5'_truncated,0.19047858746565,0.166893955918694,20.2607393498438,23.7801860776082
AT1G23390.1,Both_truncated,0.0160577432388244,0.00988753371572151,1.51166040672643,1.45059283084447
AT1G23390.1,Intact,0.678101778119062,0.736580665128716,94.0729794401923,105.555317662819
AT1G23490.1,3'_truncated,0.0264483446244176,0.0297669425821014,13.6850041003615,15.1182040211326
AT1G23490.1,5'_truncated,0.0623605741268609,0.0580352005886312,32.4644604231312,29.4934659363826
AT1G23490.1,Both_truncated,0.000296551478706409,0.000412542288857403,0.155578837704356,0.212405183618751
AT1G23490.1,Intact,0.910894529770015,0.91178531454041,475.247208214954,461.266392031812
AT1G23820.2,3'_truncated,0.0034832817943785,0.00111566354219744,0.474276269902048,0.148047946299219
AT1G23820.2,5'_truncated,0.89543636132236,0.891798867694341,120.273205545061,116.979601479271
AT1G23820.2,Both_truncated,0.0253146097988198,0.027209951580369,3.40082606698637,3.61257036784718
AT1G23820.2,Intact,0.0757657470844421,0.0798755171830931,10.0149490978606,10.470170978522
AT1G24020.1,3'_truncated,0.0122445061991441,0.0120270658777019,11.4773480173855,10.8157203544836
AT1G24020.1,5'_truncated,0.0336826539785581,0.0347872691313666,31.5436946996226,31.2057180818998
AT1G24020.1,Both_truncated,0.000472905781194619,0.000280724215680105,0.388219559690775,0.266901867670405
AT1G24020.1,Intact,0.953599934041103,0.952998515513812,886.756960694035,856.104456207047
AT1G24360.1,3'_truncated,0.0314232737007806,0.0232836823364759,4.57152259949707,3.41725197086981
AT1G24360.1,5'_truncated,0.191472447756136,0.171778377204347,27.4535302870322,25.8584207320491
AT1G24360.1,Both_truncated,0.00401515928690994,0.00243630397551463,0.588488443313188,0.401340671465995
AT1G24360.1,Intact,0.773089119256173,0.803313737808834,112.365314855263,121.116193698573
AT1G25230.2,3'_truncated,0.060438409503377,0.0524592528283714,9.62281082751874,8.77267981039262
AT1G25230.2,5'_truncated,0.0839106461864258,0.090808834089053,12.6525004123484,16.1161068994802
AT1G25230.2,Both_truncated,0.00688900293701942,0.00486568928008919,0.893561431073149,0.805771352194148
AT1G25230.2,Intact,0.848761941373178,0.851866223802487,137.240298907915,148.436432700262
AT1G25260.1,3'_truncated,0.0473918217144514,0.0458127015170635,8.61314700013931,6.68624516437956
AT1G25260.1,5'_truncated,0.07103112264245,0.0817581147112338,13.8546984757132,11.9144003194432
AT1G25260.1,Both_truncated,0.00178425399546681,0.000789889415481833,0.341570158447198,0.0988278424913471
AT1G25260.1,Intact,0.880387552979454,0.872165887299875,163.538624821913,129.525837823726
AT1G26550.1,3'_truncated,0.00957254150020808,0.0120963370754803,1.38538085606397,1.62782019403238
AT1G26550.1,5'_truncated,0.0552439826130032,0.0664867363036609,7.87747921602477,8.65972348369606
AT1G26550.1,Both_truncated,0,0.000805152979066023,0,0.112049350119372
AT1G26550.1,Intact,0.935183475886789,0.921148542294504,132.697863358828,120.572119681447
AT1G26630.1,3'_truncated,0.0214250880724731,0.0230019753687602,4.80606488739337,4.31797440779023
AT1G26630.1,5'_truncated,0.0851767655044229,0.0959147353048758,18.9779256385284,18.5374396723783
AT1G26630.1,Both_truncated,0.00137867647058824,0.000499748704853975,0.369620998021049,0.105438596305359
AT1G26630.1,Intact,0.892938587599575,0.880750123523128,201.884553444815,167.929812870895
AT1G26670.1,3'_truncated,0.0333074385558033,0.0321242011636602,6.71498651395016,6.74882955238412
AT1G26670.1,5'_truncated,0.0778434635616266,0.0743958001297948,15.6991211639897,15.5076031883841
AT1G26670.1,Both_truncated,0.00289920207998177,0.00205338809034908,0.584867397175247,0.448197400477487
AT1G26670.1,Intact,0.885949895802588,0.892795536009762,178.758230257899,188.01664281051
AT1G26770.1,3'_truncated,0.0377768774951611,0.0311398950310576,4.24417484009364,4.05061331245538
AT1G26770.1,5'_truncated,0.254157535988803,0.191372392581854,27.1637241496917,23.6816252329092
AT1G26770.1,Both_truncated,0.00119995047594916,0.00391266518027081,0.119511537074134,0.520847433434918
AT1G26770.1,Intact,0.70726561953207,0.774879268933575,80.675595141001,96.251500010172
AT1G26880.1,3'_truncated,0.00609529606616606,0.00862197639332456,1.79190131291137,2.33685613343358
AT1G26880.1,5'_truncated,0.0660396392796392,0.0657648048331417,21.9702806107767,17.9305098672971
AT1G26880.1,Both_truncated,0.0389512506654284,0.0276299592714726,11.8432398793674,7.55789026614956
AT1G26880.1,Intact,0.888913813988766,0.897983259502061,293.191346670431,241.515736279619
AT1G26920.1,3'_truncated,0.0182228954795904,0.0163836195313128,3.79220659526033,3.48331400301213
AT1G26920.1,5'_truncated,0.107449104367958,0.113777150383066,22.2440862387344,24.3818017369029
AT1G26920.1,Both_truncated,0.000946211983783953,0.000540248514316586,0.196647837484472,0.116633323143469
AT1G26920.1,Intact,0.873381788168668,0.869659147247516,179.725314231066,186.155181950799
AT1G27330.1,3'_truncated,0.00691386814909167,0.0115427303300005,1.2257813096624,1.6069132253664
AT1G27330.1,5'_truncated,0.019868480438403,0.0236231269416722,3.38297166659939,3.11745612432106
AT1G27330.1,Both_truncated,0.000767283418669636,0.000639795265515035,0.119511537074134,0.0988278424913471
AT1G27330.1,Intact,0.972706129133392,0.964620877639822,167.455904426151,128.614476935195
AT1G27350.1,3'_truncated,0.0145911901738655,0.0208489183076438,2.33282282545131,2.38088231952919
AT1G27350.1,5'_truncated,0.0172182543526291,0.0223321235178203,2.51017477419368,2.51532112332478
AT1G27350.1,Both_truncated,0.00194931773879142,0.000810372771474878,0.223794728313759,0.0988278424913471
AT1G27350.1,Intact,0.967540782893908,0.956548833917378,141.195303925299,108.952780973357
AT1G27385.3,3'_truncated,0.935776060814439,0.928236409493033,101.561811805104,96.4084637472384
AT1G27385.3,5'_truncated,0,0.000959692898272553,0,0.112049350119372
AT1G27385.3,Both_truncated,0.0637960401697284,0.0714436928742099,6.94963079989263,7.52265586997825
AT1G27385.3,Intact,0.00128369704749679,0,0.12320699934035,0
AT1G27400.1,3'_truncated,0.0112744343640013,0.00824854909221019,1.82020560836779,1.19376234750279
AT1G27400.1,5'_truncated,0.076831740006435,0.0824975264090613,13.8911046035596,11.4214354903649
AT1G27400.1,Both_truncated,0.0507927522023924,0.0474697258580264,8.86955606749437,6.83147050821795
AT1G27400.1,Intact,0.861101073427171,0.861784198640702,154.332734628864,122.935083180215
AT1G27435.1,3'_truncated,0.00463805647211554,0.00335066977388662,0.470357559251008,0.297447079791714
AT1G27435.1,5'_truncated,0.0906347478408251,0.0895493043685084,10.4719912202017,8.38736823196711
AT1G27435.1,Both_truncated,0.00374765037593985,0,0.517253625984596,0
AT1G27435.1,Intact,0.902228762103099,0.907100025857605,102.020909576771,85.3586384537727
AT1G27450.1,3'_truncated,0.0019030973644275,0,0.402950409732549,0
AT1G27450.1,5'_truncated,0.973123863599786,0.97362798511909,215.620384364114,211.473893632758
AT1G27450.1,Both_truncated,0.021426497713964,0.0214661414245431,4.66617447307828,4.66634638621261
AT1G27450.1,Intact,0.00418090710996483,0.00490587345636691,0.944484996896506,1.06355390910179
AT1G27530.1,3'_truncated,0.00842824793454819,0.0143307035969718,0.90326716485984,1.44718324119889
AT1G27530.1,5'_truncated,0.0762311032139811,0.0552830394989071,7.24833501627585,5.71252795553568
AT1G27530.1,Both_truncated,0.00200601805416249,0.00109529025191676,0.223794728313759,0.112049350119372
AT1G27530.1,Intact,0.91467197616675,0.930021160153482,92.4819342295434,96.128120373397
AT1G28330.5,3'_truncated,0.0056489630449436,0.00439400020832077,2.70447454899863,2.66010225654709
AT1G28330.5,5'_truncated,0.16050873128108,0.108426053406649,64.6881342518257,64.3217739600417
AT1G28330.5,Both_truncated,0.000241196333815726,0.00025149087181629,0.223794728313759,0.146519955291186
AT1G28330.5,Intact,0.833761906896038,0.886928455513214,512.996361052925,547.206134247264
AT1G29250.1,3'_truncated,0.0151974425845412,0.0177358135321963,4.2601473472109,3.92480097352104
AT1G29250.1,5'_truncated,0.0175597600429139,0.0261523310467941,5.29781556776328,5.8002267200974
AT1G29250.1,Both_truncated,0.00108296520983182,0.000871080139372822,0.283662121043239,0.197655684982694
AT1G29250.1,Intact,0.96652082056599,0.955821495374552,276.917283101321,210.74321058052
AT1G29435.1,Both_truncated,1,1,43.2004527720862,27.4693474535547
AT1G29660.1,3'_truncated,0.0585613312812438,0.0582198914084414,7.05009160702003,7.85110698054669
AT1G29660.1,5'_truncated,0.247618675289965,0.210102933507588,25.2520465333471,28.4699186790427
AT1G29660.1,Both_truncated,0.0109024550492477,0.00697106250230186,0.953080160266442,0.948237745905503
AT1G29660.1,Intact,0.682917538379543,0.724706112581669,89.2694078779661,99.6580685611361
AT1G29670.2,5'_truncated,0.882023598708839,0.920731450132342,106.646562745256,109.07004927549
AT1G29670.2,Both_truncated,0.117976401291161,0.0792685498676575,10.8037396782214,9.29483512610221
AT1G29910.1,3'_truncated,0.0121124607096408,0.010932366420125,59.4284534624576,70.7047780249447
AT1G29910.1,5'_truncated,0.199153592089549,0.154824670530631,869.139223623664,1003.06342780969
AT1G29910.1,Both_truncated,0.00108737079941681,0.000802705700863918,5.08516196973628,5.1024626351945
AT1G29910.1,Intact,0.787646576401393,0.833440257348381,3913.13325693681,5411.69665414872
AT1G29920.1,3'_truncated,0.00848451892481844,0.00808956438838785,31.239678580595,41.3312577307802
AT1G29920.1,5'_truncated,0.211197971778995,0.166401122833526,683.505616570226,848.087986931818
AT1G29920.1,Both_truncated,0.00120353092512251,0.000552690509196809,4.04647159602822,2.81162784698407
AT1G29920.1,Intact,0.779113978371064,0.824956622268889,2977.95467970279,4220.48399846112
AT1G29930.1,3'_truncated,0.0140611136717433,0.014054778740183,184.311911341035,213.045898112284
AT1G29930.1,5'_truncated,0.154769721990785,0.115492787693884,1527.31758165902,1742.49244736713
AT1G29930.1,Both_truncated,0.00109056334256715,0.000758838870398392,12.0968438849539,11.3008118489664
AT1G29930.1,Intact,0.830078600994905,0.869693594695535,11285.9845919229,13246.8441453143
AT1G30580.1,3'_truncated,0.0451531013958501,0.0466837343919833,6.50993917956268,5.84323277813486
AT1G30580.1,5'_truncated,0.214233820824807,0.205324686024472,30.9651983115945,25.4948320868712
AT1G30580.1,Both_truncated,0.00867819754963496,0.00407537394940679,1.32837260259186,0.511557058233253
AT1G30580.1,Intact,0.731934880229708,0.743916205634138,104.322751428995,92.7781985044786
AT1G30630.1,3'_truncated,0.0513786524784931,0.0587066972939902,6.47953765172946,7.04359680628366
AT1G30630.1,5'_truncated,0.116686222094802,0.131291497306245,15.2781445248561,16.1406453585953
AT1G30630.1,Both_truncated,0.00711873018074015,0.00595736630024264,0.908492112394559,0.740062927681338
AT1G30630.1,Intact,0.824816395245965,0.804044439099522,105.056793401302,98.6684679447273
AT1G31330.1,3'_truncated,0.00573113027562705,0.0069516181956239,0.933473026226135,1.06011029221012
AT1G31330.1,5'_truncated,0.423757143722023,0.473979516716656,67.7958861829218,74.0283424500455
AT1G31330.1,Both_truncated,0.000852514919011083,0.000791269833329999,0.11189736415688,0.11434133663142
AT1G31330.1,Intact,0.570227554362679,0.5185413518655,90.0424746979049,81.350513305061
AT1G31580.1,3'_truncated,0.00349433816091238,0.00199634721181981,0.500265756104204,0.323103346544846
AT1G31580.1,5'_truncated,0.116320490975519,0.0900926597727137,17.1215503111365,14.4570710255921
AT1G31580.1,Both_truncated,0,0.000703729767769177,0,0.112049350119372
AT1G31580.1,Intact,0.880185170863569,0.90767641642621,145.04411929445,148.004006874583
AT1G31812.1,3'_truncated,0.00431752799285961,0.0048833339364016,6.94170496132949,7.01837368040394
AT1G31812.1,5'_truncated,0.0239059780030802,0.0269653786833204,41.6391204940404,38.5267442385594
AT1G31812.1,Both_truncated,0.000108314583569493,0.000155875846198584,0.158042479215166,0.215461165634816
AT1G31812.1,Intact,0.971668179420491,0.968047370149479,1641.50262458306,1378.9997431592
AT1G31860.1,3'_truncated,0.0106915950728069,0.0118392346374467,6.73985184895045,4.98618291968054
AT1G31860.1,5'_truncated,0.00462695467620203,0.00752426362904404,2.87691888735954,3.55438167030025
AT1G31860.1,Both_truncated,0.956515235796478,0.953624455933566,626.904648610447,441.95624053683
AT1G31860.1,Intact,0.0281662144545134,0.0270120457999435,14.9068947016384,11.9485576028068
AT1G31910.1,3'_truncated,0.277127436174248,0.240767343907584,32.7011664502548,28.9251354291386
AT1G31910.1,5'_truncated,0.334989813874113,0.363011075526736,39.9559079668734,44.0872639636376
AT1G31910.1,Both_truncated,0.00972767353358943,0.00391612522931041,1.15711892228334,0.478437640254716
AT1G31910.1,Intact,0.37815507641805,0.392305455336369,45.670449769562,47.697195200423
AT1G32050.1,3'_truncated,0.0477620277444817,0.0436104751479798,11.4438406848049,11.2867178010163
AT1G32050.1,5'_truncated,0.109143998544613,0.105779517324323,26.339844245764,27.0983016953459
AT1G32050.1,Both_truncated,0.00267467995582421,0.00320112325785255,0.64946224164671,0.847705108591369
AT1G32050.1,Intact,0.840419293755081,0.847408884269844,205.625011035247,218.768136690329
AT1G32060.1,3'_truncated,0.0269414080572106,0.0227892818257161,6.85067413388622,6.26380130122606
AT1G32060.1,5'_truncated,0.354778935412245,0.387233048790486,87.6758974985784,100.960129009179
AT1G32060.1,Both_truncated,0.00431529510301333,0.00435903253189839,1.05552262093935,1.16217092053229
AT1G32060.1,Intact,0.613964361427531,0.585618636851899,166.072253504615,159.666788397476
AT1G32070.1,3'_truncated,0.0426459844347682,0.0320541996989626,5.29431010045662,4.42754369333561
AT1G32070.1,5'_truncated,0.139435633021292,0.144227171331074,17.3915317375593,19.8073844806466
AT1G32070.1,Both_truncated,0.00236811380866128,0.00423738931686473,0.285621476368758,0.568274340512624
AT1G32070.1,Intact,0.816339640004833,0.819481239653099,103.231714057434,113.006813217478
AT1G32210.2,3'_truncated,0.0180728696520057,0.0166803488384089,3.08981722383421,2.38241031053722
AT1G32210.2,5'_truncated,0.0252040110975582,0.030557222344173,4.60367686098362,4.33539225356675
AT1G32210.2,Intact,0.956723119250436,0.952762428817418,174.361906743638,136.148040800318
AT1G32470.1,3'_truncated,0.0170613142054406,0.0167182503569022,25.3180027134616,19.7332038465929
AT1G32470.1,5'_truncated,0.0615116016923238,0.0640237922257605,92.0162260505275,75.7767267549854
AT1G32470.1,Both_truncated,0.000596421164091578,0.000619381761215322,0.954535229406671,0.721083063650695
AT1G32470.1,Intact,0.920830662938144,0.918638575656122,1351.07371630858,1087.94107846961
AT1G32990.1,3'_truncated,0.0170668460839265,0.0168995443090031,2.82550199055616,2.21367770538457
AT1G32990.1,5'_truncated,0.12427251452887,0.162285621451335,20.0799930370853,21.0987547812644
AT1G32990.1,Both_truncated,0.00409799526987704,0.00231852234564712,0.633069700792515,0.289291321346623
AT1G32990.1,Intact,0.855928642540619,0.819269152675897,139.098402199323,108.40918409576
AT1G33120.1,3'_truncated,0.0135003234454111,0.0086958022928417,1.80874714092777,1.13690228865476
AT1G33120.1,5'_truncated,0.0929050478932366,0.0913153118893322,13.7924652747064,11.8810700704038
AT1G33120.1,Both_truncated,0.00293508919411934,0.00205265290951738,0.399478195851158,0.264875086880489
AT1G33120.1,Intact,0.89163790253194,0.898620450544815,135.367365909559,116.635914737593
AT1G33140.1,3'_truncated,0.00983296767943346,0.0200300035775785,1.17958936039374,1.83617181607131
AT1G33140.1,5'_truncated,0.0792690123907464,0.0839669071678428,9.17649211657926,7.99933173066067
AT1G33140.1,Both_truncated,0.00105708245243129,0.00406026168549844,0.115816074807919,0.41311685061751
AT1G33140.1,Intact,0.910545659112343,0.893296248130913,109.339499734037,84.4305209280303
AT1G33810.1,3'_truncated,0.00681414765500355,0.00558254031132779,1.71730307014012,1.33704951696316
AT1G33810.1,5'_truncated,0.0409849885459532,0.0474631219821178,10.7768821222798,11.3989324761987
AT1G33810.1,Both_truncated,0.000665484061001888,0,0.158042479215166,0
AT1G33810.1,Intact,0.951535379738041,0.946954337706554,257.442028787299,227.994186589132
AT1G34030.1,3'_truncated,0.0101299136388315,0.0115007068919979,4.02952376996564,3.63285591307329
AT1G34030.1,5'_truncated,0.0403711706123371,0.0410152157147315,16.7209853823215,13.007584523634
AT1G34030.1,Both_truncated,0.000578869675983337,0.00100806451612903,0.287580831694278,0.336148050358115
AT1G34030.1,Intact,0.949113002631509,0.947148055887894,388.690291403591,300.724805220045
AT1G35680.1,3'_truncated,0.0129204566252951,0.0111995576715761,2.38837600978318,1.79942049863463
AT1G35680.1,5'_truncated,0.204308514762657,0.221779478584292,37.3306922948095,34.162286128594
AT1G35680.1,Both_truncated,0.00275110539419305,0.00555788675881967,0.556414269462281,0.899533445502561
AT1G35680.1,Intact,0.780019923217855,0.763315705904919,143.11130766409,118.57383304216
AT1G35720.1,3'_truncated,0.0244475613812511,0.0221464864431969,14.9713240546025,11.9675829728352
AT1G35720.1,5'_truncated,0.24061219844127,0.229205444827407,154.151584047852,124.669327991142
AT1G35720.1,Both_truncated,0.00306187528393397,0.00374301502867051,1.81934586825375,2.03979668851747
AT1G35720.1,Intact,0.731878364893545,0.744905053700725,447.490662875278,405.827165743947
AT1G37130.1,3'_truncated,0.116636746480339,0.155858778295536,42.8521361045209,53.1154466570718
AT1G37130.1,5'_truncated,0.468484508735447,0.393931233606404,102.664713025117,129.720060552551
AT1G37130.1,Both_truncated,0.0445971840756247,0.028888274548288,8.24068460845871,9.91791779059486
AT1G37130.1,Intact,0.37028156070859,0.421321713549772,151.359075420213,150.963414102796
AT1G41880.2,3'_truncated,0.0103072585522386,0.00741666413513398,6.60222940967925,3.94682534081604
AT1G41880.2,5'_truncated,0.0346317818085392,0.0357810485130147,23.3141512214506,19.020427258411
AT1G41880.2,Both_truncated,0.000403941420463201,0.000642637063663543,0.237716837264589,0.35911895634774
AT1G41880.2,Intact,0.954657018218759,0.956373862642742,628.157377676534,504.496363415421
AT1G42970.1,3'_truncated,0.0605816773865549,0.0400141089177649,55.7611982705656,58.8885849425711
AT1G42970.1,5'_truncated,0.341249511428723,0.225112007340853,288.980502617516,328.281293667055
AT1G42970.1,Both_truncated,0.00491504934069909,0.00339596211785919,4.26373513992358,5.07925240576927
AT1G42970.1,Intact,0.593253761844023,0.731477921623523,943.640338621443,1098.24277710271
AT1G43170.1,3'_truncated,0.0386874928406903,0.0345959025102284,26.1089917486265,25.742256024433
AT1G43170.1,5'_truncated,0.209179335430871,0.181890193357532,132.784920376861,133.380965148715
AT1G43170.1,Both_truncated,0.00317137690011922,0.00300677113541369,2.05053152109994,2.15507882446766
AT1G43170.1,Intact,0.74896179482832,0.780507132996826,582.275009895205,588.780717852991
AT1G43670.1,3'_truncated,0.0469842011464778,0.0467947194899575,16.0732894551132,16.5033739806016
AT1G43670.1,5'_truncated,0.162013604726916,0.154386225127564,55.2426454173291,53.6146625139171
AT1G43670.1,Both_truncated,0.00532400914970199,0.00324547527361725,1.8135588451181,1.10819003988556
AT1G43670.1,Intact,0.785678184976904,0.795573580108861,270.586994114395,279.838160796001
AT1G43890.1,3'_truncated,0.0356232389620461,0.0339823019098542,5.41797717735173,4.62253103117784
AT1G43890.1,5'_truncated,0.0831270508714479,0.0861976396561256,13.3699723107417,11.9852005799299
AT1G43890.1,Both_truncated,0.00259254435195011,0.0012467386800265,0.459345588580637,0.157144504063081
AT1G43890.1,Intact,0.879521347265206,0.878988899314003,135.04127959537,122.202912331102
AT1G44575.1,3'_truncated,0.0219241614129955,0.0250720094205099,13.5165449795022,13.432880205327
AT1G44575.1,5'_truncated,0.16304607749341,0.162585938258033,102.304774607559,87.7902152471279
AT1G44575.1,Both_truncated,0.00308580290118603,0.00188086002021943,1.97286072700657,1.01700215243438
AT1G44575.1,Intact,0.811943958192409,0.810461192301237,503.958844750726,439.029710371742
AT1G45201.3,3'_truncated,0.000856898029134533,0,0.12320699934035,0
AT1G45201.3,5'_truncated,0.850152931286481,0.857064398926588,107.410531900524,118.481521308876
AT1G45201.3,Both_truncated,0.148887354473272,0.142256714447479,18.5978879988632,20.1793942001821
AT1G45201.3,Intact,0.00202224469160768,0.00203665987780041,0.223794728313759,0.233266646286937
AT1G45474.2,3'_truncated,0.019476623739441,0.0203461203714416,5.63743995167006,5.88140333725699
AT1G45474.2,5'_truncated,0.188557131596083,0.17140500378874,54.3516019509072,49.7314372870054
AT1G45474.2,Both_truncated,0.00451542192063859,0.00310067253591547,1.2936995357587,0.914154775609293
AT1G45474.2,Intact,0.787450822743837,0.805148203303903,226.104061225181,234.273389696301
AT1G47128.1,3'_truncated,0.0739809902438175,0.0566378532237552,18.8716739541807,20.8567940246331
AT1G47128.1,5'_truncated,0.295409381509796,0.241497605420295,73.4413931623187,87.5668719425809
AT1G47128.1,Both_truncated,0.0146014192401707,0.00923710329968643,3.24419182270106,3.41914504825907
AT1G47128.1,Intact,0.616008209006216,0.692627438056264,228.632566324686,260.383083612393
AT1G47260.1,3'_truncated,0.0327999428283887,0.0363398631467688,5.14904590635026,5.74291097188157
AT1G47260.1,5'_truncated,0.16408146365219,0.163325316114934,25.9127881701413,25.7387491642166
AT1G47260.1,Both_truncated,0.00421065970587564,0.00231695231794996,0.66454175522467,0.366211486320588
AT1G47260.1,Intact,0.798907933813545,0.798017868420347,125.767301765556,126.64793670453
AT1G47278.1,3'_truncated,0.01239234686039,0.0088364097294812,1.37813876378809,0.741590918689371
AT1G47278.1,5'_truncated,0.0326283531807403,0.0291276348773104,3.28208627311288,2.44236037864741
AT1G47278.1,Intact,0.95497929995887,0.962035955393208,101.616509879025,80.6893212479734
AT1G47395.1,3'_truncated,0.00187448960186148,0.00243469183491254,0.743007709623875,0.683168841587212
AT1G47395.1,5'_truncated,0.0172125023860227,0.0138568877948486,5.68112142521754,3.5196776855732
AT1G47395.1,Intact,0.981537837879403,0.983708420370239,324.156973694533,244.172388068315
AT1G47400.1,3'_truncated,0.00336457998720147,0.000994586139760201,0.958156275544612,0.222747513045467
AT1G47400.1,5'_truncated,0.0156733616685638,0.0201192948263669,4.58512513352427,4.1329757917452
AT1G47400.1,Intact,0.980962058344235,0.978886119033873,267.884346473003,208.44359076691
AT1G47830.1,3'_truncated,0.0332001804237803,0.0284827690078465,4.19656107511002,3.18761722404101
AT1G47830.1,5'_truncated,0.053027702295114,0.0604530613985373,7.40267412394706,6.66382168345725
AT1G47830.1,Both_truncated,0.00283778762133174,0.00400723784818133,0.392138270341814,0.457365346525681
AT1G47830.1,Intact,0.910934329659774,0.908392677694829,116.531935474953,100.030287852953
AT1G48030.1,3'_truncated,0.0333188108217483,0.0341516105808842,5.02850654461307,5.9005259778563
AT1G48030.1,5'_truncated,0.327078330193212,0.259618064867853,45.5179866825447,44.0946634625292
AT1G48030.1,Both_truncated,0.00518381045004479,0.00230575746229063,0.77136300410338,0.383053414655037
AT1G48030.1,Intact,0.634419048534995,0.703924567088972,105.2549610443,120.810349760707
AT1G48160.1,3'_truncated,0.0131572241482343,0.0166463721720792,1.37261615174027,1.4642019733481
AT1G48160.1,5'_truncated,0.0342585390043338,0.0476331384613356,3.82462526783471,4.22162662987288
AT1G48160.1,Both_truncated,0,0.00123915737298637,0,0.112049350119372
AT1G48160.1,Intact,0.952584236847432,0.935307436908923,103.255650286243,82.8570748787057
AT1G48300.1,3'_truncated,0.112941720546377,0.0996759193479432,32.2558524576013,26.4402653766519
AT1G48300.1,5'_truncated,0.196389920678593,0.188903157225387,58.3406376937149,51.0814576037234
AT1G48300.1,Both_truncated,0.00729306900724093,0.00958213947439855,2.27950436273805,2.70744076171741
AT1G48300.1,Intact,0.683375289767789,0.701838783952271,211.956545718712,198.921159991827
AT1G48350.1,3'_truncated,0.0189165084287715,0.0145993859909181,18.3462157992225,14.8942595762143
AT1G48350.1,5'_truncated,0.0389038337395401,0.0414532001686663,37.7280690934711,42.4927147684692
AT1G48350.1,Both_truncated,0.000395514169687104,0.000361483440453313,0.385904750436514,0.377118254437663
AT1G48350.1,Intact,0.941784143662001,0.943585930399962,912.209326963071,964.209274044037
AT1G48450.1,3'_truncated,0.0312756120231491,0.0283156004489338,3.92083420860232,4.02512277977433
AT1G48450.1,5'_truncated,0.193528053124743,0.203096039762706,25.1508332353115,27.9132750208344
AT1G48450.1,Both_truncated,0.00530098224127585,0.00204425204425204,0.66222694597041,0.255972346554429
AT1G48450.1,Intact,0.769895352610832,0.767225525092192,103.0742827258,107.598604103616
AT1G48600.2,3'_truncated,0.00178383324994075,0.00119986412483649,0.505497494031478,0.333268872156806
AT1G48600.2,5'_truncated,0.942473255355382,0.938614213644485,262.510736794323,262.630710375757
AT1G48600.2,Both_truncated,0.0517020756320636,0.0545231431416226,14.4063833663912,15.2285375066866
AT1G48600.2,Intact,0.00463544684592677,0.00566277908905537,1.29032931992348,1.63293457850075
AT1G48830.1,3'_truncated,0.0147691900996308,0.0146833925341265,6.4659600415021,5.32484506185874
AT1G48830.1,5'_truncated,0.06782964621914,0.0687368387665256,31.3715344449897,25.4444716269309
AT1G48830.1,Both_truncated,0.000794033371150948,0.000715870012283132,0.384598513552834,0.273512621484417
AT1G48830.1,Intact,0.916607130310078,0.916102522024492,416.659293947228,339.457453724601
AT1G48920.1,3'_truncated,0.150983897714269,0.129383052324676,45.5711396537506,43.3079174803635
AT1G48920.1,5'_truncated,0.245322280465664,0.24029003083705,79.7319224936284,79.9800179017709
AT1G48920.1,Both_truncated,0.0125414315881386,0.0108295901575878,3.71982116369716,3.54937603515445
AT1G48920.1,Intact,0.591152390231929,0.619497326680686,211.23423641671,210.735435403272
AT1G49032.1,3'_truncated,0.00831978584494006,0.0115509303542161,0.804892247094517,1.03040046387716
AT1G49032.1,5'_truncated,0.0384128047664595,0.0435178528748249,3.90646560288184,3.9158098312876
AT1G49032.1,Intact,0.9532674093886,0.944931216770959,95.1930496040995,86.8178372460292
AT1G49240.1,3'_truncated,0.0466276169762974,0.0357939308036154,8.49078006827283,7.14275570791014
AT1G49240.1,5'_truncated,0.247344992285812,0.20602652418134,41.4059055778194,40.1977587731958
AT1G49240.1,Both_truncated,0.00178112227158191,0.00189116436390091,0.272552317139405,0.344175640273881
AT1G49240.1,Intact,0.704246268466309,0.756288380651144,135.152959915019,152.085428987348
AT1G50010.1,3'_truncated,0.0368992543051231,0.0369381228974233,4.60797556155378,4.76173061181229
AT1G50010.1,5'_truncated,0.374383368516862,0.304760467062882,39.922009301359,38.9509561398605
AT1G50010.1,Both_truncated,0.00645674191031412,0.0067764140477602,0.881047557052174,0.88675968678728
AT1G50010.1,Intact,0.582260635267701,0.651524995991935,86.7683479189972,84.4576283269825
AT1G50732.1,3'_truncated,0.0207739638175637,0.0213758567548523,3.77732274814929,3.06596678700004
AT1G50732.1,5'_truncated,0.128412193800825,0.133985713922667,21.8100993161341,19.2030320107102
AT1G50732.1,Both_truncated,0.00170492023004703,0.00238210203139814,0.307387797014222,0.339380836188935
AT1G50732.1,Intact,0.849108922151564,0.842256327291083,146.701822459011,120.747904436437
AT1G51060.1,3'_truncated,0.0048781877963867,0.00622521932646481,2.18172477399892,2.35540285659081
AT1G51060.1,5'_truncated,0.0398050175692249,0.046527617366734,19.4914743537362,17.675316124286
AT1G51060.1,Both_truncated,0.000439423820938696,0.00059506099375186,0.235327611882053,0.224098700238744
AT1G51060.1,Intact,0.955023845420429,0.947048809642217,443.44771187858,358.645892031091
AT1G51110.1,3'_truncated,0.0395187199895003,0.0485775489854394,6.4182442784723,6.98780904907587
AT1G51110.1,5'_truncated,0.371543097318322,0.374898686212259,58.8447874448934,53.8482380798538
AT1G51110.1,Both_truncated,0.0187782274932838,0.0207457931449674,3.15686212903137,2.95832460609001
AT1G51110.1,Intact,0.570159955198894,0.555777971657335,88.8517765548778,80.1935715565142
AT1G51200.1,3'_truncated,0.01246654602047,0.0134256945413402,3.7901561970939,4.14082657784622
AT1G51200.1,5'_truncated,0.0966952260848075,0.0876137882512377,28.4048932048409,26.8999613435986
AT1G51200.1,Both_truncated,0.000367242012486228,0.000367647058823529,0.12320699934035,0.0988278424913471
AT1G51200.1,Intact,0.89071581389056,0.898837968187814,270.597705472239,278.120210013201
AT1G51400.1,3'_truncated,0.00367018221741259,0.00429498391863445,1.41614879303119,1.56420419921797
AT1G51400.1,5'_truncated,0.0448569361198357,0.043283342152093,16.9128766794514,16.4406808432745
AT1G51400.1,Both_truncated,0.000602591141910214,0.000190041809198024,0.223794728313759,0.0988278424913471
AT1G51400.1,Intact,0.951272017948782,0.95235832665954,362.429768290116,372.27751327264
AT1G51650.1,3'_truncated,0.004529264808488,0.00308216258188818,1.92395430592438,1.17063165132146
AT1G51650.1,5'_truncated,0.0244450092109331,0.0213188829549822,11.2520513857212,8.31881465649909
AT1G51650.1,Both_truncated,0.000273522975929978,0.000434499239626331,0.11189736415688,0.197655684982694
AT1G51650.1,Intact,0.970934551655269,0.975454121383254,441.143911591209,379.584039568385
AT1G52000.1,3'_truncated,0.0518652445975426,0.0667047958968459,12.970541259829,14.762718096956
AT1G52000.1,5'_truncated,0.513874354602958,0.427217046846744,104.487473019113,90.6160157656005
AT1G52000.1,Both_truncated,0.0152040433073728,0.0163235641118194,3.30461712621876,3.26288122947762
AT1G52000.1,Intact,0.419056357492127,0.489754593144591,108.659823289147,109.199451220022
AT1G52220.4,3'_truncated,0.00577909152997544,0.00499770554514359,3.48688277719764,2.67236021185744
AT1G52220.4,5'_truncated,0.0951610028957303,0.103849646058457,58.9879627362484,56.4819760363707
AT1G52220.4,Both_truncated,0.000439911290664994,0.000187824397611733,0.276322195533895,0.105438596305359
AT1G52220.4,Intact,0.898619994283629,0.891027432131325,568.972070811653,483.816707598397
AT1G52230.1,3'_truncated,0.00562296778910054,0.00484448744547432,16.3251459782061,13.9829384728085
AT1G52230.1,5'_truncated,0.0393969618748061,0.0396246733755219,115.577008071917,115.181010151693
AT1G52230.1,Both_truncated,0.00016004701026582,0.000195991925056505,0.515294270659077,0.572858313536721
AT1G52230.1,Intact,0.954873372329249,0.955334847253947,2794.11934157135,2774.73078267204
AT1G52300.1,3'_truncated,0.00493930468157272,0.00177316524019983,0.604725361518279,0.157144504063081
AT1G52300.1,5'_truncated,0.0929064050418842,0.0776709928158632,10.5660009305463,6.61477838346413
AT1G52300.1,Both_truncated,0.000962463907603465,0,0.115816074807919,0
AT1G52300.1,Intact,0.903479903867866,0.921146897024003,104.255095441292,78.7536949457944
AT1G52400.1,3'_truncated,0.0748940747222155,0.0873606435150883,114.859600779745,135.544239782977
AT1G52400.1,5'_truncated,0.29326752808761,0.251044948407027,413.951094104023,403.509976374982
AT1G52400.1,Both_truncated,0.00836944950952574,0.00833401123738828,12.7594289104329,12.8804095187547
AT1G52400.1,Intact,0.623468947680649,0.653260396840497,1010.17268845287,1079.74465464286
AT1G52870.2,3'_truncated,0.0582400559822288,0.0415238264067931,7.81896905920206,5.70477444000553
AT1G52870.2,5'_truncated,0.147859402525013,0.12679319673445,19.7388855817727,17.1696261717779
AT1G52870.2,Both_truncated,0.00419863700786556,0.0037147102526003,0.54394722965168,0.494139212456736
AT1G52870.2,Intact,0.789701904484893,0.83044474010789,108.98955510598,113.644799226918
AT1G54410.1,3'_truncated,0.00263731229408053,0.00294631001610512,8.3253799179505,8.77209241419885
AT1G54410.1,5'_truncated,0.0487182616333103,0.0545022864708349,153.676242981809,161.292799698084
AT1G54410.1,Both_truncated,4.94345502217076e-05,3.61436127750237e-05,0.155578837704356,0.105438596305359
AT1G54410.1,Intact,0.948594991522387,0.94252730777121,2969.76502840809,2801.83167075538
AT1G54500.1,3'_truncated,0.00693167397903053,0.00907403804394946,0.978163072144192,1.35503180143004
AT1G54500.1,5'_truncated,0.105467007671439,0.108346755840073,16.1675416661352,16.1855326062612
AT1G54500.1,Both_truncated,0.00141060745535601,0.00388198757763975,0.227713438964799,0.583166615717343
AT1G54500.1,Intact,0.886660913379293,0.881285210256764,130.634085080363,131.950002412411
AT1G54580.1,3'_truncated,0.00565026738509416,0.00609182640295462,1.4980359622887,1.45982883138485
AT1G54580.1,5'_truncated,0.0570307929836062,0.0601246501444051,15.860608695516,14.2822719624052
AT1G54580.1,Both_truncated,0.000953743443013829,0.000385059684251059,0.223794728313759,0.0988278424913471
AT1G54580.1,Intact,0.937001025150295,0.933655170224557,257.143576928447,220.465389350414
AT1G54630.1,3'_truncated,0.00664276353320022,0.0059436361094451,2.35343853186219,1.67660715696685
AT1G54630.1,5'_truncated,0.0462259280082366,0.0542793831275638,16.012924566591,15.6689406968035
AT1G54630.1,Both_truncated,0.00126957257723233,0.000400864962264777,0.369620998021049,0.11434133663142
AT1G54630.1,Intact,0.946708117599486,0.939509737454815,325.218922127305,269.112541934077
AT1G54690.1,3'_truncated,0.0116665870368764,0.0117394484121753,1.25448526767809,1.08135938975391
AT1G54690.1,5'_truncated,0.0346839884956524,0.0426817535645233,3.9215451164598,3.97899268522861
AT1G54690.1,Intact,0.953649424467471,0.945578798023301,109.806821654247,87.6078081194143
AT1G54780.1,3'_truncated,0.0297471291542539,0.0330382442957348,9.53777403269278,10.9495721710944
AT1G54780.1,5'_truncated,0.228126856320139,0.23985387068723,72.7348388796424,80.1809005230182
AT1G54780.1,Both_truncated,0.0088522614894868,0.00825238805685823,2.81349502830031,2.74723658241844
AT1G54780.1,Intact,0.73327375303612,0.718855496960177,232.874032910169,240.147430833985
AT1G55210.1,3'_truncated,0.0121542483976893,0.0138391413305121,2.25240430611914,2.3262914941943
AT1G55210.1,5'_truncated,0.0574963871997651,0.0612610333150895,11.1789082120901,10.3193119085137
AT1G55210.1,Both_truncated,0.000557927260365052,0.00157274933146544,0.113856719482399,0.266901867670405
AT1G55210.1,Intact,0.929977412895636,0.923851325800088,177.353528678379,155.513638323816
AT1G55260.1,5'_truncated,0.984238735092517,0.983721285905752,269.353302163269,318.004901206742
AT1G55260.1,Both_truncated,0.0146754885774072,0.0155046769124439,3.97246868228316,5.00157639025085
AT1G55260.1,Intact,0.00325732899022801,0.00116105577270626,0.862448995382448,0.378951217789777
AT1G55330.1,3'_truncated,0.00132512631286187,0.00112398254700497,1.03768180133749,0.794077835574155
AT1G55330.1,5'_truncated,0.024571650055179,0.0266629421445939,19.2650225552151,18.9576320393456
AT1G55330.1,Intact,0.974103223631959,0.972213075308401,778.337673161575,685.746871184162
AT1G55360.1,3'_truncated,0.118133158382263,0.114622559299095,23.4243116705097,23.0847252534646
AT1G55360.1,5'_truncated,0.226421037449701,0.211140631503084,44.1559797604498,41.823048994498
AT1G55360.1,Both_truncated,0.00581099209929025,0.00919494910756541,1.17204960360476,1.79018449809425
AT1G55360.1,Intact,0.649634812068747,0.665041860090255,131.050332186549,135.258114374153
AT1G55480.1,3'_truncated,0.0296475479621076,0.0320368620300422,7.94702101615801,7.10312521227216
AT1G55480.1,5'_truncated,0.143766210484143,0.16809224983147,37.1007025511754,36.7208581682632
AT1G55480.1,Both_truncated,0.000943355113691356,0.00239506490377971,0.230177080475609,0.51578742362784
AT1G55480.1,Intact,0.825642886440058,0.797475823234708,205.086700753562,176.774749234215
AT1G55490.1,3'_truncated,0.0178110725840174,0.0224779621258751,2.58442851824146,3.23273826027125
AT1G55490.1,5'_truncated,0.729855082139315,0.716533262465759,106.460313582176,105.83656184635
AT1G55490.1,Both_truncated,0.0298900477470289,0.0280095455324941,4.3882347953625,4.17014877130357
AT1G55490.1,Intact,0.222443797529639,0.232979229875872,31.9274152625727,33.8123717256613
AT1G56045.1,3'_truncated,0.00338036123521008,0.00208382482602624,1.59047502466183,0.777977149744821
AT1G56045.1,5'_truncated,0.0111967997399739,0.0134131521414704,5.57067913020089,4.81307717256464
AT1G56045.1,Both_truncated,0,0.000679809653297077,0,0.224098700238744
AT1G56045.1,Intact,0.985422839024816,0.984276419814738,496.478051726555,359.02135571093
AT1G56070.1,3'_truncated,0.129940124228359,0.10015382751231,27.2931034783229,24.5688362069058
AT1G56070.1,5'_truncated,0.455627983700415,0.430717096247154,98.7851420856862,105.034970133376
AT1G56070.1,Both_truncated,0.00836055280247999,0.00967696481362962,2.09623013938858,2.39503335222879
AT1G56070.1,Intact,0.406071339268746,0.459452111426907,136.416012189638,113.321121410339
AT1G56190.1,3'_truncated,0.0356761661364764,0.0265090636963527,4.72193690466219,4.00879978413243
AT1G56190.1,5'_truncated,0.286128722474425,0.228475422280222,31.6822772607397,33.4741930415218
AT1G56190.1,Both_truncated,0.0097417682819668,0.00232292023679119,0.894718835700279,0.331917684963529
AT1G56190.1,Intact,0.668453343107132,0.742692593786634,111.735166404522,111.892668772705
AT1G56200.1,3'_truncated,0.009509829493823,0.00645680837356136,2.60157201077096,2.0387991089537
AT1G56200.1,5'_truncated,0.0484761934168036,0.0428482991528509,12.3929688809951,13.6618302853912
AT1G56200.1,Both_truncated,0,0.000345901072293324,0,0.116633323143469
AT1G56200.1,Intact,0.942013977089373,0.950579592116157,280.841454057898,304.71050619851
AT1G56220.4,3'_truncated,0.00123196775048415,0.00119665157129134,0.232789554242969,0.332094488778284
AT1G56220.4,5'_truncated,0.96507650391444,0.981201993057825,284.924978704866,263.615131825277
AT1G56220.4,Both_truncated,0.0320567328640848,0.0176076085494156,7.15201049667696,4.51165606443699
AT1G56220.4,Intact,0.00245219320648704,0.00058894601784717,0.666552109573277,0.170366011691106
AT1G56280.1,3'_truncated,0.0154861592235487,0.0157214518023298,17.6030883459546,17.3297782270762
AT1G56280.1,5'_truncated,0.0988979078783182,0.0966470906141803,112.304793799717,105.922705260242
AT1G56280.1,Both_truncated,0.000136545396271977,0.000661568101531544,0.155578837704356,0.726664616238558
AT1G56280.1,Intact,0.885479387501861,0.886969889481959,981.80042456807,982.77663042492
AT1G56300.1,3'_truncated,0.095934862999597,0.111368117936988,11.8605934598443,15.4375959349755
AT1G56300.1,5'_truncated,0.0598201255944658,0.0462026462195839,7.7734276027954,6.48915391808723
AT1G56300.1,Both_truncated,0.00193942151592264,0.00309600490759911,0.229672794290318,0.430922331269632
AT1G56300.1,Intact,0.842952063728655,0.840365232571696,107.403168137562,119.604567019226
AT1G56330.1,3'_truncated,0.0272707087794028,0.0248009105431529,10.0839340735525,7.99815734728214
AT1G56330.1,5'_truncated,0.0644039110531187,0.0580537849313077,24.749400236757,18.7395772486468
AT1G56330.1,Both_truncated,0.00190031131047912,0.000538456549288045,0.733055310347173,0.172657998203155
AT1G56330.1,Intact,0.906425068856999,0.916786333492681,342.237404693022,296.045323118023
AT1G56570.2,5'_truncated,0.999347415055627,0.999336650082919,320.124543989764,271.810064574231
AT1G56570.2,Intact,0.000978877416559225,0.00199004975124378,0.235104363497229,0.466533292573875
AT1G57660.1,3'_truncated,0.00560764104792619,0.00634498319992606,4.29771087968436,4.78048816603037
AT1G57660.1,5'_truncated,0.0631999766721637,0.0605554783580107,47.2336004474163,45.8640364061115
AT1G57660.1,Both_truncated,0.000365768832103968,0.000338671628719079,0.272552317139405,0.260097296418591
AT1G57660.1,Intact,0.930826613447806,0.932760866813344,714.277066099414,706.296798951457
AT1G57860.1,3'_truncated,0.0343533121080882,0.0280590361270611,6.61094015188047,5.37310161334894
AT1G57860.1,5'_truncated,0.107951686844059,0.102314389163967,20.4017546909797,19.4014112008711
AT1G57860.1,Both_truncated,0.00204752851092631,0.00166297473984476,0.387062155063645,0.318696177335505
AT1G57860.1,Intact,0.855647472536927,0.867963599969127,163.855145336315,164.845344177411
AT1G58290.1,3'_truncated,0.0656151503216652,0.0518507672361471,10.206452075446,12.0280978886448
AT1G58290.1,5'_truncated,0.298737892700317,0.321952709253077,46.9688908678151,73.8612311133224
AT1G58290.1,Both_truncated,0.00583497924062016,0.00692160354167216,0.979171644514773,1.5491010929524
AT1G58290.1,Intact,0.629811977737398,0.619274919969104,103.097042563875,144.19468443457
AT1G60010.1,3'_truncated,0.047594529937172,0.0530798582965701,11.6222948743386,12.1023643145177
AT1G60010.1,5'_truncated,0.0762241381197185,0.0763677818392247,19.6726981789192,17.279503558955
AT1G60010.1,Both_truncated,0.00127911403797756,0.00189194432165799,0.309851438525032,0.421931189036193
AT1G60010.1,Intact,0.874902217905132,0.868660415542547,215.396689976465,197.294884859734
AT1G60870.1,3'_truncated,0.0449071906181503,0.0496083150040971,6.65351938463662,8.27164188540084
AT1G60870.1,5'_truncated,0.087522035655868,0.0794663676485387,13.2609540692104,12.7961428923329
AT1G60870.1,Both_truncated,0.000711743772241993,0.00101977401129944,0.12320699934035,0.166047244389142
AT1G60870.1,Intact,0.867333525801901,0.870245468006498,134.244925577332,142.498779749541
AT1G61520.1,5'_truncated,0.115604046124748,0.126087549056,15.1240479178622,18.323204654695
AT1G61520.1,Intact,0.884395953875252,0.873912450944,123.317520503606,125.487422618768
AT1G61520.3,3'_truncated,0.0141961945518821,0.0129020275377669,77.9723295256199,78.0741757409923
AT1G61520.3,5'_truncated,0.0998266844132265,0.0973107958148256,542.566767043275,589.668136400082
AT1G61520.3,Both_truncated,0.000413369462108039,0.000320670318327599,2.30825515496411,1.97159672067895
AT1G61520.3,Intact,0.885563751572783,0.88946650632908,4923.90600925429,5416.5002766304
AT1G61780.1,3'_truncated,0.00938485411368689,0.00460679561875161,1.20486793873841,0.541443690380971
AT1G61780.1,5'_truncated,0.0251071252327586,0.0284637171391321,3.05236927019203,3.42051878394673
AT1G61780.1,Intact,0.965508020653555,0.966929487242116,118.842688921928,115.097184151747
AT1G62040.1,3'_truncated,0.0281223503097535,0.0368075857805529,2.78112318993631,3.34636110739646
AT1G62040.1,5'_truncated,0.0261350427678469,0.0208352956631887,2.70682261167815,1.8769652163361
AT1G62040.1,Both_truncated,0,0.00115074798619102,0,0.0988278424913471
AT1G62040.1,Intact,0.9457426069224,0.941973535894195,97.1053369709508,85.422806779136
AT1G62380.1,3'_truncated,0.0304285114041537,0.0298114174317069,19.1757225510146,18.6472834413183
AT1G62380.1,5'_truncated,0.133756626702935,0.137296690108086,85.455749451992,86.2815480972445
AT1G62380.1,Both_truncated,0.00235750344021035,0.00182890530925443,1.50094610056916,1.13804264478719
AT1G62380.1,Intact,0.833457358452701,0.831062987150953,521.526894680648,520.704251167797
AT1G62480.1,3'_truncated,0.00694970442732793,0.00881156203365796,2.75759734524496,3.09524347445959
AT1G62480.1,5'_truncated,0.05397386678022,0.0500699204586644,21.5915763695654,17.5870414422822
AT1G62480.1,Both_truncated,0.000293132489966196,0,0.119511537074134,0
AT1G62480.1,Intact,0.938881007132475,0.941118517507678,372.878096952003,329.312457921932
AT1G62750.1,3'_truncated,0.0765550731921824,0.0750538652277386,14.2248286232698,14.689893461263
AT1G62750.1,5'_truncated,0.473747817919052,0.430644998486787,86.3691943926641,83.6430844295337
AT1G62750.1,Both_truncated,0.0182929385708178,0.0149035985812481,3.38338490994378,2.92403080473295
AT1G62750.1,Intact,0.431404170317948,0.479397537704227,93.4222358854618,95.1290883373531
AT1G62780.1,3'_truncated,0.0290010548523207,0.0299689594059796,5.33049865142549,4.17970435222737
AT1G62780.1,5'_truncated,0.192493728126124,0.187376340872727,35.6757410178968,26.1454799764163
AT1G62780.1,Both_truncated,0.00392750139011546,0.00503300689606511,0.738131425625342,0.70288994812297
AT1G62780.1,Intact,0.77457771563144,0.777621692825229,135.456701209725,108.163876772427
AT1G63980.1,3'_truncated,0.0538792810919464,0.0620398366472363,9.00141339404046,8.89448409374493
AT1G63980.1,5'_truncated,0.166548507648331,0.192437414957774,27.3032587222685,28.6759611907562
AT1G63980.1,Both_truncated,0.00314357135250444,0.00746847738293947,0.53510123597902,1.19895626521505
AT1G63980.1,Intact,0.776428639907219,0.73805427101205,126.957362866353,111.581109278246
AT1G64090.2,3'_truncated,0.0295336754811593,0.0348716290361549,12.5383267435222,12.8382309040505
AT1G64090.2,5'_truncated,0.0686351893361686,0.0741382729234392,31.2586285084622,27.4860641222668
AT1G64090.2,Both_truncated,0.0017750076266657,0.00139292835380824,0.744216113274093,0.508501076217189
AT1G64090.2,Intact,0.900056127556006,0.889597169686598,404.642248198627,326.615515790007
AT1G64230.1,3'_truncated,0.00801090314666495,0.00585140966031049,5.69459703739872,3.70428866674263
AT1G64230.1,5'_truncated,0.0449549692934427,0.048843388836288,32.2820656125359,30.7008881525633
AT1G64230.1,Both_truncated,0.000314566622908353,0.000698567872653673,0.231483317359289,0.42328237622947
AT1G64230.1,Intact,0.946719560936984,0.944606633630748,682.292179215556,594.988857622702
AT1G64370.1,3'_truncated,0.0108804069949116,0.0105222423383186,12.4649901411946,11.5107709952573
AT1G64370.1,5'_truncated,0.0974898409474163,0.0643980948688011,75.2356258786587,71.0237250987816
AT1G64370.1,Both_truncated,0.00046691619156442,0.000397783513249425,0.564562936062568,0.439559865873559
AT1G64370.1,Intact,0.891162835866108,0.924681879279631,1022.08670992102,1032.92022170837
AT1G64720.1,3'_truncated,0.0574394825827631,0.048841965196101,15.8389888922753,18.5799219865558
AT1G64720.1,5'_truncated,0.320463867513123,0.190081926858547,65.0866943497626,72.0858042288563
AT1G64720.1,Both_truncated,0.00976957606053105,0.00545202801483281,2.00187593032047,2.02597671495299
AT1G64720.1,Intact,0.612327073843582,0.755624079930519,250.662804997878,296.157652180538
AT1G64750.3,3'_truncated,0.0119141363843632,0.00893711079765662,4.10366193518214,2.75455695707518
AT1G64750.3,5'_truncated,0.0192872131697236,0.0149745160008115,6.64144367775986,4.53208438623177
AT1G64750.3,Both_truncated,0,0.000400801603206413,0,0.116633323143469
AT1G64750.3,Intact,0.968798650445913,0.97595477266713,354.435084639176,299.113374628739
AT1G64980.1,3'_truncated,0.0182049616072023,0.0227133922130588,2.28070860157555,2.71756078133157
AT1G64980.1,5'_truncated,0.136370889626047,0.146501070363222,17.287165800566,17.538374707422
AT1G64980.1,Both_truncated,0.00141466208476518,0,0.173500863827055,0
AT1G64980.1,Intact,0.844481040710241,0.83078553742372,105.206713534792,102.289773935767
AT1G65290.1,3'_truncated,0.00410691951171449,0.00297548761128449,1.82587705267215,1.10836684370032
AT1G65290.1,5'_truncated,0.0482989266329388,0.044028374132656,21.7386068781102,16.4978767724251
AT1G65290.1,Both_truncated,0.000878065566634876,0.000680729303936273,0.337651447796159,0.255690127209249
AT1G65290.1,Intact,0.947008776810923,0.952315408952123,415.645168035388,355.861284343832
AT1G65720.1,3'_truncated,0.00863921771612544,0.00581449605364815,1.46495321606721,0.88675968678728
AT1G65720.1,5'_truncated,0.0466234978503676,0.0389672636932353,7.7066584517008,5.7062051604427
AT1G65720.1,Intact,0.944737284433507,0.955218240253117,152.40615475969,142.744739757438
AT1G65930.1,3'_truncated,0.0953362512232002,0.0788050185313322,27.9987059037023,24.3959527696025
AT1G65930.1,5'_truncated,0.186793678648122,0.165887787530295,54.5293724592301,51.2106048102268
AT1G65930.1,Both_truncated,0.00610038062360887,0.00879793320356612,1.9843327752317,2.83341883472383
AT1G65930.1,Intact,0.711769689505069,0.746509260734807,228.347718148882,233.05475836825
AT1G65980.1,3'_truncated,0.00447569807263168,0.00552538117918889,0.694301119821317,0.801717790614317
AT1G65980.1,5'_truncated,0.0829925023476594,0.0793144202107636,13.8199317404593,11.5960802982315
AT1G65980.1,Both_truncated,0.000651889104000311,0.00290486564996369,0.119511537074134,0.395311369965389
AT1G65980.1,Intact,0.912097206843709,0.91419191006006,150.592169996214,134.850515295096
AT1G66240.1,5'_truncated,0.966249162519227,0.961459886324323,210.971396322624,185.615040040151
AT1G66240.1,Both_truncated,0.00237611828958007,0.00397506805551541,0.53887111437351,0.792373040751368
AT1G66240.1,Intact,0.0313747191911932,0.0345650456201615,6.75182555778103,6.71608629052948
AT1G66410.1,3'_truncated,0.0194060094832513,0.0202854186475505,4.81017926451133,4.25667315248677
AT1G66410.1,5'_truncated,0.110065590602198,0.100379700926608,27.870418313543,21.1320332657307
AT1G66410.1,Both_truncated,0.00218281183089968,0.00352019188309492,0.470208726994459,0.722611054658728
AT1G66410.1,Intact,0.869073192027284,0.875814688542746,211.447052955343,184.567804724533
AT1G66580.1,3'_truncated,0.0199056974997093,0.0161441676087005,8.82120647085342,6.44043019847753
AT1G66580.1,5'_truncated,0.0910434444489339,0.0834228004918745,41.9519039812564,34.1447666100882
AT1G66580.1,Both_truncated,0.000709995440421407,0.000725534682472016,0.309851438525032,0.29762388360647
AT1G66580.1,Intact,0.888340862610935,0.899707497216953,400.471757383887,367.542432358803
AT1G67090.1,3'_truncated,0.0199075053362306,0.0283633636172038,3.06438981323299,4.11129355332801
AT1G67090.1,5'_truncated,0.162546355943852,0.15968545686718,24.5871133801121,23.0491527215648
AT1G67090.1,Both_truncated,0.00360527633377277,0.00356562989210737,0.557571674089411,0.507149889023912
AT1G67090.1,Intact,0.813940862386144,0.808385549623509,124.967611779967,118.235214048866
AT1G67250.1,3'_truncated,0.0162959074792884,0.00963288766945362,2.70169966218961,1.43737132321645
AT1G67250.1,5'_truncated,0.0367554422969127,0.0286007028125763,7.12636550919827,4.34803784375271
AT1G67250.1,Intact,0.946948650223799,0.96176640951797,177.485310546993,147.083713464604
AT1G67280.1,3'_truncated,0.0353220535475038,0.0329082380338045,5.99732196247916,6.94151362946711
AT1G67280.1,5'_truncated,0.19442262441391,0.155162088933896,32.5411861383152,32.6546065269305
AT1G67280.1,Both_truncated,0.00175574981004528,0.00272926989967154,0.268782438744915,0.56845114432738
AT1G67280.1,Intact,0.768499572228541,0.809200403132628,149.24895475616,170.238140355652
AT1G67350.1,3'_truncated,0.00515041491603985,0.00500628907842732,1.56231956146196,1.28918060034856
AT1G67350.1,5'_truncated,0.0309912262033762,0.037026902255232,8.81953382483574,9.4892354767597
AT1G67350.1,Intact,0.963858358880584,0.957966808666341,267.078352399586,245.29268108186
AT1G67430.1,3'_truncated,0.0114790703981036,0.0144915740639093,7.24153942076962,6.96869788722828
AT1G67430.1,5'_truncated,0.0587642344894153,0.061872020066189,38.7015806366963,30.7361513558043
AT1G67430.1,Both_truncated,0.0193139002858215,0.0177357837086825,12.5908323003318,8.98270660216662
AT1G67430.1,Intact,0.91044279482666,0.905900622161219,586.797883347318,446.028087924513
AT1G67700.1,3'_truncated,0.0255591346460411,0.0256529317526382,7.78209676194593,8.83111295723746
AT1G67700.1,5'_truncated,0.184388651926451,0.167553709689965,53.011483783758,57.396838436248
AT1G67700.1,Both_truncated,0.00635440140603484,0.00250047963262175,1.73836527332065,0.870869832018795
AT1G67700.1,Intact,0.783697812021473,0.804292878924775,244.604141324713,277.112524244321
AT1G67740.1,3'_truncated,0.00542583995805029,0.00549770496750177,0.546262038905941,0.53380373534081
AT1G67740.1,5'_truncated,0.232694561137104,0.240206102584206,23.2213948219243,24.1451255009704
AT1G67740.1,Both_truncated,0.00175165283669909,0.00102669404517454,0.17915568141879,0.0988278424913471
AT1G67740.1,Intact,0.760711830347047,0.755786529422401,76.6707812255443,76.5900603853926
AT1G67785.1,3'_truncated,0.00646485368981449,0.0046571389163553,1.60409946909956,1.07101706032719
AT1G67785.1,5'_truncated,0.0423139139980558,0.0475892656411834,11.8095678959748,11.1209094710537
AT1G67785.1,Intact,0.95122123231213,0.947753595442461,255.983030258569,216.723674951195
AT1G67865.1,3'_truncated,0.00216576598213583,0.0028169732933236,0.858428286685234,1.03463082927174
AT1G67865.1,5'_truncated,0.0281755185150042,0.0311647457230155,10.4782050674668,11.1368222833256
AT1G67865.1,Both_truncated,0.000227634873662645,0,0.11189736415688,0
AT1G67865.1,Intact,0.969582837211639,0.966018280983661,371.194486922719,345.172171569034
AT1G68010.1,3'_truncated,0.118162635627232,0.0981639627031309,16.2359479720518,13.4833490055808
AT1G68010.1,5'_truncated,0.197762122842721,0.182502706870376,30.364843473733,24.8602567054755
AT1G68010.1,Both_truncated,0.0112159301923337,0.00463169078485376,1.59032619240528,0.655408666383979
AT1G68010.1,Intact,0.672859311337713,0.714701639641639,110.094439945245,98.6902472650871
AT1G68520.1,3'_truncated,0.10786320734867,0.0926135754512631,22.1031168911136,18.5193849312608
AT1G68520.1,5'_truncated,0.433631013438213,0.373511655246722,62.8533009428858,74.4753622920132
AT1G68520.1,Both_truncated,0.0183483878028633,0.016633944504309,2.01815968273594,2.97022895377085
AT1G68520.1,Intact,0.440157391410254,0.517240824797706,118.945356696463,110.76426033238
AT1G68560.1,3'_truncated,0.07010732967281,0.0565497636643992,13.275904423172,11.850904552703
AT1G68560.1,5'_truncated,0.57247847295417,0.590068364911158,107.612835298681,123.585934383466
AT1G68560.1,Both_truncated,0.0329115146247447,0.0323315054034976,6.24573952511591,6.86280600713884
AT1G68560.1,Intact,0.324502682748276,0.321050366020945,63.531804217418,66.1973608499034
AT1G68590.1,3'_truncated,0.0100159347179657,0.00812821703553643,1.79858132958632,1.11430200391769
AT1G68590.1,5'_truncated,0.146584875526285,0.145195151297762,25.3367448562282,19.9097239945218
AT1G68590.1,Both_truncated,0.00138207757364147,0.000923361034164358,0.271394912512275,0.116633323143469
AT1G68590.1,Intact,0.842017112182108,0.846368844655313,146.240395030383,115.831226756781
AT1G68660.1,3'_truncated,0.0166252292284139,0.0150960195564442,6.52914665104371,5.68949452992521
AT1G68660.1,5'_truncated,0.0483680535219402,0.0433040588780626,19.0069793464273,16.3295950454728
AT1G68660.1,Both_truncated,0.00105904836595314,0.002254298547893,0.391989438085265,0.82623370123502
AT1G68660.1,Intact,0.933947668883693,0.940097055866898,358.434777043285,355.613386979575
AT1G69460.1,3'_truncated,0.0355919622141899,0.0426393541475097,6.43504327227833,6.39757839576044
AT1G69460.1,5'_truncated,0.0683322935554635,0.0776653699660572,12.8802720285383,11.6822400020426
AT1G69460.1,Both_truncated,0.000670477720149403,0.00152345185124709,0.116973479435049,0.230974659774889
AT1G69460.1,Intact,0.895405266510197,0.878679641318935,165.830720132918,131.704312485751
AT1G69510.1,3'_truncated,0.016873762765658,0.0202913163526712,2.63916879666968,2.63024965164546
AT1G69510.1,5'_truncated,0.0447165026686861,0.0499902115590399,7.21666050498422,6.48549947013471
AT1G69510.1,Both_truncated,0,0.00208293544690604,0,0.25368036004238
AT1G69510.1,Intact,0.938409734565656,0.928329848457018,153.866986239862,121.739424580191
AT1G69620.1,3'_truncated,0.0106726448937831,0.014344546695323,8.91395677852476,10.1280877679466
AT1G69620.1,5'_truncated,0.0291684246994964,0.0302138326046787,25.5407428758898,22.0730412399661
AT1G69620.1,Both_truncated,0.248594031347022,0.223836829186095,221.271107932112,167.647837627825
AT1G69620.1,Intact,0.711564899059699,0.731604791513904,604.946234317877,526.095962398554
AT1G69760.1,3'_truncated,0.0300177170383032,0.0363263713305506,3.84664920917545,4.01960928167865
AT1G69760.1,5'_truncated,0.0660952497544586,0.077572356629926,8.45611309329472,8.40503093605057
AT1G69760.1,Both_truncated,0,0.00183519352548858,0,0.210877192610719
AT1G69760.1,Intact,0.903887033207238,0.884877809689198,115.964954180352,100.282149053756
AT1G69830.1,3'_truncated,0.0984721560243944,0.104520451035128,11.6707079644408,13.0668340440695
AT1G69830.1,5'_truncated,0.576795665480319,0.566250400387385,67.9205474757835,69.8754211052195
AT1G69830.1,Both_truncated,0.0346405533900152,0.0285692680443316,4.13745558926111,3.59359050381653
AT1G69830.1,Intact,0.290091625105272,0.300659880533156,35.9970402023032,38.3178314816549
AT1G70410.2,3'_truncated,0.00901487342847617,0.00408153132267954,1.39407801748008,0.504093907007847
AT1G70410.2,5'_truncated,0.801655524031641,0.815524964201856,115.332924831199,102.632145245222
AT1G70410.2,Both_truncated,0.0449774657384369,0.0355223318417647,6.32997475705294,4.52903988296742
AT1G70410.2,Intact,0.144352136801446,0.1448711726337,21.1102121558802,18.029054013068
AT1G70490.1,3'_truncated,0.0136802340738488,0.0140515439173157,1.83644252657288,1.66665246241574
AT1G70490.1,5'_truncated,0.0799100876312067,0.102823405467701,10.6369177121841,11.1905061320833
AT1G70490.1,Intact,0.906409678294944,0.883125050614984,126.66442479862,101.716216613651
AT1G70600.1,3'_truncated,0.00314394581178475,0.00330023188016997,1.99438300774187,2.15831161029848
AT1G70600.1,5'_truncated,0.0713004792700103,0.0605617355192508,44.7060978572409,40.2534085650023
AT1G70600.1,Both_truncated,0,0.000153660846430926,0,0.105438596305359
AT1G70600.1,Intact,0.925555574918205,0.936035592036292,590.340650722894,615.169202412036
AT1G70770.2,3'_truncated,0.173630593311819,0.142501985027282,20.6980307570478,17.0447659064096
AT1G70770.2,5'_truncated,0.266572664444756,0.238606378469178,31.0586731079084,29.0071668492933
AT1G70770.2,Both_truncated,0.0170520083211912,0.015388942168457,2.05676504100524,2.00984200187756
AT1G70770.2,Intact,0.542744733922234,0.603502694335084,67.3084287327231,75.1675270270663
AT1G70830.4,3'_truncated,0.022689222440988,0.0241586650909855,4.56469375056557,5.89920881790911
AT1G70830.4,5'_truncated,0.366722307630673,0.331721949116848,62.2922201666443,81.063775557429
AT1G70830.4,Both_truncated,0.00316310032660637,0.00301776632495157,0.469200154623878,0.750969695798413
AT1G70830.4,Intact,0.607425369601733,0.641101619467215,133.276149350583,158.050673796452
AT1G70890.1,3'_truncated,0.00852045229918495,0.00547132614682164,5.86978300914338,4.83105945703152
AT1G70890.1,5'_truncated,0.0644644580440003,0.0638662128452509,45.6133206210225,57.2554483373262
AT1G70890.1,Both_truncated,0.000154554255337217,0.000446827524575514,0.117552181748615,0.494139212456736
AT1G70890.1,Intact,0.92691205348659,0.930513518499736,655.995628957044,834.681976627615
AT1G71500.1,3'_truncated,0.0330667056481343,0.0334400436100167,9.56479400167605,10.2054442030816
AT1G71500.1,5'_truncated,0.148702870142772,0.138012328974376,40.9842482057879,41.5953453454539
AT1G71500.1,Both_truncated,0.00197728739192432,0.0023374709843891,0.555108032578601,0.718027081634631
AT1G71500.1,Intact,0.81625313681717,0.826210156431218,235.773975673289,250.879982807693
AT1G71695.1,3'_truncated,0.0699306666244133,0.0593267275886863,10.111460954301,8.40972365839724
AT1G71695.1,5'_truncated,0.167094561695997,0.158281155694005,23.3651601911458,22.6365385137207
AT1G71695.1,Both_truncated,0.00628896282438799,0.0058920419663643,0.906028470883749,0.778940702062494
AT1G71695.1,Intact,0.756685808855201,0.776500074750944,117.668985480241,115.746622343705
AT1G72020.1,3'_truncated,0.00529846289055543,0.00341783645012979,0.538722282116961,0.320047364528781
AT1G72020.1,5'_truncated,0.0643029222251602,0.0765113591559502,6.79828191813752,6.99463303953444
AT1G72020.1,Both_truncated,0.00124069478908189,0,0.11189736415688,0
AT1G72020.1,Intact,0.92998504995459,0.92007080439392,100.246429878415,83.2349784342384
AT1G72370.1,3'_truncated,0.0869241346582645,0.0360169809655775,14.5121492086889,12.0827404785528
AT1G72370.1,5'_truncated,0.124054041375714,0.113316196421999,35.7872590786671,37.356706242007
AT1G72370.1,Both_truncated,0.00850386228755767,0.00229581274121768,1.0232996148319,0.722257447029217
AT1G72370.1,Intact,0.780517961678464,0.848371009871206,275.131536663625,284.39903196445
AT1G72510.2,3'_truncated,0.0824356885788943,0.0794399124153686,16.8447544572628,16.0701757482346
AT1G72510.2,5'_truncated,0.0521880486154638,0.0533420544922957,10.7047339402343,10.9152261961553
AT1G72510.2,Both_truncated,0.000547382231044514,0.000737559378086188,0.113856719482399,0.146519955291186
AT1G72510.2,Intact,0.865011341318279,0.86648047371425,173.803731256734,173.407411936568
AT1G72600.2,3'_truncated,0.000387296669248645,0.00172346484752329,0.12320699934035,0.39446471192985
AT1G72600.2,5'_truncated,0.99295611377028,0.990741311798788,254.836975007166,221.757366420589
AT1G72600.2,Intact,0.00691478733997009,0.0081097116361963,1.81437175102176,1.8141359700246
AT1G72645.1,3'_truncated,0.0428497664248733,0.0470291602995751,9.75025912582307,8.35093649491386
AT1G72645.1,5'_truncated,0.040937968465899,0.041506389759064,9.33358643841933,7.54046135063037
AT1G72645.1,Both_truncated,0.123207822414639,0.0987884536603111,28.9818981918378,17.8940714626595
AT1G72645.1,Intact,0.793004442694588,0.81267599628105,183.954805455142,145.932422361536
AT1G72750.1,3'_truncated,0.0131010168557401,0.0106965191274466,1.98145589037651,1.4446576706271
AT1G72750.1,5'_truncated,0.085405359051935,0.0693891601080697,12.6600650929372,9.10944887518157
AT1G72750.1,Both_truncated,0.000861326442721792,0.00181653042688465,0.11189736415688,0.197655684982694
AT1G72750.1,Intact,0.901206515278084,0.919308810622189,133.253561469273,124.147032982307
AT1G72930.1,3'_truncated,0.0234569365527751,0.0197119051960652,4.70668139725746,3.66486900216549
AT1G72930.1,5'_truncated,0.0864540806911551,0.078138928379894,17.5389286552381,14.8417545129935
AT1G72930.1,Both_truncated,0.00118019526594558,0.00145081299434483,0.231483317359289,0.257218118217281
AT1G72930.1,Intact,0.888908787490124,0.900698353429696,182.23669393063,166.941609986076
AT1G73060.1,3'_truncated,0.0550118848389029,0.0406633643949199,6.94215145809914,5.75804810539323
AT1G73060.1,5'_truncated,0.213495993959675,0.210083787217663,27.6761230142788,29.6654087788717
AT1G73060.1,Both_truncated,0.00586574719403396,0.00765953011620218,0.740446234879603,1.0735086036529
AT1G73060.1,Intact,0.725626374007389,0.741593318271215,101.028781882843,105.171783556248
AT1G73230.1,3'_truncated,0.0101754193467098,0.0147861802479725,1.10513994987903,1.41039789651613
AT1G73230.1,5'_truncated,0.0787113231390634,0.089561686188589,8.67569977606977,8.71360709377192
AT1G73230.1,Intact,0.911113257514227,0.895652133563439,101.490744705048,86.1495002024442
AT1G73600.2,3'_truncated,0.0947798510580931,0.0845851559174695,20.1770533883415,22.9697618798797
AT1G73600.2,5'_truncated,0.286591571704767,0.282961215769994,62.8173354391933,76.6440544725145
AT1G73600.2,Both_truncated,0.0263528586842745,0.0187670483588148,5.65538276931811,5.03312231122356
AT1G73600.2,Intact,0.592275718552866,0.613686579953722,136.739032003294,167.714509484786
AT1G73655.1,3'_truncated,0.0202573201545711,0.0175113752903272,5.33759191144482,4.6825898486106
AT1G73655.1,5'_truncated,0.167373237729155,0.1516777707081,44.2274170346379,40.7833426191714
AT1G73655.1,Both_truncated,0.00224098896707276,0.00381772228036757,0.586173634058927,1.02581649085306
AT1G73655.1,Intact,0.810128453149201,0.826993131721206,214.867704911083,220.32827022003
AT1G73885.1,3'_truncated,0.0380019432469907,0.040744765962734,22.5492883861108,23.6218179413676
AT1G73885.1,5'_truncated,0.0643017179467728,0.0633017090356491,39.5172060218928,36.7421705091317
AT1G73885.1,Both_truncated,0.00200018985061723,0.00178877279589713,1.23709094484587,1.04265841918751
AT1G73885.1,Intact,0.895696148955619,0.89416475220572,535.623444676598,520.830439571168
AT1G74050.1,3'_truncated,0.0279744500638742,0.0280195409642198,8.88455549343669,7.98015251432088
AT1G74050.1,5'_truncated,0.0844444430732307,0.0701948387872093,27.6926417784415,19.8334849580158
AT1G74050.1,Both_truncated,0.000753103528993067,0.00236660355889632,0.228870843591929,0.663835369927058
AT1G74050.1,Intact,0.886828003333902,0.899419016689675,291.003664923305,258.133130433315
AT1G74060.1,3'_truncated,0.0207572923852963,0.022746565939247,7.17383877155077,6.70358347691218
AT1G74060.1,5'_truncated,0.107323189792977,0.109719205799312,37.4421348325713,32.3320790978278
AT1G74060.1,Both_truncated,0.00133827833508345,0.00137119993543744,0.455426877929597,0.406617251709777
AT1G74060.1,Intact,0.871027332265004,0.866163028326004,301.608628385857,256.589041831721
AT1G74270.1,3'_truncated,0.00532267125293121,0.00339141787245225,1.50064843605606,0.8974896510896
AT1G74270.1,5'_truncated,0.0484590509921545,0.0462573901843799,13.7074858814866,12.2690495869607
AT1G74270.1,Both_truncated,0.0003382949932341,0.000481463649494463,0.115816074807919,0.116633323143469
AT1G74270.1,Intact,0.94610551275717,0.950190704060003,263.880952046405,250.947230982281
AT1G74470.1,3'_truncated,0.0189929158678956,0.0233778420804069,10.2016622816662,13.1790487192519
AT1G74470.1,5'_truncated,0.409439924188501,0.304855652522598,156.550498061641,169.12222670564
AT1G74470.1,Both_truncated,0.00303146016354703,0.00386449309410013,1.47084223724904,2.1158134152109
AT1G74470.1,Intact,0.568535699780056,0.667902012302895,334.04451631824,374.602591770677
AT1G74560.1,3'_truncated,0.0684397614112509,0.058367604870592,13.9993809215785,9.59471717347915
AT1G74560.1,5'_truncated,0.0905846117357168,0.0929629979720806,18.2116855839136,15.1104102197812
AT1G74560.1,Both_truncated,0.00401353055254276,0.00237639927981123,0.845101506760602,0.464241306061826
AT1G74560.1,Intact,0.83696209630049,0.847085130970786,165.378724507275,141.107331402643
AT1G74670.1,3'_truncated,0.00467243198677588,0.00378336285054439,3.99931790859935,3.09699377528018
AT1G74670.1,5'_truncated,0.0554380601035674,0.0613418706752103,50.1605945034999,50.3574313005285
AT1G74670.1,Both_truncated,0.000468896530165677,0.000137830627138377,0.335692092470639,0.107730582817408
AT1G74670.1,Intact,0.939733209066268,0.934782879389486,835.069123981215,764.942654466471
AT1G74880.1,3'_truncated,0.00826750170522525,0.0101044880274628,1.30877904933666,1.45080366190532
AT1G74880.1,5'_truncated,0.092367123227804,0.0820039772741703,15.1530359596059,11.7971685303632
AT1G74880.1,Both_truncated,0.00219294703498004,0.00102043998766656,0.345844323026979,0.148047946299219
AT1G74880.1,Intact,0.897172428031991,0.9068710947107,146.521525697478,130.384054579957
AT1G75350.1,3'_truncated,0.00529258385701707,0.00619267835872003,2.18258451411295,2.40710302497268
AT1G75350.1,5'_truncated,0.0509390357742981,0.0510321505166082,24.4835611897178,19.6147632378793
AT1G75350.1,Both_truncated,0.000323101777059774,0,0.12320699934035,0
AT1G75350.1,Intact,0.943660679776332,0.942775171124672,433.585780868876,356.738928161212
AT1G75380.2,3'_truncated,0.0798891534444095,0.077263576285702,39.8181283657203,45.389414545723
AT1G75380.2,5'_truncated,0.147284851602075,0.139335190172184,74.4048990694737,81.0589997176981
AT1G75380.2,Both_truncated,0.00608049330107449,0.0047419065957836,2.96439741328577,2.89589447340582
AT1G75380.2,Intact,0.766745501652441,0.778659326946331,412.099801337961,462.146176092575
AT1G75630.1,3'_truncated,0.01075357779639,0.00961273540657423,2.05299516261075,1.81701514822591
AT1G75630.1,5'_truncated,0.0713934098632026,0.0798077753342726,13.6988574646914,15.2709609796977
AT1G75630.1,Both_truncated,0.000923045432741511,0.000526961897448178,0.173500863827055,0.105438596305359
AT1G75630.1,Intact,0.91723764871858,0.910228181327521,175.700625472776,173.581379154264
AT1G75750.1,3'_truncated,0.00553675668740779,0.00336154636994081,0.453467522604078,0.351638791499287
AT1G75750.1,5'_truncated,0.0569312206505898,0.0482727209295252,5.20881546584628,5.75066448741172
AT1G75750.1,Intact,0.939377608224472,0.948365732700534,103.37289032545,112.443217915069
AT1G75800.1,3'_truncated,0.0966130114526421,0.0525986062579336,6.94815605811225,6.99226172428302
AT1G75800.1,5'_truncated,0.282001733674069,0.174948616249277,21.1873366929281,23.1149650842327
AT1G75800.1,Both_truncated,0.00822001788964879,0.0109072965135577,1.01255205524936,1.404285932484
AT1G75800.1,Intact,0.61316523698364,0.761545480979232,82.8200494824124,102.531216798105
AT1G75840.1,3'_truncated,0.0370025619824138,0.0363801465432958,5.00256389262129,4.54943898868352
AT1G75840.1,5'_truncated,0.10944645441249,0.105843137803174,14.9002531895484,12.8862133811551
AT1G75840.1,Both_truncated,0.00143018885429754,0.000840036869448634,0.196647837484472,0.11434133663142
AT1G75840.1,Intact,0.852120794750798,0.857216691073898,115.484185230617,104.210306345007
AT1G76160.1,3'_truncated,0.128881746866517,0.0914932720935987,13.6971266414486,12.5652024643087
AT1G76160.1,5'_truncated,0.327367685306145,0.299644347371685,36.6566366832568,41.0452918891398
AT1G76160.1,Both_truncated,0.0101675302529901,0.0120783340060321,1.01284971976246,1.67014158530521
AT1G76160.1,Intact,0.533583037574348,0.596784046528684,79.2176083932599,81.0492750389427
AT1G76180.1,3'_truncated,0.0164649118943665,0.017164728838897,5.0037681314588,4.78240379191401
AT1G76180.1,5'_truncated,0.262882745361397,0.250077179498964,80.4383915265958,69.681262938434
AT1G76180.1,Both_truncated,0.00116274663648999,0.000913644902270689,0.355996553583318,0.254162136201217
AT1G76180.1,Intact,0.719489596107746,0.731844446759869,218.134819139063,202.98175132834
AT1G76200.1,3'_truncated,0.00839072686037055,0.0132580000624749,0.788757326935601,1.31771604530301
AT1G76200.1,5'_truncated,0.0476204510998533,0.0463621987803308,4.73533019143735,4.58880166851114
AT1G76200.1,Both_truncated,0,0.00116144018583043,0,0.112049350119372
AT1G76200.1,Intact,0.943988822039776,0.939992654428584,92.1267136285167,92.6185290892009
AT1G76450.1,3'_truncated,0.0294122289135125,0.0315971898699249,8.9212321242259,8.10619864181949
AT1G76450.1,5'_truncated,0.173378791190488,0.174343243170263,53.5694536582553,44.7955918697617
AT1G76450.1,Both_truncated,0.00369189876782949,0.00754647234963865,1.19863441883311,1.95568431741608
AT1G76450.1,Intact,0.79351708112817,0.786513094610173,240.430173596507,202.684914602245
AT1G76670.1,3'_truncated,0.0742589035480504,0.0715745829657646,11.1316744370256,11.2325601165548
AT1G76670.1,5'_truncated,0.128206126882144,0.123016081325709,19.2617324270155,19.1141296466913
AT1G76670.1,Both_truncated,0.00490219169860392,0.00276125679234926,0.735518951857983,0.448727811921753
AT1G76670.1,Intact,0.792632777871201,0.803568497846961,118.599007516464,126.37798239314
AT1G77350.1,3'_truncated,0.00854029188337061,0.00671218537113258,1.12534241294554,0.658287844585288
AT1G77350.1,5'_truncated,0.0303357230646312,0.029411360863621,3.47190526166586,3.30734055644664
AT1G77350.1,Both_truncated,0,0.000926899147269737,0,0.11434133663142
AT1G77350.1,Intact,0.961123985051998,0.9632585210004,115.199786902112,106.989139165563
AT1G77710.1,3'_truncated,0.00344031565252726,0.00318526429584756,1.00907984136797,0.904952802315006
AT1G77710.1,5'_truncated,0.0211057031275616,0.0214546139939059,7.03272220798765,6.10338665029392
AT1G77710.1,Both_truncated,0.00163832550908027,0.00134850258837646,0.515345269682164,0.403561269693712
AT1G77710.1,Intact,0.973815655710831,0.97401161912187,327.360445219654,280.70534035634
AT1G77940.1,3'_truncated,0.00673319794948701,0.00758591186360657,2.9533854426154,2.51168922386665
AT1G77940.1,5'_truncated,0.027496652651834,0.0299997900211039,12.7694164901772,10.0345784734001
AT1G77940.1,Both_truncated,0.000738321759116183,0.000459827391388161,0.306081560130542,0.154852517551033
AT1G77940.1,Intact,0.965031827639563,0.962107746521031,428.484752735456,319.259701584524
AT1G78020.1,3'_truncated,0.0271999476932041,0.00988493460611275,2.74990875619943,2.14185731683963
AT1G78020.1,5'_truncated,0.070808807625757,0.0611713589919296,11.0690906454403,13.4472756873245
AT1G78020.1,Both_truncated,0.00115207373271889,0,0.335692092470639,0
AT1G78020.1,Intact,0.901607220103466,0.928943706401958,171.862534502438,204.308985154552
AT1G78040.1,3'_truncated,0.0110135048708764,0.0114738305112544,16.1577090105025,16.1928304324236
AT1G78040.1,5'_truncated,0.0634714444100453,0.0662445652333513,97.2213744767208,94.1007152633676
AT1G78040.1,Both_truncated,0.000163441192980804,0.000279892610425659,0.233946958870099,0.39186775307372
AT1G78040.1,Intact,0.925351609526098,0.922001711644969,1369.17725264354,1301.96077684461
AT1G78370.1,3'_truncated,0.0121885258456882,0.0122075550056664,16.2435564734617,16.3701890934285
AT1G78370.1,5'_truncated,0.131635063503753,0.123806108225253,178.354348969095,169.013057223046
AT1G78370.1,Both_truncated,0.000639209482982162,0.000530233786227388,0.860032188082012,0.719378268827908
AT1G78370.1,Intact,0.855537201167577,0.863456102982853,1127.43666701008,1164.86612323739
AT1G78380.1,3'_truncated,0.0145599148544147,0.016165849922421,14.9036234053836,16.7616237056288
AT1G78380.1,5'_truncated,0.0919371971507638,0.0821753129463667,94.4927416464947,85.7723915703414
AT1G78380.1,Both_truncated,0.000605001058120744,0.000615130696414324,0.615932998655574,0.646029889274937
AT1G78380.1,Intact,0.892897886936701,0.901043706434798,910.142521144192,937.598699987733
AT1G78630.1,3'_truncated,0.0305546127663997,0.0425775454936168,6.44962945487626,7.68498614679403
AT1G78630.1,5'_truncated,0.0652559426216707,0.071660004501733,14.0931700416564,13.4467793031263
AT1G78630.1,Both_truncated,0.00216555366978557,0,0.425667513332951,0
AT1G78630.1,Intact,0.902023890942144,0.88576245000465,196.345083562268,166.86888614516
AT1G78850.1,3'_truncated,0.0299639441895267,0.0329962306756807,6.35218302184588,8.39092059818135
AT1G78850.1,5'_truncated,0.26925284257138,0.210640643818543,41.0335662539002,53.279353385644
AT1G78850.1,Both_truncated,0.0104457040938931,0.00945505142996375,1.32893467819279,2.36058529555136
AT1G78850.1,Intact,0.6903375091452,0.746908074075813,157.874122145178,189.63807092793
AT1G78900.1,3'_truncated,0.0561487659666383,0.0611946735300087,13.658488029754,15.7618625951562
AT1G78900.1,5'_truncated,0.470597175515996,0.389809176395478,98.4000994672969,99.9645161851154
AT1G78900.1,Both_truncated,0.0112587196029693,0.0110736486446501,2.63173103792688,2.82293372872845
AT1G78900.1,Intact,0.461995338914397,0.537922501429863,118.088373260914,139.742093601152
AT1G79010.1,3'_truncated,0.0145670680908416,0.0185311397970678,2.570553243501,3.17549056654761
AT1G79010.1,5'_truncated,0.0951663154815594,0.104322939333664,16.7092979949893,17.6095104292023
AT1G79010.1,Both_truncated,0.00113117793708521,0.00150171567409725,0.196647837484472,0.25368036004238
AT1G79010.1,Intact,0.889135438490514,0.876144777086537,155.437998137807,149.484274688496
AT1G79040.1,3'_truncated,0.00344782352645439,0.00328965281560686,62.5304868307233,65.8033355673897
AT1G79040.1,5'_truncated,0.0434753860366527,0.0461548985665176,771.4434804873,927.812536758806
AT1G79040.1,Both_truncated,0.000112223416652187,0.000104098218822377,2.04414916893809,2.03056068797709
AT1G79040.1,Intact,0.952964567020241,0.950451350399053,17037.6012262809,19087.0185629281
AT1G79520.1,3'_truncated,0.00074659486690054,0.000832528746468371,0.235104363497229,0.22868267326284
AT1G79520.1,5'_truncated,0.99612930447034,0.993595787398117,464.483718521204,338.20029862473
AT1G79520.1,Both_truncated,0.00169592766015344,0.00235317209434924,0.589943512453417,0.805771352194148
AT1G79520.1,Intact,0.00167703795823903,0.00349602134322179,0.443061836165172,1.02293731265175
AT1G79550.1,3'_truncated,0.0349206833827167,0.0302236782375213,8.71851317987779,7.78746843723789
AT1G79550.1,5'_truncated,0.18090736574275,0.174782370383248,45.4675949522863,44.7253272408956
AT1G79550.1,Both_truncated,0.00173424358091604,0.00226401927831865,0.424361276449271,0.577265482746063
AT1G79550.1,Intact,0.782437707293618,0.792729932100912,207.255621453947,205.113172349007
AT1G80180.1,3'_truncated,0.00545108316050283,0.00414371919968169,0.623621587701103,0.623606408352625
AT1G80180.1,5'_truncated,0.0502472324789165,0.05758108310828,7.04787046618652,8.38336017638508
AT1G80180.1,Both_truncated,0.0011441647597254,0,0.223794728313759,0
AT1G80180.1,Intact,0.943920296107339,0.938275197692038,146.763440415103,140.594228616075
AT2G01008.1,5'_truncated,0.997239475500345,0.996713010817481,52.3167414834032,53.5378868073916
AT2G01008.1,Both_truncated,0.0082815734989648,0.00328698918251897,0.447589456627519,0.179462569454969
AT2G01110.1,3'_truncated,0.0370319847261826,0.0250114400221725,3.59104471809862,2.62064856472386
AT2G01110.1,5'_truncated,0.136822308391565,0.13124997786705,12.8956378636146,13.5976613306381
AT2G01110.1,Both_truncated,0.00355239786856128,0.0034965034965035,0.231632149615838,0.336148050358115
AT2G01110.1,Intact,0.824961574259399,0.842573080945277,83.7995658448899,88.0445468302349
AT2G01250.1,3'_truncated,0.0221847182891137,0.0223437278936188,15.633355334106,13.4631429935986
AT2G01250.1,5'_truncated,0.0814950038807347,0.0763105562240102,58.9550817483489,45.6740949892364
AT2G01250.1,Both_truncated,0.000496031891514421,0.00178098185283751,0.354690316699638,1.04077682054997
AT2G01250.1,Intact,0.895824245938637,0.899564734029534,632.095208089694,542.487032617153
AT2G01670.1,3'_truncated,0.105166748386005,0.100017291736405,15.9395366545123,10.0972375834812
AT2G01670.1,5'_truncated,0.124576047771249,0.146801870311551,19.6231473568301,14.6127589269315
AT2G01670.1,Both_truncated,0.00328779547644691,0.00216394058409119,0.690977738196475,0.212405183618751
AT2G01670.1,Intact,0.768065340191781,0.751016897367953,112.83654828151,75.7798933427409
AT2G01850.1,3'_truncated,0.236525800079259,0.136128188236315,28.6424476290639,23.4748475168851
AT2G01850.1,5'_truncated,0.151931879441313,0.151812305559335,26.9527560028485,25.5194907740606
AT2G01850.1,Both_truncated,0.0139466997014167,0.0158918673102103,1.77305192093892,2.71397438787124
AT2G01850.1,Intact,0.597595620778011,0.69616763889414,117.772007297222,118.110077852695
AT2G02100.1,3'_truncated,0.0021759585309462,0.00353089167605148,0.633624986000893,0.991910324371605
AT2G02100.1,5'_truncated,0.0276740394985919,0.032164691211823,8.15360574509175,8.93851027984054
AT2G02100.1,Intact,0.970150001970462,0.964304417112126,290.321248810737,267.347644843586
AT2G02130.1,3'_truncated,0.00252951096121417,0.00097016082388471,0.335692092470639,0.11434133663142
AT2G02130.1,5'_truncated,0.0633131376316462,0.0607216741766312,8.76436063042297,7.6310392933934
AT2G02130.1,Intact,0.935843692047949,0.938631551940779,129.758206596467,119.366193565761
AT2G02510.1,3'_truncated,0.00105014536416995,0,0.113856719482399,0
AT2G02510.1,5'_truncated,0.0655178621895385,0.0731858476122328,6.37224799567056,5.83775330728527
AT2G02510.1,Intact,0.933782040901015,0.926814152387767,88.4418170724979,73.4922028741072
AT2G02760.1,3'_truncated,0.0290117473180287,0.0320589281179476,5.05804833233226,5.49492885420467
AT2G02760.1,5'_truncated,0.056311344149699,0.0481581209374376,9.76061535247176,8.26405850610116
AT2G02760.1,Both_truncated,0.00109939441690869,0.00127632418634333,0.173500863827055,0.224098700238744
AT2G02760.1,Intact,0.913943978921,0.919357509549167,157.949899389856,157.198939591127
AT2G03440.1,3'_truncated,0.014709058007063,0.0128916010931746,4.20833078784825,4.4196929072346
AT2G03440.1,5'_truncated,0.0567545418815681,0.064597109185868,15.9700091647368,21.9576455435259
AT2G03440.1,Both_truncated,0.000676693682460515,0.000309894218551278,0.171764756886359,0.107730582817408
AT2G03440.1,Intact,0.928085270989729,0.922304693575257,279.853728922151,315.955274991608
AT2G04030.1,3'_truncated,0.0972194377030123,0.0837771592610208,15.3835378661648,13.9733603433903
AT2G04030.1,5'_truncated,0.468838885253862,0.434647233172887,79.6086074043869,72.0756554021725
AT2G04030.1,Both_truncated,0.0280655509357453,0.0315843847734957,4.40512745758927,5.18579973654467
AT2G04030.1,Intact,0.40587612610738,0.449991222792597,78.333186636135,77.8355437220482
AT2G04039.1,3'_truncated,0.069513498455779,0.0565934829851749,11.159612323348,7.50900122147682
AT2G04039.1,5'_truncated,0.0492664713255675,0.0472046735308852,7.88792911109421,6.37997226741745
AT2G04039.1,Both_truncated,0.00502092050209205,0.00362434598862479,0.671384184941278,0.459657333037729
AT2G04039.1,Intact,0.87954639005129,0.893785612824857,140.130121629164,119.13463879089
AT2G04520.1,3'_truncated,0.0232486302191649,0.0256498542812125,3.02436263924871,2.85122431537595
AT2G04520.1,5'_truncated,0.0548722593273965,0.0555764221963646,7.32748055214961,6.43033272735775
AT2G04520.1,Both_truncated,0.000882792086599478,0.00137001887477653,0.113856719482399,0.161463271365045
AT2G04520.1,Intact,0.921290582395705,0.917860377605905,116.443885768182,105.529913422654
AT2G04700.2,3'_truncated,0.0585868099473287,0.0589555581701557,10.828354182919,8.76427565534393
AT2G04700.2,5'_truncated,0.0287755713293467,0.0229524599740323,5.15557709076866,3.76312092721477
AT2G04700.2,Both_truncated,0.00150327321540526,0.00135732855464998,0.275015958650216,0.212405183618751
AT2G04700.2,Intact,0.911134345507919,0.916734653301162,173.900907536214,140.485472712364
AT2G05070.1,3'_truncated,0.00982493152616557,0.0123817775523323,1.6647287687096,2.22764045551771
AT2G05070.1,5'_truncated,0.243650636276389,0.20086175099963,29.6935831972484,34.6749946127023
AT2G05070.1,Both_truncated,0.00545699226387873,0.00209114984177782,0.913270563159631,0.331917684963529
AT2G05070.1,Intact,0.741067439933567,0.784665321606259,128.097927988813,138.857139435205
AT2G05100.1,3'_truncated,0.0128581043779867,0.0120229097172095,5.64726959391347,6.80186942920755
AT2G05100.1,5'_truncated,0.260238585908091,0.196878139757106,78.4581483348351,109.009199367331
AT2G05100.1,Both_truncated,0.00360485190780867,0.00140029830432352,0.969317078471532,0.759607230402341
AT2G05100.1,Intact,0.723298457806113,0.789698652221362,335.864306783127,443.951885442949
AT2G05220.1,3'_truncated,0.0122870748199825,0.0212307338309928,1.53327110472279,2.19530778604209
AT2G05220.1,5'_truncated,0.0507700953310543,0.0657131710819077,6.46670420278485,6.77390990169518
AT2G05220.1,Both_truncated,0.00106745641361972,0.00196656833824975,0.117552181748615,0.224098700238744
AT2G05220.1,Intact,0.936231192239883,0.912400572307683,117.566530368565,97.232475986384
AT2G05310.1,3'_truncated,0.0159184398373313,0.0132404832809058,4.38059304052734,3.01195187910722
AT2G05310.1,5'_truncated,0.393342010917194,0.376114595096387,107.348889487926,85.8491284384534
AT2G05310.1,Both_truncated,0.0195180949742484,0.0173546058541503,5.52493367770188,3.96345643808964
AT2G05310.1,Intact,0.571221454271226,0.593290315768557,159.157463613929,135.306169808604
AT2G05380.3,3'_truncated,0.00119760479041916,0.000686106346483705,0.559486820784398,0.224098700238744
AT2G05380.3,5'_truncated,0.950032427015865,0.975220267794391,327.793920362341,410.695554727781
AT2G05380.3,Both_truncated,0.0438900973489939,0.0158834723336808,5.81950993618203,6.12643155465611
AT2G05380.3,Intact,0.00851741105750267,0.00866755775643362,4.01313913838919,3.56739234686742
AT2G05520.1,3'_truncated,0.0135442662100528,0.00705694744805747,9.7761821051747,9.48287865442063
AT2G05520.1,5'_truncated,0.131966994963837,0.100607252335049,112.225382638658,136.479900273505
AT2G05520.1,Both_truncated,0.000789241513853115,0.000257392876805557,0.381986039785475,0.363509111934035
AT2G05520.1,Intact,0.853699497312257,0.892078407340088,1086.26550431937,1220.04199313939
AT2G05620.1,3'_truncated,0.00462759971637735,0.00738791030933772,1.05929249933384,1.51018929132515
AT2G05620.1,5'_truncated,0.0577211369512321,0.0605187202225162,13.1393487334965,12.5732981087166
AT2G05620.1,Both_truncated,0.00066006600660066,0.000494446980069983,0.11189736415688,0.105438596305359
AT2G05620.1,Intact,0.93743124133019,0.9317637381481,210.326345566229,192.392464287665
AT2G05990.1,3'_truncated,0.0811148871075228,0.0641938085629031,10.9664034463197,10.5474933864109
AT2G05990.1,5'_truncated,0.154622219664241,0.148254703825489,21.7360133013641,23.9213689296094
AT2G05990.1,Both_truncated,0.00453229622074662,0.00311065997035766,0.661929281457311,0.514436236434563
AT2G05990.1,Intact,0.75973059700749,0.78444082764125,115.107577226924,128.397972812693
AT2G06050.1,3'_truncated,0.0379358354653641,0.035907467365608,4.09679983282538,4.96264163112018
AT2G06050.1,5'_truncated,0.261229043073024,0.185829292800408,22.4244389807887,24.8529977177267
AT2G06050.1,Both_truncated,0.00996196264055926,0.0114780228089265,0.612311952517633,1.40563711967728
AT2G06050.1,Intact,0.690873158821052,0.766785217025057,80.605292650487,104.521130947223
AT2G06850.1,3'_truncated,0.0432336362202317,0.0352658769410211,19.0037882028846,16.7522223800253
AT2G06850.1,5'_truncated,0.134940387181244,0.143480788495997,61.9986971420512,68.5223423206787
AT2G06850.1,Both_truncated,0.00396372072353395,0.00386408981850095,1.76591182670921,1.84960415476018
AT2G06850.1,Intact,0.817862255874991,0.817389244744481,395.598861307136,387.431864990285
AT2G07671.1,3'_truncated,0.00353364210469617,0.00416760432634304,5.64527737297214,5.32236499728475
AT2G07671.1,5'_truncated,0.111907648282914,0.106690749223922,173.542228444002,136.82044442333
AT2G07671.1,Both_truncated,0.000191784782536489,0.000137513751375138,0.296931111552228,0.197655684982694
AT2G07671.1,Intact,0.884430853090699,0.88909580853261,1443.75498759344,1144.52583843677
AT2G07698.1,5'_truncated,0.853154630357829,0.869069585537998,96.3695724159398,94.2126432870791
AT2G07698.1,Both_truncated,0.146845369642171,0.130930414462002,15.6938848734402,14.2618162809486
AT2G07741.1,3'_truncated,0.00680219609326595,0.00390580410971642,0.838272657829104,0.474030471045374
AT2G07741.1,5'_truncated,0.909292172151229,0.925444402983407,121.477517500054,111.801902198301
AT2G07741.1,Both_truncated,0.0272875562657633,0.0263436197949342,3.65884736536364,3.20157997417415
AT2G07741.1,Intact,0.0566180754897417,0.0443061731119424,7.31394676274332,5.32865376513163
AT2G09990.1,3'_truncated,0.00471099617638878,0.00368360043150168,1.48843222654819,1.06469426523422
AT2G09990.1,5'_truncated,0.0265156959421649,0.0273318544031218,8.50541917693619,7.92471169715831
AT2G09990.1,Both_truncated,0,0.000337495781302734,0,0.0988278424913471
AT2G09990.1,Intact,0.968773307881446,0.968872046571609,307.414037851338,280.512155713281
AT2G13360.1,3'_truncated,0.0271975729929343,0.0243841489373148,10.8634344012415,10.3895702788045
AT2G13360.1,5'_truncated,0.370975463405456,0.292256472347454,125.047686576194,125.51850514439
AT2G13360.1,Both_truncated,0.00495364487179541,0.00664949734271675,2.23683146156115,2.88647019029898
AT2G13360.1,Intact,0.596873318729815,0.676709881372514,261.647591406455,293.749142582652
AT2G14170.1,5'_truncated,0.854909484760444,0.862957944200433,61.1601968963285,65.7084441418478
AT2G14170.1,Both_truncated,0.145090515239556,0.137042055799567,9.85090201863228,10.5088494005941
AT2G14247.1,3'_truncated,0.00120590552257318,0.00388584464665301,0.155578837704356,0.327510515754188
AT2G14247.1,5'_truncated,0.0274632458982453,0.0242187694903976,3.67050149927058,2.12633254845237
AT2G14247.1,Intact,0.971330848579182,0.971895385862949,123.57696510386,89.5219838350079
AT2G14750.1,3'_truncated,0.0301525964514616,0.0288813842477703,5.5672069163195,4.89009147882184
AT2G14750.1,5'_truncated,0.229085613372806,0.23135428106028,41.0811710678023,39.4369360555755
AT2G14750.1,Both_truncated,0.00347633121183566,0.00389531701089333,0.589943512453417,0.656372218701652
AT2G14750.1,Intact,0.737285458963897,0.735869017681056,128.967604418695,124.80494448214
AT2G14900.1,3'_truncated,0.00793826788430134,0.00464609452416672,0.813738240767176,0.482844809464057
AT2G14900.1,5'_truncated,0.0465442023348122,0.0469035556737397,5.08519522316155,4.72864522107984
AT2G14900.1,Intact,0.945517529780886,0.948450349802094,102.148864851917,95.0674335343551
AT2G15050.1,3'_truncated,0.00923095939221097,0.00950659594549523,1.05899483482075,1.53679763164424
AT2G15050.1,5'_truncated,0.063910940579849,0.0600105270864977,7.83006111750807,9.20654896534671
AT2G15050.1,Both_truncated,0,0.000957395883197702,0,0.197655684982694
AT2G15050.1,Intact,0.92685810002794,0.930163745006941,111.130178337316,138.262605550835
AT2G15890.1,3'_truncated,0.0163760699135475,0.0123350752233243,19.5628867041244,13.7597922551447
AT2G15890.1,5'_truncated,0.0981310124898891,0.101913578278744,118.280781439759,113.263238108236
AT2G15890.1,Both_truncated,0.0012047947331656,0.000939011997784327,1.40905553301186,0.940774594680097
AT2G15890.1,Intact,0.884288122863398,0.884812334500147,1074.54582894806,1012.39595327003
AT2G15960.1,3'_truncated,0.00276699396756249,0.00222151985325174,1.58786255089447,1.21583222079559
AT2G15960.1,5'_truncated,0.0415148217238827,0.0443043196526811,24.1166757332255,23.71982500811
AT2G15960.1,Both_truncated,0,0.000191514429690496,0,0.105438596305359
AT2G15960.1,Intact,0.955718184308555,0.953346484207607,548.971545382948,517.396239307937
AT2G16280.1,3'_truncated,0.0712136136825248,0.0571220907136865,8.47331174966002,7.06842122754511
AT2G16280.1,5'_truncated,0.273796190849348,0.251327254465161,32.5637502448464,30.4995957569551
AT2G16280.1,Both_truncated,0.00627302371396766,0.0131635531483248,0.736974020998212,1.61207311583256
AT2G16280.1,Intact,0.64871717175416,0.678387101672828,77.0704237614795,82.463452422653
AT2G16600.1,3'_truncated,0.00927177190079056,0.00891657173413926,22.6403305565688,18.5783077947196
AT2G16600.1,5'_truncated,0.0471993677998858,0.0491224354688695,119.347093357494,103.708859555359
AT2G16600.1,Both_truncated,0.000590039338671847,0.000609115160870051,1.60806501396097,1.29358776955791
AT2G16600.1,Intact,0.942938820960652,0.941351877636121,2299.50850634902,1978.29501532444
AT2G17360.1,3'_truncated,0.0127536199298892,0.00965640937265921,3.87495350463187,2.56052169279891
AT2G17360.1,5'_truncated,0.178312990352178,0.192025374243857,55.277494477989,51.1358075639007
AT2G17360.1,Both_truncated,0.00140352463480027,0.00135939335536654,0.430594796354571,0.367739477328621
AT2G17360.1,Intact,0.807529865083132,0.796958823028117,247.194166202729,213.9610815082
AT2G17380.1,3'_truncated,0.0350705211448919,0.036325598828482,4.76750636333444,4.84044971289227
AT2G17380.1,5'_truncated,0.0536148594307464,0.0408247735803833,7.63894947285653,5.33594011254229
AT2G17380.1,Both_truncated,0.0018001800180018,0.00232457362181571,0.223794728313759,0.340732023382212
AT2G17380.1,Intact,0.910714559418361,0.921299911843258,124.883094791159,122.243259664334
AT2G17390.1,3'_truncated,0.0357583350118386,0.0328025815223405,6.10338546929001,6.44718613444391
AT2G17390.1,5'_truncated,0.165316219676742,0.134279670953113,26.499421881755,26.7409160261957
AT2G17390.1,Both_truncated,0.00155158772032457,0.00314038281129884,0.307238964757672,0.621901613529837
AT2G17390.1,Intact,0.797373857591095,0.829777364713248,150.512312273309,167.970212635096
AT2G17560.1,3'_truncated,0.00378208008847545,0.00761923608136415,0.542640992768,0.821085289520564
AT2G17560.1,5'_truncated,0.0567137883885557,0.0577118280773163,8.71737544789081,6.30336855353928
AT2G17560.1,Both_truncated,0.00117096018735363,0.000987166831194472,0.231632149615838,0.0988278424913471
AT2G17560.1,Intact,0.939113811460518,0.934339880230921,132.712049257411,102.476851237333
AT2G18020.1,3'_truncated,0.0256467165530954,0.0216164890432043,6.53745247952597,7.49040899232178
AT2G18020.1,5'_truncated,0.089196337519044,0.0768236042292066,24.7286349224706,26.0555455965785
AT2G18020.1,Both_truncated,0.00102779658441276,0.000453349944629014,0.352077842932279,0.166047244389142
AT2G18020.1,Intact,0.884129149343448,0.90125767343117,321.027929005338,315.416202239222
AT2G18040.1,3'_truncated,0.00997812423651734,0.0143385938600126,2.13688589582432,2.67221743528877
AT2G18040.1,5'_truncated,0.0574456657055375,0.0544171618253104,12.724990855347,10.2057800733841
AT2G18040.1,Both_truncated,0.000552858035671362,0.000577034045008656,0.119511537074134,0.116633323143469
AT2G18040.1,Intact,0.932207638034164,0.931051899633007,202.32048872647,175.108819647588
AT2G18050.2,3'_truncated,0.00495642701525055,0.00417607293635279,0.627391466095593,0.517315414635872
AT2G18050.2,5'_truncated,0.0390084777872502,0.0474475479288328,4.83772581789989,5.68762441003937
AT2G18050.2,Both_truncated,0.00072463768115942,0,0.115816074807919,0
AT2G18050.2,Intact,0.95579354930378,0.948376379134814,120.367686610899,117.36655329048
AT2G18740.2,3'_truncated,0.00512779884692357,0.00540821715593817,0.738280257881892,0.577088678931307
AT2G18740.2,5'_truncated,0.0368821349150379,0.0352269834455948,4.35736486034909,3.67752607110316
AT2G18740.2,Both_truncated,0.0025349977436352,0.00393691685244819,0.343529513772718,0.41311685061751
AT2G18740.2,Intact,0.956300067742282,0.956740188163502,115.723384452755,99.4829991963322
AT2G19310.1,3'_truncated,0.00453847182437013,0.00213494351589396,0.698219830472356,0.263153278434655
AT2G19310.1,5'_truncated,0.119089499849916,0.141735071168259,17.8210627977075,17.8029989921152
AT2G19310.1,Both_truncated,0.0010487676979549,0.000820197102149077,0.231632149615838,0.105438596305359
AT2G19310.1,Intact,0.876022439093062,0.855583187247748,135.201199427237,107.420066528381
AT2G19730.2,3'_truncated,0.00652448484288137,0.00735877878754006,10.2944571857775,9.3830417536138
AT2G19730.2,5'_truncated,0.0255021625574807,0.0320307490561558,42.8121650892306,41.2650122272388
AT2G19730.2,Both_truncated,0.000184282176551676,0.000511968834621079,0.307387797014222,0.655021031508375
AT2G19730.2,Intact,0.967789070423086,0.960098503321683,1584.86724793276,1233.18065655256
AT2G19740.1,3'_truncated,0.00664849254271503,0.00570185743998065,1.88509811735235,1.38033446055366
AT2G19740.1,5'_truncated,0.0303643546790701,0.0290055344295369,8.83130353757396,7.03845987332092
AT2G19740.1,Both_truncated,0,0.000450653447498873,0,0.112049350119372
AT2G19740.1,Intact,0.962987152778215,0.96514239031465,273.762385658258,233.861718408632
AT2G19760.1,3'_truncated,0.00475792917074036,0.00390534444046417,0.806049651721647,0.691019627688222
AT2G19760.1,5'_truncated,0.115030313793759,0.100348689739038,21.3703608615938,18.1490270149479
AT2G19760.1,Both_truncated,0,0.000611308620475172,0,0.109170171918063
AT2G19760.1,Intact,0.880211757035501,0.895134657200022,159.764309580386,160.548082197145
AT2G19830.2,3'_truncated,0.044287913836752,0.0497925407910105,8.62254148862779,8.01213157616699
AT2G19830.2,5'_truncated,0.0885985963149973,0.0913876489845623,17.303193471519,14.83274748985
AT2G19830.2,Both_truncated,0.00068259385665529,0.000665124144714032,0.11189736415688,0.107730582817408
AT2G19830.2,Intact,0.866885958562699,0.858376394127951,167.173308654889,139.611284211008
AT2G20260.1,3'_truncated,0.00492900381545153,0.00502993987899695,5.9582701074402,5.86395146423438
AT2G20260.1,5'_truncated,0.036973563286589,0.0387301377531711,47.6897579058435,46.6986168686366
AT2G20260.1,Both_truncated,0.000520758540427045,0.000286400891369297,0.746926420274915,0.378646245445695
AT2G20260.1,Intact,0.957750260537675,0.955953521476463,1222.24532541844,1154.67942375763
AT2G20270.1,3'_truncated,0.0137958985974541,0.0114778325072431,2.83510572629667,1.86165127900968
AT2G20270.1,5'_truncated,0.0769276957213436,0.0765311499422472,15.8533666032401,12.4939575841967
AT2G20270.1,Both_truncated,0.0013081731487695,0.00142251036656959,0.285621476368758,0.22868267326284
AT2G20270.1,Intact,0.908404290248689,0.91104267730613,186.555579046567,148.494917294358
AT2G20420.1,3'_truncated,0.0520188506286963,0.0477830615240969,7.25878491134529,6.31787319386839
AT2G20420.1,5'_truncated,0.25657499939644,0.246121817507033,35.7076436734617,32.2942103817621
AT2G20420.1,Both_truncated,0.00599127324454688,0.00976839681456445,0.843497605363823,1.2594707720156
AT2G20420.1,Intact,0.685414876730317,0.696326724154305,95.4506008789823,90.9819878341714
AT2G20450.1,3'_truncated,0.0138255283623634,0.0105161394499797,3.15887927377253,1.93076929316807
AT2G20450.1,5'_truncated,0.0744730569683388,0.0787776883844009,17.3415344187005,14.5907345596365
AT2G20450.1,Both_truncated,0.00125234815278647,0.00136708610833906,0.223794728313759,0.255690127209249
AT2G20450.1,Intact,0.911283965285036,0.90933908605728,211.734320703784,168.651640669504
AT2G20630.2,3'_truncated,0.843603088862255,0.85355869566253,115.042544369471,113.685648164524
AT2G20630.2,5'_truncated,0,0.000835421888053467,0,0.116633323143469
AT2G20630.2,Both_truncated,0.156396911137746,0.145326010291103,21.5667246153502,19.289892262196
AT2G20630.2,Intact,0,0.00251046025104603,0,0.296483527474041
AT2G21130.1,3'_truncated,0.00500098279843138,0.00608938681417124,0.813887073023726,0.951116924106813
AT2G21130.1,5'_truncated,0.0589968335347143,0.0538759356031005,10.226070552501,8.45254624503566
AT2G21130.1,Intact,0.936002183666854,0.940034677582728,151.657139617239,147.030845580428
AT2G21250.1,3'_truncated,0.057687620072041,0.0470699237788263,7.94855841070426,6.95035051638018
AT2G21250.1,5'_truncated,0.14351603769805,0.139572325740165,19.8911493674777,20.6139766085898
AT2G21250.1,Both_truncated,0.00434001545486771,0.00282914599460708,0.705313090491688,0.421931189036193
AT2G21250.1,Intact,0.795902998593331,0.810528604486402,117.430709580765,121.590356096825
AT2G21280.2,5'_truncated,0.919519827115267,0.919712942490593,64.8356891720819,69.0346320374811
AT2G21280.2,Both_truncated,0.0804801728847328,0.0802870575094073,5.28491561196814,5.96263653015707
AT2G21330.1,3'_truncated,0.0296056195903843,0.0190465271726287,13.5974590675847,13.6138592870383
AT2G21330.1,5'_truncated,0.235123899180347,0.174617270875026,100.665084000125,123.647750389684
AT2G21330.1,Both_truncated,0.00439865169633284,0.00259709549360281,1.99448500578804,1.80017321989146
AT2G21330.1,Intact,0.730871829532936,0.803739106458743,465.851503501446,578.208988130837
AT2G21385.1,3'_truncated,0.0598971087027293,0.066564330611791,9.25069069679124,8.41876030662848
AT2G21385.1,5'_truncated,0.128107564933574,0.120088024799761,19.8371449207068,14.8239671786774
AT2G21385.1,Both_truncated,0.00593925796846309,0.0037575496774094,1.00836893351049,0.477086453061439
AT2G21385.1,Intact,0.806056068395234,0.809590094911038,123.156589885608,102.840469916608
AT2G21580.1,3'_truncated,0.00476748801079186,0.00443986355216148,0.673090084384231,0.547378850598345
AT2G21580.1,5'_truncated,0.0504547606373943,0.0681837363743642,7.63321761355668,8.55560445292159
AT2G21580.1,Both_truncated,0.00106192358366271,0,0.177419574478094,0
AT2G21580.1,Intact,0.944069802296039,0.927376400073474,140.487914802298,116.729600017936
AT2G21660.1,3'_truncated,0.023999356915617,0.0152678275005186,36.3513618720984,33.0064738868176
AT2G21660.1,5'_truncated,0.310019863893753,0.202847045499983,455.532759515486,436.003978046808
AT2G21660.1,Both_truncated,0.00224830024439412,0.00109598983194751,3.18035472029745,2.27899849502178
AT2G21660.1,Intact,0.663732478946236,0.780789137167551,1659.94837911929,1712.26432311784
AT2G21870.1,3'_truncated,0.0177633715087568,0.0157225045820505,10.7497352314505,8.52224017663611
AT2G21870.1,5'_truncated,0.128024495840886,0.129854179862959,80.676029892539,70.5106267143718
AT2G21870.1,Both_truncated,0.00137216887007604,0.00125867581652424,0.742761044133864,0.715099268147892
AT2G21870.1,Intact,0.852839963780281,0.853584198343975,521.451017037181,461.769501382357
AT2G22425.1,3'_truncated,0.00278222353817338,0.00156498118295023,0.386913322807095,0.20799801440941
AT2G22425.1,5'_truncated,0.0170060676538602,0.0143326728827543,2.52365038637486,1.95550751360133
AT2G22425.1,Intact,0.980211708807966,0.984102345934295,151.892179930895,132.447048162731
AT2G22430.1,3'_truncated,0.131834878482679,0.132769067888833,39.5078259548848,36.0576390015995
AT2G22430.1,5'_truncated,0.14625084111201,0.137827678574555,44.0574047006768,37.4302366455512
AT2G22430.1,Both_truncated,0.00436717902228893,0.00602202402887467,1.28439346453128,1.63506103544523
AT2G22430.1,Intact,0.717547101383022,0.723381229507738,206.047323749083,198.793071025464
AT2G22670.1,3'_truncated,0.0297831781062458,0.026169034622073,6.77098619505169,5.11830698396518
AT2G22670.1,5'_truncated,0.161716249933274,0.1711075731074,38.464561126504,32.1464816068373
AT2G22670.1,Both_truncated,0.00257692453628284,0.00322383915708366,0.541185923627771,0.629541568569999
AT2G22670.1,Intact,0.805923647424198,0.799499553113444,188.665967898958,155.035833525818
AT2G23090.1,3'_truncated,0.00370869770449602,0.00314401878932462,2.12281495461694,1.56171265589226
AT2G23090.1,5'_truncated,0.0210859251533668,0.0207705262059189,12.6049115711646,10.2896246286751
AT2G23090.1,Both_truncated,0,0.000353669319186561,0,0.197655684982694
AT2G23090.1,Intact,0.975205377142137,0.975967565231695,586.684339527865,476.59513724656
AT2G23600.2,3'_truncated,0,0.00217155266015201,0,0.233266646286937
AT2G23600.2,5'_truncated,0.970869863351597,0.965464354343005,88.9007358129391,95.7923448950225
AT2G23600.2,Both_truncated,0.026330176084467,0.0294116212060316,2.82894095101228,2.91277042898636
AT2G23600.2,Intact,0.00419994084590358,0.00440017356424577,0.470208726994459,0.451430186308307
AT2G23670.1,3'_truncated,0.00734216601498711,0.00557099231919138,2.19505155392355,1.92906449834528
AT2G23670.1,5'_truncated,0.0522565024400643,0.0494317588664986,14.7137575826203,17.5055519123235
AT2G23670.1,Both_truncated,0,0.000234027615258601,0,0.0988278424913471
AT2G23670.1,Intact,0.940401331544949,0.944919239609224,286.393184965633,336.013637595442
AT2G24020.2,3'_truncated,0.00906706868581421,0.00623394572866929,2.10944134048193,1.37422249652153
AT2G24020.2,5'_truncated,0.074474490216105,0.0785043955637491,17.5522335247522,17.3097371311479
AT2G24020.2,Both_truncated,0.000712113958748273,0,0.158042479215166,0
AT2G24020.2,Intact,0.915746327139333,0.915261658707582,215.242962857071,200.473480907444
AT2G24090.1,3'_truncated,0.0101833470945927,0.00664609167321215,4.07084360004848,2.21250332200605
AT2G24090.1,5'_truncated,0.0397105874209276,0.0380850180423919,15.8174892975695,12.4486889602304
AT2G24090.1,Both_truncated,0.000934921990226158,0.00160385826082878,0.337651447796159,0.459657333037729
AT2G24090.1,Intact,0.949482784157662,0.954199651443843,376.894307742068,315.109311153886
AT2G24200.1,3'_truncated,0.0919027840284028,0.0453822657197216,10.5984415135312,8.65024262484873
AT2G24200.1,5'_truncated,0.184385626062606,0.184762096520791,30.2807917245528,34.6643460380608
AT2G24200.1,Both_truncated,0.00479032278227823,0.00469541711964758,0.510269154403994,0.850584286792678
AT2G24200.1,Intact,0.718921267126713,0.76516022063984,138.872196873465,145.256846461648
AT2G24762.1,3'_truncated,0.0178780405853901,0.0189961022317265,1.41484255614751,1.78005299972839
AT2G24762.1,5'_truncated,0.0684009230158561,0.0452008577818668,4.44920859369602,4.23254487674167
AT2G24762.1,Intact,0.913721036398754,0.935803039986407,84.3920295597649,87.8439017703205
AT2G24790.1,3'_truncated,0.0433819572861841,0.0339988973539554,13.977301040783,14.8109224748641
AT2G24790.1,5'_truncated,0.226030007989958,0.102639932220643,42.1388860516906,44.618022377696
AT2G24790.1,Both_truncated,0.00138387069251728,0.00217334497095615,0.475284842272629,0.962810440726805
AT2G24790.1,Intact,0.729204164031341,0.861187825454446,317.300899842992,379.460706012317
AT2G25080.1,3'_truncated,0.0190081048093218,0.0155060102722214,2.96469507779887,2.42473170181005
AT2G25080.1,5'_truncated,0.147302039357482,0.157848645794131,22.9831990751601,24.2027153235718
AT2G25080.1,Both_truncated,0.00115605977674943,0.00128508514018799,0.171764756886359,0.186925720680375
AT2G25080.1,Intact,0.832919149315363,0.82536025879346,129.407343844084,127.859568685715
AT2G25210.1,3'_truncated,0.0022002200220022,0.00190150298945459,0.223794728313759,0.166047244389142
AT2G25210.1,5'_truncated,0.0246464919825967,0.0278318041184106,3.11233449615497,2.56837247889992
AT2G25210.1,Intact,0.974620101343402,0.970900527221953,122.336288823311,89.8593754533228
AT2G25450.1,3'_truncated,0.155574628614688,0.161935950889773,25.8321384931466,23.6844133991149
AT2G25450.1,5'_truncated,0.222831554978951,0.216844162057739,37.9933823968004,33.2217507630353
AT2G25450.1,Both_truncated,0.023915851035976,0.0128397545582597,4.02368991261962,1.79324048011032
AT2G25450.1,Intact,0.597677965370385,0.608380132494228,100.816508559051,93.8160655150932
AT2G26500.1,3'_truncated,0.0038898098276587,0.00447260991299172,15.858814378812,16.9698665783451
AT2G26500.1,5'_truncated,0.0270893954199748,0.0266043600786806,113.79186154708,101.34056062109
AT2G26500.1,Both_truncated,6.63341049311829e-05,2.89874676166591e-05,0.283662121043239,0.109170171918063
AT2G26500.1,Intact,0.968976572015746,0.968894042540711,4040.4739547554,3671.6658971763
AT2G26670.1,3'_truncated,0.0258914193696802,0.0242084045954225,3.76651477357127,2.99759001534677
AT2G26670.1,5'_truncated,0.1881979212414,0.201560483099624,26.3332307359395,25.2654259084302
AT2G26670.1,Both_truncated,0.00631198109458979,0.00492979303248232,0.901101187862129,0.613087275111154
AT2G26670.1,Intact,0.779598678294331,0.769301319272472,109.278294647888,96.5732352502147
AT2G26900.1,3'_truncated,0.071220227498454,0.0573290664974554,14.6612769496105,12.8689785977686
AT2G26900.1,5'_truncated,0.17505465709699,0.189213912907459,37.6490746276243,41.4087502748996
AT2G26900.1,Both_truncated,0.00469577339271697,0.00449431544209777,1.02677182871329,0.991522689496001
AT2G26900.1,Intact,0.749029342011839,0.748962705152988,169.181223811713,165.933970260897
AT2G26980.3,3'_truncated,0.238301678517775,0.264860452172144,36.6781195536354,43.6076792996662
AT2G26980.3,5'_truncated,0.246464729184393,0.214686854998608,34.9581141953918,36.0881363964535
AT2G26980.3,Both_truncated,0.0218433741989195,0.0199441177229831,3.40269437947098,3.52966640737041
AT2G26980.3,Intact,0.493390218098913,0.500508575106265,79.2536803945493,86.1963251237918
AT2G27030.1,3'_truncated,0.0114317474259637,0.0121226167188592,4.99144992390475,4.4850022181201
AT2G27030.1,5'_truncated,0.0573373866974339,0.0512704841332774,26.6769204249835,18.8271447153916
AT2G27030.1,Both_truncated,0.000337301901571965,0.000542507937531699,0.155578837704356,0.210877192610719
AT2G27030.1,Intact,0.93089356397503,0.936245227189509,438.9413691695,348.285877982871
AT2G27290.1,3'_truncated,0.011347045664685,0.0124758991967999,5.35875611267153,5.97102920645405
AT2G27290.1,5'_truncated,0.0543385852355386,0.0580315158897754,25.8804080021519,27.7134699214038
AT2G27290.1,Both_truncated,0.000836403267902645,0.000760589094372489,0.348307964537789,0.36045312991797
AT2G27290.1,Intact,0.933477965831874,0.928731995819052,445.555484403118,443.737956106279
AT2G27385.2,3'_truncated,0.00938954759645898,0.00628868977955703,0.965844864590141,0.662871817609385
AT2G27385.2,5'_truncated,0.145338005975475,0.136689939637599,14.9476025434442,13.0161880309918
AT2G27385.2,Both_truncated,0,0.00207939123888584,0,0.215461165634816
AT2G27385.2,Intact,0.845272446428066,0.85563510975692,89.1950334580902,84.4747637947529
AT2G27402.1,3'_truncated,0.0236705648787182,0.0199851611956117,4.08033175695772,2.79015643962772
AT2G27402.1,5'_truncated,0.00863791499986157,0.00684512793535713,1.47626285125068,0.927199479422562
AT2G27402.1,Intact,0.96769152012142,0.973169710869031,156.601792820464,131.743052106102
AT2G27530.1,3'_truncated,0.0333051707070002,0.0307477282302209,9.88884330325448,7.08440168530017
AT2G27530.1,5'_truncated,0.0773696551989597,0.0898054290784435,24.1288927834287,20.8218040777597
AT2G27530.1,Both_truncated,0.000737297466292217,0.00168076898586442,0.235253195753779,0.373674637545995
AT2G27530.1,Intact,0.888587876627748,0.877766073705471,271.306851130153,203.05114033344
AT2G27710.1,3'_truncated,0.00875942564212385,0.00620656782607557,2.35545567660336,1.5007990354644
AT2G27710.1,5'_truncated,0.055004529769057,0.0564378401637185,15.136459793837,13.0652198522332
AT2G27710.1,Both_truncated,0.000775715913804421,0,0.229672794290318,0
AT2G27710.1,Intact,0.935718900646283,0.937355592010206,256.003945221798,215.920995873689
AT2G27720.1,3'_truncated,0.00386057872371005,0.00862673029854946,1.01923207192431,2.02963116290551
AT2G27720.1,5'_truncated,0.070122320631194,0.0764425797024851,18.7425236105181,17.7638989079215
AT2G27720.1,Both_truncated,0,0.000347463516330785,0,0.0988278424913471
AT2G27720.1,Intact,0.926017100645096,0.914814868826855,245.56872346011,212.762573538438
AT2G27730.1,3'_truncated,0.00977463600422386,0.0128045271688876,1.238248349473,1.41022109270137
AT2G27730.1,5'_truncated,0.0817881795156496,0.077363228838166,10.4058944723796,8.53218339243551
AT2G27730.1,Both_truncated,0.000744601638123604,0.000978474506248529,0.115816074807919,0.107730582817408
AT2G27730.1,Intact,0.908188983934085,0.909179927655447,114.119936097973,100.084787257283
AT2G27960.1,3'_truncated,0.00111332308576138,0.00193810913768367,0.158042479215166,0.284707348322526
AT2G27960.1,5'_truncated,0.048257483357664,0.0417484186085321,7.55107961399644,6.04881878246246
AT2G27960.1,Both_truncated,0.000751314800901578,0,0.11189736415688,0
AT2G27960.1,Intact,0.950378755289607,0.956959508633012,146.503087180927,138.395499632942
AT2G28000.1,3'_truncated,0.073538276886791,0.0620178851101425,20.4170872726308,16.7915965386047
AT2G28000.1,5'_truncated,0.336191910845621,0.294553366896041,93.025296916804,79.230570567795
AT2G28000.1,Both_truncated,0.0185802896133793,0.0125882657838035,4.86095399807814,3.44191065805918
AT2G28000.1,Intact,0.571689522654209,0.630840482210013,175.376052641248,171.744511950759
AT2G28430.1,3'_truncated,0.00132484226070614,0.00333361324272882,0.229672794290318,0.340997229104345
AT2G28430.1,5'_truncated,0.0289409221531446,0.0329379311907048,3.75712028508279,3.58637221089807
AT2G28430.1,Both_truncated,0.000534188034188034,0,0.115816074807919,0
AT2G28430.1,Intact,0.969997786994989,0.964839659980809,133.716075604454,104.357457566453
AT2G28720.1,3'_truncated,0.00792815971945572,0.00581225172838158,1.51863808791448,0.895961660081567
AT2G28720.1,5'_truncated,0.0556262795437586,0.0557959080928292,10.7483466691608,8.68013406816387
AT2G28720.1,Intact,0.936445560736786,0.938391840178789,170.938992401154,144.841358985104
AT2G28740.1,3'_truncated,0.0016552823528432,0.0019887581637155,0.353532912072508,0.325982524746155
AT2G28740.1,5'_truncated,0.0385616741200156,0.0312831619584017,8.11031560447812,5.11528502919521
AT2G28740.1,Intact,0.959783043527141,0.966728079877883,200.156821508255,158.197326965912
AT2G28800.1,3'_truncated,0.0404695408286043,0.0460057631833166,13.0954874120376,16.8477086873633
AT2G28800.1,5'_truncated,0.291503555372083,0.283374606741924,88.6322359306942,104.098582015828
AT2G28800.1,Both_truncated,0.0093810569941428,0.00770895576946086,2.85597226301028,2.94258900664189
AT2G28800.1,Intact,0.65864584680517,0.662910674305298,209.078188291311,245.503018369385
AT2G28840.1,3'_truncated,0.0955325929476113,0.0932107439831084,12.4774436002201,14.3470690081824
AT2G28840.1,5'_truncated,0.246935494681031,0.194603888911378,27.5728094704771,30.2798768662639
AT2G28840.1,Both_truncated,0.0199475592838421,0.00951124215503542,1.66637950431676,1.3755736837148
AT2G28840.1,Intact,0.637584353087516,0.702674124950478,93.0450282964414,110.969614275867
AT2G28900.1,3'_truncated,0.0209613471682104,0.0256220765551221,15.4327887859705,15.5592578507681
AT2G28900.1,5'_truncated,0.0540711586413398,0.0548090097335954,41.6327381418786,33.5542902804478
AT2G28900.1,Both_truncated,0.000459469270726971,0.000755146039640627,0.385904750436514,0.465216132626691
AT2G28900.1,Intact,0.924508024919723,0.918813767671642,688.335415976127,562.014556735981
AT2G28910.1,3'_truncated,0.0465700115810563,0.0375866078082367,8.35082923896226,7.3260724866358
AT2G28910.1,5'_truncated,0.384114969965355,0.380893362352399,66.07890654179,70.6338692037636
AT2G28910.1,Both_truncated,0.00651033604933559,0.00820116978450191,1.15103423463459,1.49661417606761
AT2G28910.1,Intact,0.562804682404253,0.573318860054863,101.349137539578,107.843344631145
AT2G29180.1,3'_truncated,0.0285677171923337,0.0220981811860168,5.45573637629211,4.2798493546659
AT2G29180.1,5'_truncated,0.0684262529737151,0.066168338249358,13.2178460142786,12.7921008095048
AT2G29180.1,Both_truncated,0.00109639773065651,0.00143547919151543,0.232789554242969,0.27377782720655
AT2G29180.1,Intact,0.901909632103295,0.910776494436948,175.610817029583,175.806336608758
AT2G29310.1,3'_truncated,0.0669423156575914,0.0583293671028188,16.1342632534468,13.3609281099561
AT2G29310.1,5'_truncated,0.156615869965995,0.163278290253297,37.376574395855,38.780782153537
AT2G29310.1,Both_truncated,0.00685491173636798,0.00737131390929584,1.67205094862113,1.68410433543835
AT2G29310.1,Intact,0.769586902640046,0.771021028734588,183.043647853829,181.805607311721
AT2G29340.2,3'_truncated,0.0674706792495254,0.0642392823086294,9.26828068609038,8.27166443389522
AT2G29340.2,5'_truncated,0.167026149598265,0.148163650991923,22.2431932451951,19.5573961340995
AT2G29340.2,Both_truncated,0.0096341736966737,0.00698385637038825,1.31284659224425,0.869131009949914
AT2G29340.2,Intact,0.755868997455536,0.78061321032906,101.60539043991,103.082948158524
AT2G29450.1,3'_truncated,0.0348857008251518,0.0289225709666181,5.4105862528193,4.87664766138126
AT2G29450.1,5'_truncated,0.151588736916788,0.139668762482968,24.1269413048427,23.6171022615175
AT2G29450.1,Both_truncated,0.00169083687328395,0.0020035990985267,0.268782438744915,0.350110800491255
AT2G29450.1,Intact,0.811834725384776,0.829405067451887,123.673366697705,137.801140916351
AT2G29530.1,3'_truncated,0.0042366516980821,0.00282729070380775,0.465281443972838,0.289291321346623
AT2G29530.1,5'_truncated,0.0302648511361806,0.0351220132679141,4.37655875104502,3.74245922586476
AT2G29530.1,Intact,0.965498497165737,0.962993126262881,129.24595895607,102.034940339277
AT2G29550.1,3'_truncated,0.0587849554084522,0.0473575844544996,5.81881260910965,6.08761702359972
AT2G29550.1,5'_truncated,0.275595188037371,0.227928944276995,30.6232500131891,29.2643165040093
AT2G29550.1,Both_truncated,0.00763405830473361,0.00754385263495422,0.911713495973226,0.911098793593228
AT2G29550.1,Intact,0.657985798249443,0.717169618633551,88.9784110825732,93.4895155651537
AT2G29630.3,3'_truncated,0.0883594450457531,0.0581391694515808,19.2470412329821,15.758361993515
AT2G29630.3,5'_truncated,0.417565610607642,0.394757782198935,90.0791776495689,103.183483970969
AT2G29630.3,Both_truncated,0.0117387347065587,0.0117123452837926,3.0603222703254,3.06443879599201
AT2G29630.3,Intact,0.482336209640046,0.535390703065692,144.923677431208,147.810801759827
AT2G29960.1,3'_truncated,0.0193110622213688,0.0207739309516434,5.02598773926646,5.11834101121127
AT2G29960.1,5'_truncated,0.0643440344187975,0.059366528188532,16.9976520765789,14.800129267237
AT2G29960.1,Both_truncated,0.000592330337891283,0.00111202858734854,0.155578837704356,0.27377782720655
AT2G29960.1,Intact,0.915752573021942,0.919118188468259,236.641936867487,229.421281091672
AT2G30060.1,3'_truncated,0.0214537136933596,0.0245684630124388,3.1742700326487,3.49326869756325
AT2G30060.1,5'_truncated,0.13374561100277,0.121171850619071,20.2248159855817,17.184244372597
AT2G30060.1,Both_truncated,0.00111811404110219,0.0012803265485254,0.177419574478094,0.180990560463001
AT2G30060.1,Intact,0.844055265943135,0.852979359819964,125.854444898003,121.124077693902
AT2G30410.1,3'_truncated,0.0108987267287564,0.00698298309056757,1.86433357868491,1.08135938975391
AT2G30410.1,5'_truncated,0.0287963152201518,0.0248989494771562,5.46706568411574,3.89739440594732
AT2G30410.1,Intact,0.960304958051092,0.968118067432276,168.064856730229,152.327376059737
AT2G30570.1,3'_truncated,0.00408864685728156,0.00315140730653771,4.51013555781917,2.87154388784816
AT2G30570.1,5'_truncated,0.112300508894857,0.12187939653976,119.252155848947,119.623791424242
AT2G30570.1,Both_truncated,0.000182099422355229,0.000240408595022052,0.194184195973662,0.218340343836125
AT2G30570.1,Intact,0.883428744825506,0.87472878755868,981.886958423095,858.894284228538
AT2G30620.1,3'_truncated,0.0347383247671706,0.0301740100513138,9.5670400663094,7.24716510298935
AT2G30620.1,5'_truncated,0.117048853072738,0.106084369610188,32.7680511801807,25.2788467683674
AT2G30620.1,Both_truncated,0.00259320940716072,0.00173769665498743,0.767586335316335,0.378951217789777
AT2G30620.1,Intact,0.846484015888651,0.86258315590184,235.301358131479,208.826733308962
AT2G30860.1,3'_truncated,0.00896165410045057,0.0097167876922305,10.116314241542,10.2321205978928
AT2G30860.1,5'_truncated,0.101741893002147,0.10468898098166,115.018982477205,106.525777363599
AT2G30860.1,Both_truncated,0.000303520057744835,0.0003298220681082,0.355847721326769,0.330566497770252
AT2G30860.1,Intact,0.888992932839658,0.885264409258001,1024.80872098001,930.799287098027
AT2G30870.1,3'_truncated,0.0183090841994903,0.0184367588432085,11.509937432627,11.0019273811532
AT2G30870.1,5'_truncated,0.0891736351698129,0.0915448007490391,57.7129418497951,54.7046350333637
AT2G30870.1,Both_truncated,0.000677681219047749,0.00110201708168232,0.379373566018115,0.661343826601353
AT2G30870.1,Intact,0.891839599411649,0.88891642332607,576.396513351859,524.421500253876
AT2G30930.1,3'_truncated,0.0118695428207772,0.0124278720284579,3.63211371787874,3.34504394744927
AT2G30930.1,5'_truncated,0.0690030536104307,0.0808272534803071,21.0372918102863,21.687342435674
AT2G30930.1,Both_truncated,0.000656494103182807,0.00064467631286205,0.191571722206303,0.172657998203155
AT2G30930.1,Intact,0.918470909465609,0.90631509028266,282.802341863945,241.895114113482
AT2G31141.1,3'_truncated,0.000570023651629897,0.000410728136196533,3.5075317370338,2.17458909994257
AT2G31141.1,5'_truncated,6.99568897856788e-05,6.40235171593616e-05,0.357153958210449,0.354800189045776
AT2G31141.1,Both_truncated,0.999360019458584,0.999546589519031,6388.35537052883,5411.24414856122
AT2G31200.1,3'_truncated,0.0197563879618696,0.0249467418785293,2.43673393604956,2.46724137564934
AT2G31200.1,5'_truncated,0.0438355951030081,0.0501624248039911,5.27908175462211,4.69700828811153
AT2G31200.1,Both_truncated,0.00257445610943886,0.0012041292717229,0.409051724093932,0.107730582817408
AT2G31200.1,Intact,0.934691712862163,0.924088080469664,116.678335163276,91.2065459965465
AT2G31360.1,3'_truncated,0.0669923293463517,0.0536686935184209,22.0701951608587,20.0405375664435
AT2G31360.1,5'_truncated,0.166049055104175,0.156953258100919,53.5073474441709,58.3595061004062
AT2G31360.1,Both_truncated,0.00260100511179728,0.00242161741680686,0.858577118941783,0.900368829290909
AT2G31360.1,Intact,0.764357610437676,0.786956430963853,255.747147035269,293.699297531199
AT2G31490.1,3'_truncated,0.00529106416598618,0.00490480228743559,0.930000812344744,0.604449740507227
AT2G31490.1,5'_truncated,0.0374177317204181,0.0349392628525224,5.87881108849786,4.34824867481356
AT2G31490.1,Both_truncated,0.000510464522715671,0.00237245297169296,0.115816074807919,0.282415361810478
AT2G31490.1,Intact,0.95712104927269,0.95857429954558,140.205941480566,117.793791640396
AT2G31570.1,3'_truncated,0.0325740449916034,0.0153649608297192,4.09512718680769,1.77813737384475
AT2G31570.1,5'_truncated,0.0678782183368902,0.0687034748803315,9.8905272922869,8.14780133908158
AT2G31570.1,Both_truncated,0.00175233644859813,0.00178887387106214,0.347448224423757,0.212405183618751
AT2G31570.1,Intact,0.898963624521974,0.914142690418887,120.810794724895,106.364072632066
AT2G31610.1,3'_truncated,0.0311773085299549,0.0341868268171547,7.26933680446091,7.0497202490675
AT2G31610.1,5'_truncated,0.109979337393121,0.106241722295241,25.7145092696898,22.1555005808177
AT2G31610.1,Both_truncated,0.00249517983681015,0.00242718446601942,0.569283597411997,0.466533292573875
AT2G31610.1,Intact,0.857179900852384,0.858762389398931,198.110379351386,177.737332204888
AT2G31810.1,3'_truncated,0.131401242671996,0.118566289886087,19.2011990335966,21.0617072499568
AT2G31810.1,5'_truncated,0.185822691917275,0.162979364121496,27.5091929583403,28.1361834567845
AT2G31810.1,Both_truncated,0.0124761301325797,0.0129751804878708,1.72368542230197,2.09377756916419
AT2G31810.1,Intact,0.670299935278149,0.705479165504546,110.606594988915,123.584856990343
AT2G32060.2,3'_truncated,0.00828233459037379,0.00934644559466378,7.24590462819031,6.63965938046606
AT2G32060.2,5'_truncated,0.0365602640940728,0.0360233045099199,32.9869216388622,25.898837567181
AT2G32060.2,Both_truncated,0.000184828960569788,0.000177556818181818,0.177419574478094,0.116633323143469
AT2G32060.2,Intact,0.955034182008507,0.954571064289356,846.295308955449,681.313741982095
AT2G32090.1,3'_truncated,0.00898984759762006,0.00792617578157012,1.33038974733302,1.17883604505198
AT2G32090.1,5'_truncated,0.230885231459347,0.216729445546541,35.0255232719526,32.3392222596607
AT2G32090.1,Both_truncated,0.00138600251969513,0.000608272506082725,0.191571722206303,0.0988278424913471
AT2G32090.1,Intact,0.758738918423337,0.775141621169861,113.390190588466,115.436450609428
AT2G32180.1,3'_truncated,0.0177115825256938,0.0208852617914307,1.83619169627015,2.02903269696905
AT2G32180.1,5'_truncated,0.0442008860045817,0.0425621959293478,5.4880810530859,4.16325005876853
AT2G32180.1,Intact,0.938087531469725,0.936552542279222,109.984509837163,90.9647042409624
AT2G32520.2,5'_truncated,0.962078609546689,0.964924309069077,92.1063736762083,88.3693476746285
AT2G32520.2,Both_truncated,0.0366852965101717,0.0350756909309225,3.49673734324088,3.26554957661808
AT2G32520.2,Intact,0.00370828182941904,0,0.335692092470639,0
AT2G32650.1,3'_truncated,0.012073582558541,0.0109693292373654,2.98621735853417,2.42111128110362
AT2G32650.1,5'_truncated,0.0306288288936566,0.0339676747320839,7.91466275857912,7.4557956105813
AT2G32650.1,Both_truncated,0.000521920668058455,0,0.11189736415688,0
AT2G32650.1,Intact,0.957123614991783,0.955062996030551,242.24570044931,209.125894047828
AT2G32870.1,5'_truncated,0.96694337528826,0.968638000431351,203.134028754674,205.690760463828
AT2G32870.1,Both_truncated,0.0330566247117404,0.0313619995686492,6.94064955474853,6.27323706308462
AT2G33040.1,3'_truncated,0.0313900936695751,0.0402616360437678,8.34290949225416,9.27090661167528
AT2G33040.1,5'_truncated,0.168688413036312,0.165850349619396,45.3799268517482,38.2479300827532
AT2G33040.1,Both_truncated,0.00356297382206162,0.00287414364011448,0.96976357524118,0.663835369927058
AT2G33040.1,Intact,0.796358519472051,0.791013870696722,211.397948475861,182.890734930299
AT2G33150.1,3'_truncated,0.0486632514955511,0.0449926066247703,12.9204502725495,15.6691581954486
AT2G33150.1,5'_truncated,0.27232192540814,0.193522716585279,62.9133584401944,66.544936926432
AT2G33150.1,Both_truncated,0.00608862839090798,0.00693776710945128,1.13127826833774,2.36556838220277
AT2G33150.1,Intact,0.672926194705401,0.754546909680499,231.104228077033,264.997977643281
AT2G33220.2,3'_truncated,0.946575408941927,0.948824036229175,128.526252868428,139.85454756539
AT2G33220.2,5'_truncated,0.000719424460431655,0.00122774708410068,0.12320699934035,0.197655684982694
AT2G33220.2,Both_truncated,0.0524364570801294,0.048760125516193,6.17887670560056,7.20124583950448
AT2G33220.2,Intact,0.00112248873669943,0.00300988383989797,0.173500863827055,0.462530771863184
AT2G33370.1,3'_truncated,0.0134831257858538,0.00902065767009134,4.24632723630625,2.5065067849061
AT2G33370.1,5'_truncated,0.0639598037510308,0.0700416122411497,20.5434530027839,19.7641675915483
AT2G33370.1,Both_truncated,0.000526630310807735,0.000779192496252178,0.154272600820676,0.226390686750792
AT2G33370.1,Intact,0.922030440152307,0.920418268424591,293.369791044178,258.087778623205
AT2G33470.1,3'_truncated,0.0267468428571477,0.0222884278239809,3.97623856067765,3.06138281397594
AT2G33470.1,5'_truncated,0.0642895364330728,0.049400553415627,9.68244289777294,6.75439962622027
AT2G33470.1,Both_truncated,0,0.00159994788193726,0,0.22868267326284
AT2G33470.1,Intact,0.90896362070978,0.927244386839101,139.620181154928,127.852062073537
AT2G33800.1,3'_truncated,0.0233439551135417,0.0223945804832735,9.38900437127977,8.96422353134319
AT2G33800.1,5'_truncated,0.143611658975481,0.145524074839408,57.7449215145298,57.79183022583
AT2G33800.1,Both_truncated,0.0020745068803524,0.00255317178403491,0.835809016318294,1.00936219739422
AT2G33800.1,Intact,0.830969879030624,0.829528172893284,333.887566839615,330.405184709032
AT2G33855.1,3'_truncated,0.00202478524888354,0,0.240759181088964,0
AT2G33855.1,5'_truncated,0.827810423425743,0.803772738944593,113.089141038477,106.465305817055
AT2G33855.1,Both_truncated,0.00335098462050246,0.00285114656353477,0.461809230091447,0.387460583864379
AT2G33855.1,Intact,0.167488735121166,0.193376114491873,22.2035482989003,25.6558562734825
AT2G34420.1,3'_truncated,0.0246109977829405,0.0177071818014201,6.44169836515344,5.26674256514
AT2G34420.1,5'_truncated,0.184701070890253,0.157376302355995,39.8349387676175,45.8568861676852
AT2G34420.1,Both_truncated,0.0100716016959642,0.00593186194969383,2.66572035847277,1.67874509266304
AT2G34420.1,Intact,0.780616329630842,0.818984653892891,216.941139957498,241.688689976905
AT2G34860.1,3'_truncated,0.0100701785710835,0.00947688774813536,1.53196486783911,1.41615625291875
AT2G34860.1,5'_truncated,0.19646459013289,0.184517974765149,29.6481625057563,27.7869836260198
AT2G34860.1,Both_truncated,0.00208155023120907,0.00323057313517163,0.319854836824822,0.495102764774409
AT2G34860.1,Intact,0.791383681064818,0.802774564351544,119.785925148624,120.701340792009
AT2G35370.1,3'_truncated,0.0143979166902739,0.0127765925935974,28.3120439125127,20.7522011581548
AT2G35370.1,5'_truncated,0.051523327407392,0.055264397137065,102.821443483919,89.7890488081591
AT2G35370.1,Both_truncated,0.000343419794365797,0.000331547767936318,0.690680073683376,0.525166200736882
AT2G35370.1,Intact,0.933735336107968,0.931627462501401,1806.53249176148,1516.22031058946
AT2G35635.1,3'_truncated,0.00826279083211743,0.00485933133488837,1.3812113151102,0.707120313517556
AT2G35635.1,5'_truncated,0.0563870527292312,0.0486800811057545,9.46694566831602,6.82779351177105
AT2G35635.1,Both_truncated,0.000998572653369953,0.000727272727272727,0.154272600820676,0.112049350119372
AT2G35635.1,Intact,0.934351583785281,0.946218163316933,158.181772512921,132.636182548035
AT2G35750.1,3'_truncated,0.98857205935877,0.986929939351368,435.822019060515,359.312388005169
AT2G35750.1,5'_truncated,0.00443824826642129,0.00492899175318242,1.96839352153971,1.81360555858033
AT2G35750.1,Both_truncated,0.0037932562753055,0.00494600362276175,1.62777414604745,1.75745271499132
AT2G35750.1,Intact,0.00319643609950352,0.00319506527268746,1.32083284580288,1.17272408101985
AT2G36060.1,3'_truncated,0.0232742740468371,0.0141353385963069,3.6253181223725,2.18052426015994
AT2G36060.1,5'_truncated,0.0476055125579239,0.0472063556200859,7.4288343528163,7.21943895503221
AT2G36060.1,Both_truncated,0.00076103192339312,0,0.117552181748615,0
AT2G36060.1,Intact,0.928612858779644,0.938658305783607,144.250924664943,145.686841184198
AT2G36160.1,3'_truncated,0.0147766784638494,0.0140601901100679,6.21135054201074,5.91473358629638
AT2G36160.1,5'_truncated,0.0455442094988807,0.0397770554276467,19.2574495450008,16.748338954676
AT2G36160.1,Both_truncated,0,0.00055005500550055,0,0.224098700238744
AT2G36160.1,Intact,0.93967911203727,0.945979402793785,409.222771294486,398.972806125782
AT2G36170.1,3'_truncated,0.00925188026264438,0.0112291754258311,4.48931585531593,4.23563488600382
AT2G36170.1,5'_truncated,0.0199369009894437,0.0213932028878935,9.71846903570015,8.10715071538545
AT2G36170.1,Both_truncated,0,0.000274604822377147,0,0.105438596305359
AT2G36170.1,Intact,0.970811218747912,0.967194551804691,459.745480714066,363.509140563011
AT2G36320.1,3'_truncated,0.00879585880269648,0.0144079172521805,0.878732747797913,1.41459423466462
AT2G36320.1,5'_truncated,0.059949579438759,0.0706010595961291,6.02591034166356,6.50845336250129
AT2G36320.1,Intact,0.931254561758545,0.91499102315169,93.6497795766177,87.063041858234
AT2G36410.2,3'_truncated,0.0681399179897839,0.0626648842807148,9.20143977698557,7.54180105907194
AT2G36410.2,5'_truncated,0.19423215103861,0.191411941065373,26.475171548421,23.1984838005651
AT2G36410.2,Both_truncated,0.00480086127601027,0.00522415605611275,0.66715422899203,0.596969575658774
AT2G36410.2,Intact,0.732827069695596,0.742440403949837,98.9040852541959,90.6490715312453
AT2G36460.1,3'_truncated,0.0410543040878818,0.0271509657187103,4.53964409211309,3.41948717713687
AT2G36460.1,5'_truncated,0.128982555651481,0.112778206590424,14.4120079764852,14.0342850335608
AT2G36460.1,Both_truncated,0.00107345169081059,0.00147060727458522,0.119511537074134,0.179462569454969
AT2G36460.1,Intact,0.829247505800097,0.858600220416281,98.667047533515,106.669451478611
AT2G36530.1,3'_truncated,0.0278873321089356,0.0410089907069828,3.98182991734638,5.52002068226744
AT2G36530.1,5'_truncated,0.445701021551432,0.413145442297625,57.377442410402,55.607821653948
AT2G36530.1,Both_truncated,0.0178546962213451,0.0215770546099499,2.34585194086284,2.84667436959795
AT2G36530.1,Intact,0.508556950118288,0.524268512385443,73.5976156254111,70.6604792118713
AT2G36620.1,3'_truncated,0.0162802261260763,0.0115535559925509,5.82332664878689,3.84281505936414
AT2G36620.1,5'_truncated,0.0521412390765901,0.0555806277716545,18.5500037309367,18.5000333132647
AT2G36620.1,Both_truncated,0.00148191979522994,0.000669573998353609,0.514847773889429,0.222747513045467
AT2G36620.1,Intact,0.93059058826718,0.932196242237441,328.792079593808,309.548785267174
AT2G37170.2,5'_truncated,0.963716933279246,0.973858752675824,101.699342659562,105.395509055113
AT2G37170.2,Both_truncated,0.0353689920232307,0.0251843381674232,3.55957945405902,2.70089565681188
AT2G37170.2,Intact,0.00137111204628423,0.00143536373512849,0.173500863827055,0.161463271365045
AT2G37190.1,3'_truncated,0.00573420026241808,0.00562841757385275,4.29408983354642,3.93818780621211
AT2G37190.1,5'_truncated,0.0497681359965749,0.0451574207424778,38.8534832644269,32.3560694081716
AT2G37190.1,Both_truncated,0.000261594523489404,0.000157158573000157,0.181115036744309,0.0988278424913471
AT2G37190.1,Intact,0.944323267392014,0.949161775492669,712.993057586841,676.606846052532
AT2G37270.1,3'_truncated,0.0113133010751596,0.0129214576430812,2.06068375165628,2.03517868824728
AT2G37270.1,5'_truncated,0.0653472907039997,0.0796288724281162,12.420764026916,12.6243543051642
AT2G37270.1,Both_truncated,0.000884037802359527,0.00102226611322851,0.154272600820676,0.161463271365045
AT2G37270.1,Intact,0.922455370418481,0.90676815918665,171.835600038665,143.534503792911
AT2G37470.1,3'_truncated,0.00534219696107501,0.00403840944244676,1.66623067206021,1.13193068075506
AT2G37470.1,5'_truncated,0.0274287055553241,0.0254290519851755,9.00025598941333,7.11621542208323
AT2G37470.1,Both_truncated,0,0.000364431486880466,0,0.0988278424913471
AT2G37470.1,Intact,0.967229097483601,0.970411061410084,312.401619066354,270.049508234493
AT2G37600.1,3'_truncated,0.0076229823279481,0.00652789819900369,2.19756202964474,1.57472333245944
AT2G37600.1,5'_truncated,0.029753596721419,0.0293321811250233,8.59560384505054,7.12061111254086
AT2G37600.1,Both_truncated,0.00173611111111111,0,0.369620998021049,0
AT2G37600.1,Intact,0.962044717246929,0.964139920675973,278.971880264698,233.965158401827
AT2G37640.1,3'_truncated,0.0159113950150619,0.0162246562288385,2.04395350247117,2.33524860918165
AT2G37640.1,5'_truncated,0.279958331071435,0.146002757488589,18.7513363507655,20.0778692034807
AT2G37640.1,Both_truncated,0.00332625240118362,0.00246623891360263,0.233946958870099,0.340997229104345
AT2G37640.1,Intact,0.700804021512319,0.836128427006837,86.4548610128538,117.521341603903
AT2G37660.1,3'_truncated,0.0387372518828383,0.0353772791218091,15.3728454704181,12.9214769934051
AT2G37660.1,5'_truncated,0.170379939126452,0.175080307421022,67.159394944538,63.6460843709707
AT2G37660.1,Both_truncated,0.0045538561123368,0.00392945981588843,1.85866213438054,1.4159454218579
AT2G37660.1,Intact,0.786328952878373,0.785612953641281,318.731839070215,287.450843725602
AT2G38140.1,3'_truncated,0.00656769124073859,0.00368887420491648,0.667005396735481,0.36045312991797
AT2G38140.1,5'_truncated,0.0389335656164337,0.0405476011503071,4.0259027238277,4.03317291818447
AT2G38140.1,Intact,0.954498743142828,0.955763524644776,97.7240463185668,93.7733097241674
AT2G38170.1,3'_truncated,0.150917766672735,0.175377143910625,22.0482867983492,24.9045214913028
AT2G38170.1,5'_truncated,0.253408118031499,0.262234234932445,36.8522185467645,37.4035876104017
AT2G38170.1,Both_truncated,0.0336263947039384,0.0309987811150332,4.84628772784456,4.35990816418745
AT2G38170.1,Intact,0.562047720591828,0.531389840041898,89.87469916917,74.881426804165
AT2G38540.1,3'_truncated,0.00332398996455045,0.00328052550620368,8.85299656097634,9.86499106525238
AT2G38540.1,5'_truncated,0.0349706657581452,0.0338642146042246,93.5942915020613,101.929765108153
AT2G38540.1,Both_truncated,0.000100515541540978,4.86302425979448e-05,0.277479600161026,0.154852517551033
AT2G38540.1,Intact,0.961604828735763,0.96282283972784,2582.3234433364,2861.52846642706
AT2G38750.1,3'_truncated,0.0406171149265253,0.045389889180341,4.72683702611359,6.38835346496273
AT2G38750.1,5'_truncated,0.149338976347586,0.139085076616662,17.4206821923446,18.9290055823955
AT2G38750.1,Both_truncated,0.00442705897814809,0.00411093291791274,0.511575391287674,0.619410070204132
AT2G38750.1,Intact,0.805616849747741,0.812784412257722,94.0536709004469,111.869957973916
AT2G39010.1,3'_truncated,0.0561382307972733,0.0520920828159023,14.676094289871,18.1318151890649
AT2G39010.1,5'_truncated,0.245615237418712,0.16159045207785,59.6053364476402,57.0097709278164
AT2G39010.1,Both_truncated,0.0265763531780942,0.0210257047404453,7.48249955202341,7.50070581575069
AT2G39010.1,Intact,0.67167017860592,0.765291760365802,215.297167889133,267.126090710025
AT2G39390.1,3'_truncated,0.0177562939739492,0.013123885078007,2.71682600997794,1.54924386952106
AT2G39390.1,5'_truncated,0.0710586650713022,0.0760525068500261,12.1739367848909,9.45166338357402
AT2G39390.1,Both_truncated,0.00100908173562059,0.000978464419475655,0.11189736415688,0.11434133663142
AT2G39390.1,Intact,0.910848680376208,0.910171298458983,149.005428607142,113.508148454674
AT2G39460.2,3'_truncated,0.00496630390085772,0.0041205144188948,4.23908514403036,2.86311718430508
AT2G39460.2,5'_truncated,0.0570489559615539,0.056658544280016,49.2844190656335,39.6751972672655
AT2G39460.2,Both_truncated,0.000169745174785883,0.000300319074936143,0.117552181748615,0.210877192610719
AT2G39460.2,Intact,0.937871576687731,0.939020728584465,791.748907693806,657.27727011447
AT2G39470.1,3'_truncated,0.035386643040992,0.0300362290744431,12.3458129557958,8.96807733160484
AT2G39470.1,5'_truncated,0.221695329878811,0.218426232332341,73.2418503185767,65.6904883990247
AT2G39470.1,Both_truncated,0.011716363896828,0.0106295264790364,4.32709025436189,3.16365427335896
AT2G39470.1,Intact,0.731201663183369,0.740908012114179,240.625003590563,223.154448842731
AT2G39570.1,3'_truncated,0.0536307655032518,0.0430993064579568,7.49068147204897,6.68464911887934
AT2G39570.1,5'_truncated,0.168793212719893,0.159056717795572,22.8286227179713,24.9805160785109
AT2G39570.1,Both_truncated,0.00235802177369262,0.0034011758033804,0.313621316919522,0.559249171033093
AT2G39570.1,Intact,0.775218000003163,0.794442799943091,115.507144926383,125.757968007433
AT2G39730.1,3'_truncated,0.0384189277213849,0.0332552845534969,95.98436940304,102.591547015488
AT2G39730.1,5'_truncated,0.408917730587769,0.303753925509043,818.085904914395,924.364242428266
AT2G39730.1,Both_truncated,0.00769153578989411,0.00587097789183595,18.3118977985086,17.8542889771271
AT2G39730.1,Intact,0.544971805900952,0.657119812045624,1732.00958551738,2056.7876583635
AT2G39770.1,3'_truncated,0.0431296918644983,0.0460020324118802,14.9913527616126,18.65113724158
AT2G39770.1,5'_truncated,0.145572188280229,0.137833369796297,51.5463734058088,56.0854107497828
AT2G39770.1,Both_truncated,0.0015295955793287,0.00321941008967182,0.578485045013398,1.31004206301675
AT2G39770.1,Intact,0.809768524275945,0.812945187702151,298.957902254991,331.923100785615
AT2G39900.1,3'_truncated,0.0705847889811913,0.0696838068151,7.6521138397395,7.65989431873125
AT2G39900.1,5'_truncated,0.0532777497312804,0.0520304601617534,5.72621113369487,5.61923615963439
AT2G39900.1,Both_truncated,0.00107181136120043,0.00148716683119447,0.12320699934035,0.154852517551033
AT2G39900.1,Intact,0.875780190833795,0.877294288469017,93.4832727750397,96.2549381865065
AT2G40060.1,3'_truncated,0.0949879911539288,0.104852438075649,14.1681845411613,13.0587317320772
AT2G40060.1,5'_truncated,0.0719355397413709,0.066925059018637,10.845153176725,8.34490406412563
AT2G40060.1,Both_truncated,0.00250177523555241,0.00368988669292719,0.398222957990565,0.462160150610626
AT2G40060.1,Intact,0.830574693869148,0.824532616212787,126.673309231801,102.861397797732
AT2G40205.1,3'_truncated,0.00251317325592402,0.00210351654414748,0.177419574478094,0.107730582817408
AT2G40205.1,Intact,0.998324551162717,0.998597655637235,65.7709996493006,51.2943575355042
AT2G40490.1,3'_truncated,0.0469023705751361,0.0438260325309407,10.2657063935514,10.6151289155591
AT2G40490.1,5'_truncated,0.186629548730132,0.160800887925313,41.0785691614307,38.6216612960396
AT2G40490.1,Both_truncated,0.00378664217775563,0.0030694013613692,0.807653553118426,0.719201465013152
AT2G40490.1,Intact,0.762681438516977,0.792303678182377,174.106990166064,191.517157381034
AT2G40510.1,3'_truncated,0.00850456384330432,0.00702325348917139,2.25371054300282,2.33468417049129
AT2G40510.1,5'_truncated,0.0342173058896562,0.0328520782565516,10.1572011556403,10.9235393392084
AT2G40510.1,Both_truncated,0,0.000381825124093165,0,0.112049350119372
AT2G40510.1,Intact,0.957278130267039,0.959997393212913,301.398233775531,318.220992540198
AT2G40590.1,3'_truncated,0.0141908041641748,0.0084151317537262,2.21933514068276,1.46899677743304
AT2G40590.1,5'_truncated,0.0922991172944197,0.0679294407696136,13.5363613607945,11.6345023832449
AT2G40590.1,Both_truncated,0.00122399020807834,0.00143988480921526,0.115816074807919,0.224098700238744
AT2G40590.1,Intact,0.89310208180538,0.923175465873589,144.763967711297,158.711696186253
AT2G40880.1,3'_truncated,0.0109734124149611,0.0122915735990469,4.20892611687444,4.13180140836668
AT2G40880.1,5'_truncated,0.26542042209786,0.267521175522269,106.106668815204,89.6897882338034
AT2G40880.1,Both_truncated,0.00595448767177784,0.00463138120372587,2.16272654976992,1.50961337388308
AT2G40880.1,Intact,0.717651677815401,0.715555869674958,275.243907640251,239.897579915136
AT2G41090.1,3'_truncated,0.0302685279716149,0.0287106071722447,17.532931544155,14.3818414564107
AT2G41090.1,5'_truncated,0.0981708702623617,0.0962493376487824,59.009975269498,47.0412475985936
AT2G41090.1,Both_truncated,0.000932470323225214,0.0011280734051712,0.510120322147445,0.545850859590313
AT2G41090.1,Intact,0.870628131442798,0.873911981773802,512.24799259296,429.385525217893
AT2G41100.3,3'_truncated,0.14074219277403,0.0850891636191613,14.2272515224253,13.0432631304214
AT2G41100.3,5'_truncated,0.0987753145896268,0.105268736772077,17.5224930571768,18.3062141002257
AT2G41100.3,Both_truncated,0.000403063280935107,0.0018268151506168,0.12320699934035,0.278290411946316
AT2G41100.3,Intact,0.760348138209365,0.807815284458144,154.386960884804,136.557360615043
AT2G41310.1,3'_truncated,0.00225039250537144,0.00155073127114148,10.7637978430325,7.35410006864036
AT2G41310.1,5'_truncated,0.987637579669659,0.98972660496123,5656.38089947802,4678.66669435398
AT2G41310.1,Both_truncated,7.50097696526332e-05,7.01011585189933e-05,0.343529513772718,0.336501657987626
AT2G41310.1,Intact,0.0100620213118683,0.00865256260910964,49.286559278136,41.3244978016645
AT2G41430.2,3'_truncated,0.0441753437290239,0.0468854713914039,60.000952958642,57.4927004907008
AT2G41430.2,5'_truncated,0.069290971171492,0.067627182479577,95.249073433382,88.3487118855324
AT2G41430.2,Both_truncated,0.000199502293194304,0.00044550166388131,0.268782438744915,0.587607812172778
AT2G41430.2,Intact,0.88633418280629,0.885041844465138,1225.56892176357,1151.40625911202
AT2G41840.1,3'_truncated,0.0207017309844819,0.0213291033365161,11.5217509661863,11.4707935595741
AT2G41840.1,5'_truncated,0.249178897528331,0.153880398639935,96.2275984391194,80.1643193339008
AT2G41840.1,Both_truncated,0.00448806726410713,0.00180411629676606,1.58931762003469,0.911885542096146
AT2G41840.1,Intact,0.72563130422308,0.822986381726783,416.126848198761,436.806326042251
AT2G42210.1,3'_truncated,0.00733441140695301,0.00818421607809992,2.9343872183864,2.972498187284
AT2G42210.1,5'_truncated,0.0494361429327259,0.0523293461754876,19.8419837864673,19.5896655602503
AT2G42210.1,Both_truncated,0.000278973014645109,0.000271665308340125,0.119511537074134,0.112049350119372
AT2G42210.1,Intact,0.943043463650558,0.939395882643633,383.90769424874,348.192772553184
AT2G42220.1,3'_truncated,0.0228004036380558,0.0412006569720258,3.3157310949353,5.24204985070454
AT2G42220.1,5'_truncated,0.109807454127762,0.0899931875332988,15.7683267950249,12.2969976357214
AT2G42220.1,Both_truncated,0.00471803440040744,0.00184556114270963,0.655546929295461,0.225803495061531
AT2G42220.1,Intact,0.862674107833775,0.866960594351966,128.691700137276,117.13573258458
AT2G42310.1,3'_truncated,0.00277906859205251,0.0032018648798386,0.539649647966712,0.405924644490092
AT2G42310.1,5'_truncated,0.0553639250718878,0.0596139899982838,10.0304531977976,8.87007026486251
AT2G42310.1,Intact,0.94278336253341,0.938251433415157,172.036861611026,138.214022940006
AT2G42530.1,3'_truncated,0.00873938458634433,0.0106293786560144,15.1781573760686,15.0764581382929
AT2G42530.1,5'_truncated,0.0402289809221071,0.0396256281114455,70.495219726106,56.7157651994905
AT2G42530.1,Both_truncated,0.000155475571007775,0.000514308577400218,0.273858554023085,0.709212743215948
AT2G42530.1,Intact,0.950876158920541,0.94923068465514,1640.15692044801,1310.11805764288
AT2G42540.2,3'_truncated,0.0077611237277262,0.00630705029923018,15.2516117949978,10.7450173645677
AT2G42540.2,5'_truncated,0.0347229333450306,0.0349713027820935,68.0244790346408,58.1588723306151
AT2G42540.2,Both_truncated,0.000409770359811629,0.00022978587356195,0.803883674723936,0.387460583864379
AT2G42540.2,Intact,0.957106172567432,0.958491861045114,1833.48379944261,1589.9735640467
AT2G42590.1,3'_truncated,0.0612169497554604,0.0477565932175217,8.93620963975769,7.20654850653931
AT2G42590.1,5'_truncated,0.131740295706989,0.142737423631986,19.8545143197392,21.2825157706061
AT2G42590.1,Both_truncated,0.00375626043405676,0.00265343808486175,0.517253625984596,0.385932592856346
AT2G42590.1,Intact,0.804538580914846,0.806852545065631,121.676608595866,124.988948822446
AT2G42680.1,3'_truncated,0.00892537946595017,0.0040668441722665,1.23548704344909,0.518843405643904
AT2G42680.1,5'_truncated,0.071549992765749,0.0881718418147405,10.3360746803734,10.7381871155338
AT2G42680.1,Both_truncated,0.00133767827328868,0.00117119794216168,0.173500863827055,0.148047946299219
AT2G42680.1,Intact,0.918632842252775,0.906590116070831,131.170939115072,113.073912485615
AT2G43030.1,3'_truncated,0.0128053309129412,0.0114651088070113,5.5167985918867,4.51577286934159
AT2G43030.1,5'_truncated,0.191986704790918,0.191923792076473,83.8892739303614,75.2809163659429
AT2G43030.1,Both_truncated,0.00107320578093742,0.0010160791111156,0.426676085703532,0.402386886315191
AT2G43030.1,Intact,0.794134758515203,0.7955950200054,341.215924851064,312.386483686124
AT2G43090.1,3'_truncated,0.0158297473883776,0.0108552391970265,3.10258192815791,1.99189374465678
AT2G43090.1,5'_truncated,0.096859019413876,0.107151654146196,19.2341722928418,19.6634241231733
AT2G43090.1,Both_truncated,0.00130850709191665,0.00124223602484472,0.242718536414484,0.224098700238744
AT2G43090.1,Intact,0.886438895136469,0.88157902798183,171.077896840042,162.082680097176
AT2G43290.1,3'_truncated,0.0250119381434634,0.0251657566759096,3.80617553842153,3.71988148962208
AT2G43290.1,5'_truncated,0.0786316155585352,0.0751812136018868,11.8236607475927,11.2440313233623
AT2G43290.1,Both_truncated,0.00146412884333821,0.000559284116331096,0.231632149615838,0.112049350119372
AT2G43290.1,Intact,0.895868403350222,0.899466601683427,136.68001900803,137.07341984763
AT2G43460.1,3'_truncated,0.00636975953092747,0.00742919786872359,5.12540448282763,4.43692247044465
AT2G43460.1,5'_truncated,0.0239732922803015,0.0261979649255636,20.3467280910531,15.7853517101344
AT2G43460.1,Both_truncated,0.000173400381480839,0.000887626486774365,0.11189736415688,0.560246750596859
AT2G43460.1,Intact,0.969599148061611,0.966076961710121,788.559394101166,579.079707751796
AT2G43530.1,3'_truncated,0.00593889535865384,0.0063418101609742,0.588786107826287,0.482844809464057
AT2G43530.1,5'_truncated,0.0460926987082792,0.0610755712632085,4.77625035896092,5.40569061988321
AT2G43530.1,Intact,0.947968405933067,0.932582618575817,97.4158139134615,83.620835707381
AT2G43560.1,3'_truncated,0.031916241875739,0.0414094522867819,9.13710101397652,11.081775768623
AT2G43560.1,5'_truncated,0.349372592801554,0.365518267931038,99.838090115987,97.1989725176702
AT2G43560.1,Both_truncated,0.0184595966520602,0.0152053861473645,5.42495485853978,3.98512719775512
AT2G43560.1,Intact,0.600251568670647,0.577866893634816,173.850915959818,154.165410229776
AT2G43750.1,3'_truncated,0.0375358746963059,0.0372484443963717,4.89428757460235,4.40169914401601
AT2G43750.1,5'_truncated,0.254214379568374,0.276596465452229,33.1665718026844,32.7691747800374
AT2G43750.1,Both_truncated,0.00695113154086611,0.00421947156047099,0.845961246874633,0.50238911218506
AT2G43750.1,Intact,0.701298614194454,0.681935618590928,91.5783272607401,80.5279286112213
AT2G43810.2,3'_truncated,0.00255434672309712,0.00397177907993299,0.464124039345708,0.692194011066744
AT2G43810.2,5'_truncated,0.026748723366271,0.0217549807977024,5.16878829186201,3.6116068155295
AT2G43810.2,Both_truncated,0,0.00106210017654159,0,0.157144504063081
AT2G43810.2,Intact,0.970696929910632,0.973565173338004,186.909086129068,163.90869179644
AT2G44060.1,3'_truncated,0.025038315659226,0.0226673718703867,6.29057840329052,5.91416914760602
AT2G44060.1,5'_truncated,0.142351032074701,0.143691204277006,36.0015151159394,37.3344307578298
AT2G44060.1,Both_truncated,0.00167425028285551,0.00112373751952963,0.433207270121931,0.288632741373031
AT2G44060.1,Intact,0.830936401983218,0.832517686333078,208.26780116237,217.26847382922
AT2G44120.1,3'_truncated,0.0179493481895431,0.0167654438719674,10.5824470960034,8.67594439759967
AT2G44120.1,5'_truncated,0.0749286451217136,0.0684257127811628,45.3249742476022,34.8655703791769
AT2G44120.1,Both_truncated,0.000930793674278266,0.00127905441201443,0.510120322147445,0.655021031508375
AT2G44120.1,Intact,0.906191213014465,0.913529788934855,533.497173119668,468.086866713276
AT2G44160.1,3'_truncated,0.114969767991652,0.106491241739374,15.3404517216435,15.4818673883871
AT2G44160.1,5'_truncated,0.181818026993603,0.162300456750624,25.1757008080822,23.6717341906918
AT2G44160.1,Both_truncated,0.00797316889710093,0.00613479933228488,1.06668342386628,0.880647722755151
AT2G44160.1,Intact,0.695239036117644,0.725073502177717,99.3902391074982,107.261509829258
AT2G44310.1,3'_truncated,0.00740866952568185,0.0060136601323196,1.12866579457038,0.884091339646819
AT2G44310.1,5'_truncated,0.0956064111659815,0.0865616092883627,18.2309043984093,12.4314934242665
AT2G44310.1,Both_truncated,0.00203067074323818,0.00106026332130319,0.399478195851158,0.157144504063081
AT2G44310.1,Intact,0.895631138812844,0.906717888365116,165.980842178892,130.033251218089
AT2G44490.1,3'_truncated,0.127832448133082,0.160167526967784,16.0842099951332,23.2857105858399
AT2G44490.1,5'_truncated,0.358770985361883,0.286119914727034,40.4000116288345,41.5345131146868
AT2G44490.1,Both_truncated,0.0234273509688583,0.0178079117847568,2.69753012123584,2.50632998109134
AT2G44490.1,Intact,0.489969215536177,0.535904646520425,67.8232610638616,79.9109731023463
AT2G44610.1,3'_truncated,0.0316769935044306,0.0350785107811419,4.0446032835436,4.10575750673795
AT2G44610.1,5'_truncated,0.0834270081705499,0.100983190442839,11.0366425735253,11.8478596404296
AT2G44610.1,Both_truncated,0.00460187845806296,0.00198019801980198,0.514847773889429,0.233266646286937
AT2G44610.1,Intact,0.881828079352978,0.863278232769419,112.684835914923,101.216872193359
AT2G44650.1,3'_truncated,0.0111251161214243,0.00825496385097962,2.63409268139151,1.84899421007202
AT2G44650.1,5'_truncated,0.0631640644931317,0.073776771097223,18.0450592843432,16.3779085817125
AT2G44650.1,Both_truncated,0.00218101694843019,0.000769726831486487,0.496347045453165,0.175055400245627
AT2G44650.1,Intact,0.923529802437014,0.917198538220311,247.879435697437,204.472368828589
AT2G44860.1,3'_truncated,0.0190239448177829,0.0148955941856124,3.4272152157478,2.4124737464997
AT2G44860.1,5'_truncated,0.0609950849170211,0.0678017709981801,12.7810706240842,11.0370194097649
AT2G44860.1,Both_truncated,0.00128306761634854,0.000679347826086957,0.285621476368758,0.116633323143469
AT2G44860.1,Intact,0.919125591854297,0.917076185540845,178.198644541544,151.43109227353
AT2G45070.3,3'_truncated,0.00656872592867225,0.00513205712130601,1.01299855201901,0.899405276973236
AT2G45070.3,5'_truncated,0.0233158554219454,0.0220302023119416,3.542780460253,3.74130739098062
AT2G45070.3,Intact,0.970115418649382,0.972837740566752,158.780300313023,160.779375414781
AT2G45640.1,3'_truncated,0.00931808188784276,0.0108527378355591,1.69990874730789,1.68083752236144
AT2G45640.1,5'_truncated,0.154192465473316,0.151150703063479,28.2033294273496,23.2645865275378
AT2G45640.1,Both_truncated,0.00350308502128561,0.00332220436096131,0.617090403282704,0.515964227442595
AT2G45640.1,Intact,0.832986367617555,0.83467435474,149.895982223267,129.74815074849
AT2G45740.2,3'_truncated,0.0419744768698293,0.0344321621771433,13.2372219906564,8.48498766383385
AT2G45740.2,5'_truncated,0.0789828869060307,0.0743953720087915,24.5257075064894,18.2735518190228
AT2G45740.2,Both_truncated,0.00143468423289691,0.00118951172446731,0.455426877929597,0.29762388360647
AT2G45740.2,Intact,0.878086180068875,0.889982954089598,265.42589030944,218.724308849896
AT2G45790.1,3'_truncated,0.028000783344416,0.0297027550779104,4.14056139400849,3.63036436974759
AT2G45790.1,5'_truncated,0.111716833635527,0.137767385422902,16.6960513027003,16.6406627465199
AT2G45790.1,Both_truncated,0.00123398155653748,0.00129599502805857,0.158042479215166,0.166047244389142
AT2G45790.1,Intact,0.85904840146352,0.831665862813815,126.145652491886,101.38777861787
AT2G45820.1,3'_truncated,0.0180665462151225,0.0157001536500962,6.26714622701992,5.04613298779073
AT2G45820.1,5'_truncated,0.0913153566141605,0.0946498828985434,31.8901146790356,30.0850707343948
AT2G45820.1,Both_truncated,0.00164875570002794,0.000999927470685349,0.631110345466996,0.339380836188935
AT2G45820.1,Intact,0.889518926704032,0.888650035980675,303.204111426642,287.178714745082
AT2G45860.1,3'_truncated,0.00685527045840184,0.0106232564428675,0.7890549914487,1.1317538769403
AT2G45860.1,5'_truncated,0.0304779164371755,0.0311349936884136,4.54953191158159,3.27510515754188
AT2G45860.1,Both_truncated,0.00113067280738238,0,0.229672794290318,0
AT2G45860.1,Intact,0.961913031232834,0.958241749868719,151.957232769314,102.405746459355
AT2G45960.1,3'_truncated,0.03761536394969,0.0287683201456337,30.7304504112915,32.2240100346196
AT2G45960.1,5'_truncated,0.116889833536176,0.0739500501458289,76.2696323757943,83.1114303290215
AT2G45960.1,Both_truncated,0.00251164292830402,0.00120403175678857,1.63747987983414,1.25720153850245
AT2G45960.1,Intact,0.84298315958583,0.896077597951749,849.100502756664,1002.84727756103
AT2G45980.1,3'_truncated,0.0302080980734309,0.0285679094926635,3.06353007311895,3.36913819594828
AT2G45980.1,5'_truncated,0.120506172378918,0.104362546257518,12.1549876326426,12.0128064998128
AT2G45980.1,Both_truncated,0.000979431929480901,0.00209205020920502,0.11189736415688,0.197655684982694
AT2G45980.1,Intact,0.848959252237824,0.866372194180083,89.2502895342886,102.483797721292
AT2G46170.1,3'_truncated,0.035827167115631,0.0311501881988028,5.27992791395103,4.01555572009882
AT2G46170.1,5'_truncated,0.0827021976407283,0.086666257744959,12.6670760275505,11.1880778320824
AT2G46170.1,Both_truncated,0.00104819398197915,0.00237866965981516,0.117552181748615,0.309705035102066
AT2G46170.1,Intact,0.880771839255655,0.880597774283028,131.905735129525,113.472016014936
AT2G46280.1,3'_truncated,0.0537277204162531,0.033038527959278,6.47226230602831,4.08486201682367
AT2G46280.1,5'_truncated,0.127613927090752,0.101777809500041,13.6978353115357,12.1026091728246
AT2G46280.1,Both_truncated,0.00113983747521957,0,0.113856719482399,0
AT2G46280.1,Intact,0.817898460842848,0.865183662540681,98.3557213532096,103.940683722142
AT2G46390.1,3'_truncated,0.00597432236128246,0.00338162854829347,0.76759312570889,0.388988574872411
AT2G46390.1,5'_truncated,0.0119113636906166,0.0140597262139684,1.66260962592227,1.55979703000863
AT2G46390.1,Intact,0.982114313948101,0.982558645237738,139.743883657943,110.612033118863
AT2G46600.1,3'_truncated,0.00531475142718649,0.00747410509519034,1.00329281823232,1.27940270961221
AT2G46600.1,5'_truncated,0.0381169584497374,0.0437879606560948,6.29047640524434,6.67627899107674
AT2G46600.1,Intact,0.956568290123076,0.948737934248715,167.512000984292,155.63876595898
AT2G46820.1,3'_truncated,0.00618528840653774,0.00810625607425559,2.21133530633902,2.87886426250491
AT2G46820.1,5'_truncated,0.120994811488837,0.12426714947054,45.1592431793415,44.3905170425622
AT2G46820.1,Both_truncated,0.000688892922849169,0.000695813942494423,0.230177080475609,0.224363905960877
AT2G46820.1,Intact,0.872131007181776,0.867162718493541,326.32876461978,309.128208251834
AT2G47110.1,3'_truncated,0.00308234502677485,0.00238162215601722,1.21095262638716,0.803456612683198
AT2G47110.1,5'_truncated,0.0568544570546407,0.065210967390379,22.8943727292995,22.0362899225294
AT2G47110.1,Both_truncated,0.000232342007434944,0,0.115816074807919,0
AT2G47110.1,Intact,0.939985750582773,0.932407410453604,368.761066186552,312.553079453914
AT2G47170.1,3'_truncated,0.0263693217811972,0.0217273703799445,6.56780717314882,4.84577492842148
AT2G47170.1,5'_truncated,0.102287506073444,0.09620168234289,26.4168102238549,21.8317129765173
AT2G47170.1,Both_truncated,0.065533610450935,0.0576719789924903,17.1359105872316,13.282156835294
AT2G47170.1,Intact,0.805809561694423,0.824398968284675,207.913370094685,185.825743512391
AT2G47320.1,3'_truncated,0.0268042232763397,0.0207584223664232,3.86318379189364,2.57832717345104
AT2G47320.1,5'_truncated,0.0796160920687609,0.078785239585318,11.8915986463291,9.92427942410135
AT2G47320.1,Both_truncated,0.00101112234580384,0.00184314166077084,0.11189736415688,0.230974659774889
AT2G47320.1,Intact,0.893242643872965,0.899227576941078,130.566240293668,112.911831469265
AT2G47380.1,3'_truncated,0.000816559535860761,0.00157634764510958,0.194184195973662,0.264681269442687
AT2G47380.1,5'_truncated,0.0216813159059124,0.0280043804614435,4.91744701015969,5.22122241528245
AT2G47380.1,Intact,0.977502124558227,0.970419271893447,217.939442977049,181.949617669038
AT2G47400.1,3'_truncated,0.00545105571636199,0.00412234842956473,1.98086056135031,1.93900771414468
AT2G47400.1,5'_truncated,0.124558076235605,0.101027651223763,43.7125673337061,46.2426596940537
AT2G47400.1,Both_truncated,0.000512557662737058,0,0.115816074807919,0
AT2G47400.1,Intact,0.869820015493787,0.894850000346672,343.443752410266,410.012585115064
AT2G47450.1,3'_truncated,0.00713092620256003,0.0101284814161387,1.195277783783,1.45385964392138
AT2G47450.1,5'_truncated,0.802961629735501,0.773508421431981,107.132028311654,109.233358484837
AT2G47450.1,Both_truncated,0.0250135135317942,0.0253533458432722,3.76910757469848,3.44326184525246
AT2G47450.1,Intact,0.164893930530145,0.191009751308608,28.3840749644891,27.3864576462646
AT2G47610.1,3'_truncated,0.0246655405439598,0.0267316164901842,15.0533215515316,14.7796961342748
AT2G47610.1,5'_truncated,0.102198031955861,0.0962735937407718,62.5511133237692,52.8986779538246
AT2G47610.1,Both_truncated,0.00227809007492618,0.00191757456142691,1.40136694396633,1.05875910501684
AT2G47610.1,Intact,0.870858337425253,0.875077215207617,529.307163653225,482.552470866373
AT2G47640.3,3'_truncated,0.00883313978628095,0.00728416029901377,0.954386397150122,0.580321464762127
AT2G47640.3,5'_truncated,0.0460076328570133,0.0410178599272671,4.70944270328137,3.40804999757553
AT2G47640.3,Both_truncated,0,0.00106382978723404,0,0.112049350119372
AT2G47640.3,Intact,0.945159227356706,0.951343369844641,100.205425017562,80.1061262341955
AT2G47690.1,5'_truncated,0.995514788633366,0.996550460382474,225.61508020447,188.176812474441
AT2G47690.1,Both_truncated,0.00268283319184056,0.00272736769189517,0.612163120261084,0.521722583845213
AT2G47690.1,Intact,0.00180237817479302,0.00108325788844612,0.378067329134435,0.204266438796707
AT2G47710.1,3'_truncated,0.0079455052392608,0.00838121787145538,2.17203262099734,2.06139939369077
AT2G47710.1,5'_truncated,0.0500290409445304,0.0450068402025119,13.2866655635396,11.3631447110797
AT2G47710.1,Both_truncated,0.00037397157816006,0,0.11189736415688,0
AT2G47710.1,Intact,0.941900796623489,0.946611941926033,256.313705631889,242.44186563114
AT3G01120.1,3'_truncated,0.0433640159836123,0.0431292714691805,7.65577037707309,7.93032246582485
AT3G01120.1,5'_truncated,0.413065259829803,0.37194380443925,65.3561454267817,68.1808801245341
AT3G01120.1,Both_truncated,0.00819070969209097,0.0102732527976462,1.57258737084958,1.86296843895687
AT3G01120.1,Intact,0.535380014494494,0.574653671293923,101.093122948699,105.704452785022
AT3G01280.1,3'_truncated,0.0265072584810813,0.0208054436102735,6.57332978519663,5.13793081993008
AT3G01280.1,5'_truncated,0.11318317409556,0.11132734749279,28.0016606384227,27.2163087541771
AT3G01280.1,Both_truncated,0.00123261087173677,0.00150112400496673,0.316084958430332,0.345703631281913
AT3G01280.1,Intact,0.859076956551622,0.86636608489197,215.989408351718,213.121105510227
AT3G01390.3,3'_truncated,0.00697138468716934,0.00750875041733311,5.88735941765742,4.83429224286234
AT3G01390.3,5'_truncated,0.0335350019618963,0.0353942020138729,27.4559720181324,22.8854664463883
AT3G01390.3,Intact,0.959493613350934,0.957097047568794,765.709375976286,617.995069569346
AT3G01480.1,3'_truncated,0.0624674258625935,0.0481303253443659,12.602070177505,8.64585800413378
AT3G01480.1,5'_truncated,0.290981325202604,0.287561340276641,59.0228586311187,51.0428416069581
AT3G01480.1,Both_truncated,0.0101899147270183,0.00945361094590186,2.06847433874799,1.64178294416552
AT3G01480.1,Intact,0.636361334207784,0.654854723433091,128.149140499066,119.133636119843
AT3G01500.2,3'_truncated,0.631516699819117,0.636739520536278,554.197339866536,598.871348972842
AT3G01500.2,5'_truncated,0.0393708773294879,0.0320774960138774,28.431489363084,29.8969011284359
AT3G01500.2,Both_truncated,0.254528482271601,0.265332744161341,198.029516507978,247.274325425437
AT3G01500.2,Intact,0.0745839405797944,0.0658502392885043,64.9282460510567,61.8513688914525
AT3G02080.1,3'_truncated,0.0101197687212118,0.00949856392314965,6.70789325393083,5.77836767786544
AT3G02080.1,5'_truncated,0.0423468159387727,0.0453043294510074,28.0432833841783,27.9275506837666
AT3G02080.1,Both_truncated,0.000196270853778214,0.00036163623883067,0.12320699934035,0.215461165634816
AT3G02080.1,Intact,0.947467991722089,0.944956015799956,620.998056632081,580.381821669207
AT3G02730.1,3'_truncated,0.0113125552650694,0.0106173225871841,6.91705496543628,6.09550183694682
AT3G02730.1,5'_truncated,0.0596534384416848,0.056811206247487,37.1717734162294,32.7451433658542
AT3G02730.1,Both_truncated,0.000143472022955524,0.000589150486151037,0.115816074807919,0.363702929371836
AT3G02730.1,Intact,0.928986182285594,0.932178704174562,555.718854675533,535.056963018534
AT3G02780.1,3'_truncated,0.618642052836846,0.583779923314518,99.8067018611173,82.277729263031
AT3G02780.1,5'_truncated,0.11097094008337,0.131032749077026,17.8283132196088,18.2579638073108
AT3G02780.1,Both_truncated,0.00178201667608136,0.00261242870142315,0.277479600161026,0.372323450352718
AT3G02780.1,Intact,0.268604990403703,0.282574898907034,42.71888132968,39.07657579407
AT3G03100.1,3'_truncated,0.0201862725618186,0.0137095306335971,2.96917586405084,2.19371174054187
AT3G03100.1,5'_truncated,0.109342285472058,0.0975659215973248,15.6807462710525,15.4815818352497
AT3G03100.1,Both_truncated,0.00226335971208494,0.00367448091091762,0.347001727654109,0.576606902772471
AT3G03100.1,Intact,0.8689625354914,0.886274893828466,128.970390559433,140.885411613247
AT3G03920.1,3'_truncated,0.0233258020203993,0.0218532545715112,3.07917166229785,2.43428728273384
AT3G03920.1,5'_truncated,0.0986930826648346,0.0827589798654097,11.2502653986426,9.00586025585137
AT3G03920.1,Both_truncated,0.00175285741720162,0.00271493212669683,0.192877959089982,0.296483527474041
AT3G03920.1,Intact,0.876228257897564,0.894482788187514,111.750851968685,99.479718358762
AT3G04400.1,3'_truncated,0.00481835924210412,0.00492829280502642,7.10958842580279,6.37763497941212
AT3G04400.1,5'_truncated,0.0440261472996091,0.0463087517963247,68.6108075928113,60.2153756565008
AT3G04400.1,Both_truncated,0.000145065490262224,0.000266269348028513,0.195341600600793,0.350110800491255
AT3G04400.1,Intact,0.951010427968025,0.94849668605062,1439.4460537184,1228.508987248
AT3G04730.1,3'_truncated,0.050571616422536,0.0459269107866057,12.0826573649153,12.450735883931
AT3G04730.1,5'_truncated,0.240673930050744,0.202410136022885,55.0783217433029,53.9565574419261
AT3G04730.1,Both_truncated,0.00580327395351672,0.00281422444192245,1.29323945820394,0.770513998519416
AT3G04730.1,Intact,0.702951179573204,0.748848728748587,176.194205031264,199.965860077533
AT3G04790.1,3'_truncated,0.0134689559733684,0.0127919440214314,2.28186600620268,2.02731642339456
AT3G04790.1,5'_truncated,0.19441389360039,0.195255786884344,34.2289285237149,30.2866937801291
AT3G04790.1,Both_truncated,0.00226050899806017,0.000971922148572493,0.395759316479755,0.148047946299219
AT3G04790.1,Intact,0.789856641428182,0.790980346945652,137.213105271962,122.191006347385
AT3G04840.1,3'_truncated,0.0220008088025737,0.0225928205980378,5.54565138215894,4.55891503636343
AT3G04840.1,5'_truncated,0.124301628406274,0.150185310251176,31.3535062885463,30.056773480163
AT3G04840.1,Both_truncated,0.00168147644795009,0.00178707607675708,0.485437072828968,0.363509111934035
AT3G04840.1,Intact,0.852576578492519,0.825434793074029,215.805520251713,168.628095419547
AT3G04910.1,3'_truncated,0.310107334075612,0.232943642757888,42.0528497897384,31.2293111350332
AT3G04910.1,5'_truncated,0.317854609382066,0.340702978671924,44.8175532001689,45.5948122674841
AT3G04910.1,Both_truncated,0.0158436124732026,0.0227246381638663,2.21002906945534,3.02477427310793
AT3G04910.1,Intact,0.35619444406912,0.403628740406322,52.7979219950924,55.6403529864081
AT3G04920.1,3'_truncated,0.00826288551794125,0.0100138691324072,6.84492036417583,6.71954138617285
AT3G04920.1,5'_truncated,0.0489433461824991,0.0530914064632637,42.8312434010953,36.2117408887826
AT3G04920.1,Both_truncated,0.000356833038067839,0.000533496602680415,0.387210987320194,0.358925138909938
AT3G04920.1,Intact,0.942436935261492,0.936361227801649,807.422388613116,637.117066577627
AT3G05165.5,3'_truncated,0.719902354375074,0.780061980518492,54.3702322147643,61.6566710998969
AT3G05165.5,Both_truncated,0.280097645624927,0.219938019481508,18.8796746292198,17.237506559233
AT3G05490.1,3'_truncated,0.00776510321520372,0.00543068546212901,1.64864068276106,1.32382800933513
AT3G05490.1,5'_truncated,0.0278861493605487,0.0216690281774408,5.61699498792626,5.628837246556
AT3G05490.1,Intact,0.964348747424248,0.97290028636043,207.50776050953,251.846954640793
AT3G05590.1,3'_truncated,0.03063232755172,0.0257998964151315,8.06819119811704,6.4272086908495
AT3G05590.1,5'_truncated,0.0868351001509873,0.0828239237115432,23.3062087887131,20.9544859131504
AT3G05590.1,Both_truncated,0.00195466286084846,0.00189899153548085,0.496495877709714,0.471151292844065
AT3G05590.1,Intact,0.880577909436444,0.889477188337845,240.57103551675,221.989279834638
AT3G05730.1,3'_truncated,0.00177212883098541,0.00231752945455067,0.88456660514394,1.08153619356867
AT3G05730.1,5'_truncated,0.0205276754912457,0.0184661525545671,9.75926753253739,8.80255496378863
AT3G05730.1,Intact,0.977700195677769,0.979216317990882,477.700344755452,469.301165502506
AT3G05880.1,3'_truncated,0.00196449391171096,0.00138889010449914,0.700534639726617,0.465039328811936
AT3G05880.1,5'_truncated,0.0318428938797743,0.0365057555025407,14.4502114344248,12.6391603795407
AT3G05880.1,Both_truncated,0.000167869733087124,0,0.115816074807919,0
AT3G05880.1,Intact,0.966136655630819,0.96210535439296,416.33803565934,337.590276456844
AT3G06700.1,3'_truncated,0.00285284702022868,0.00266590654339787,0.691837478310506,0.571507126343444
AT3G06700.1,5'_truncated,0.0232742565602258,0.0232206360564694,5.73988241234298,4.73934115813607
AT3G06700.1,Intact,0.973872896419545,0.974113457400133,235.629557171219,205.509708102194
AT3G07230.1,3'_truncated,0.00504084140807099,0.00463834214905123,1.04537039038301,0.749441704790381
AT3G07230.1,5'_truncated,0.00795571545238404,0.00563622825969761,1.74750893150641,0.925848292229285
AT3G07230.1,Intact,0.987003443139545,0.989725429591251,225.106641787747,159.560439849555
AT3G07460.1,3'_truncated,0.0131540166122024,0.0189034548300139,2.54683173234273,3.53292174169561
AT3G07460.1,5'_truncated,0.162610340384636,0.172330934320701,33.3031055819494,33.0601788366619
AT3G07460.1,Both_truncated,0.00196738514442669,0.00289855072463768,0.344538086143299,0.672296100716231
AT3G07460.1,Intact,0.822268257858735,0.807799427274406,168.049010564568,153.892691808018
AT3G07470.2,3'_truncated,0.00926576524315557,0.00843146411272618,1.67201769519586,1.4958274275647
AT3G07470.2,5'_truncated,0.133230122021635,0.12213343055689,23.9197249800682,22.4213499750637
AT3G07470.2,Both_truncated,0.000644595487525573,0,0.116973479435049,0
AT3G07470.2,Intact,0.856859517247684,0.869435105330384,159.128639642608,156.880993240233
AT3G07480.1,3'_truncated,0.00286798675520555,0.00333333333333333,0.271246080255726,0.296483527474041
AT3G07480.1,5'_truncated,0.0777360915000678,0.0964895457975034,7.48704684512591,7.30945245910487
AT3G07480.1,Both_truncated,0.00232288037166086,0,0.231632149615838,0
AT3G07480.1,Intact,0.918621628287506,0.902399343091385,88.024008180335,68.1594500413979
AT3G08510.1,3'_truncated,0.0956963223978314,0.085807479787341,14.4103156578273,15.9759500251033
AT3G08510.1,5'_truncated,0.351444465374026,0.345311856928856,52.1896633832411,63.4349209958329
AT3G08510.1,Both_truncated,0.0108538134111384,0.0135415958418557,1.54824862025458,2.46134024267806
AT3G08510.1,Intact,0.542005398817005,0.555339067441948,84.4437825605899,103.581139016209
AT3G08520.1,3'_truncated,0.000359848646552538,0.000444667466725512,0.155578837704356,0.161463271365045
AT3G08520.1,5'_truncated,0.0104536154294964,0.0124031190906228,5.03402082703547,4.3260475037038
AT3G08520.1,Intact,0.989186535923951,0.98730043593156,469.012421519388,353.508502784035
AT3G08580.2,3'_truncated,0.0500146564811652,0.0418259998472747,9.81376005912863,7.59705359366804
AT3G08580.2,5'_truncated,0.358506864493502,0.353265816137722,64.7304274473992,63.7616032502357
AT3G08580.2,Both_truncated,0.00197597270945166,0.00196467665084451,0.482824599061609,0.334973666979594
AT3G08580.2,Intact,0.589502506315881,0.602943507364159,125.132442626064,112.386055764601
AT3G08610.1,3'_truncated,0.00222424223324738,0.00155314421485084,1.2444818693783,0.85996306390172
AT3G08610.1,5'_truncated,0.0449786282160453,0.0463827437500277,26.7465913847332,25.3903882555369
AT3G08610.1,Intact,0.952797129550707,0.952064112035121,553.254314896014,520.276295185197
AT3G08740.1,3'_truncated,0.00983465635342775,0.0139394534699115,2.22104104012571,3.0594216820945
AT3G08740.1,5'_truncated,0.108089710950256,0.122078073284683,24.656765507917,26.4031652627531
AT3G08740.1,Both_truncated,0.000473814981459122,0.00106322273947155,0.119511537074134,0.226390686750792
AT3G08740.1,Intact,0.88175975604201,0.863273658085758,204.901324241905,188.348245537629
AT3G08940.2,3'_truncated,0.013635604193013,0.0108685697656173,10.5394380257285,10.7871623610348
AT3G08940.2,5'_truncated,0.179893670493223,0.15610769853869,138.718148444932,156.428041132864
AT3G08940.2,Both_truncated,0.00108042972747363,0.00101037750009941,0.940566286245467,1.00801101020094
AT3G08940.2,Intact,0.80539029558629,0.832013354195593,674.16652723827,830.090621625116
AT3G09260.1,3'_truncated,0.0726536357832534,0.0667587419799567,120.091232863815,142.396270728825
AT3G09260.1,5'_truncated,0.259439032542426,0.237558607865221,416.30488742994,500.924564216666
AT3G09260.1,Both_truncated,0.00973411383331144,0.00893855432631639,15.7586814762337,19.1068159396189
AT3G09260.1,Intact,0.658173217841009,0.686744095828506,1103.30122963698,1472.58116876481
AT3G09390.1,3'_truncated,0.00200068724013891,0.0022643149656672,8.7474128043604,8.34675163551708
AT3G09390.1,5'_truncated,0.0278466587427153,0.0278453458846444,126.043311964183,103.543274573608
AT3G09390.1,Both_truncated,4.00288207509407e-05,3.48492768775048e-05,0.12320699934035,0.116633323143469
AT3G09390.1,Intact,0.970139311076895,0.969878722724063,4269.92274487228,3584.0915926808
AT3G09500.1,3'_truncated,0.013932441975242,0.0140351537472117,5.23695734826104,4.10190329746726
AT3G09500.1,5'_truncated,0.0215858755212656,0.0214750089019495,8.07437788381197,6.38053670610781
AT3G09500.1,Both_truncated,0.000884564352056612,0.000556401028848276,0.463264299231676,0.146519955291186
AT3G09500.1,Intact,0.964186827719474,0.963933436321991,373.714325961238,277.947269714588
AT3G09735.1,3'_truncated,0.00764893923314233,0.0100188286037791,1.24955798465647,1.37152012213497
AT3G09735.1,5'_truncated,0.0140981421252419,0.0191674982932497,2.36143836620593,2.63369326853713
AT3G09735.1,Both_truncated,0.0010351966873706,0.00152711205363913,0.231632149615838,0.206558425308755
AT3G09735.1,Intact,0.977907853079159,0.969795598400545,162.925683446248,133.111477187427
AT3G09820.1,3'_truncated,0.0318324390322307,0.0260105073734365,8.3379021215969,7.48137234409054
AT3G09820.1,5'_truncated,0.164396827786562,0.154132478783751,40.7457946961706,43.1803880498366
AT3G09820.1,Both_truncated,0.00565576993034535,0.00462405036580433,1.38900190220191,1.29855937745761
AT3G09820.1,Intact,0.798114963250862,0.815232963477008,230.509339444471,232.357369212444
AT3G09840.1,3'_truncated,0.165937213595909,0.0981520140595345,27.113246305019,22.9520478202322
AT3G09840.1,5'_truncated,0.430182538460365,0.429058614141388,85.2747768593286,100.673393876047
AT3G09840.1,Both_truncated,0.0206304502308033,0.0196684985544742,3.68303728370209,4.55821929985611
AT3G09840.1,Intact,0.383249797712923,0.453120873244603,105.04873109717,108.886191962289
AT3G09860.1,3'_truncated,0.00845048703384821,0.00704928579599374,1.90786621997584,1.53047483655127
AT3G09860.1,5'_truncated,0.078389257473788,0.0682226781053504,18.2457081578847,15.006331474828
AT3G09860.1,Both_truncated,0.00141086221941551,0.000826439095098976,0.277479600161026,0.172657998203155
AT3G09860.1,Intact,0.911749393272948,0.924177076701923,207.933383474443,203.433513263108
AT3G10520.1,3'_truncated,0.0300803618885423,0.0270439334558745,4.7991340404157,5.6816437438242
AT3G10520.1,5'_truncated,0.104501677552985,0.100208805735311,16.7893523429578,21.0195622534897
AT3G10520.1,Both_truncated,0.00141590913425388,0.00182673868387419,0.194184195973662,0.387460583864379
AT3G10520.1,Intact,0.864002051424219,0.87092052212494,145.140680572263,183.089231674099
AT3G10860.1,3'_truncated,0.0031527087455113,0.00248054967409806,1.30400059857159,0.813234503419554
AT3G10860.1,5'_truncated,0.021068508196842,0.0274023505071892,9.12285407894237,9.52974332388717
AT3G10860.1,Intact,0.975778783057647,0.970117099818713,428.187202780158,327.90143098768
AT3G10920.1,3'_truncated,0.0160899405905381,0.0155433104691958,4.58384080705112,4.20344499309687
AT3G10920.1,5'_truncated,0.124533281074144,0.114059151029185,35.6682722434991,30.8779789977578
AT3G10920.1,Both_truncated,0.00199426063706041,0.00191300191100409,0.561446176109918,0.506514062049221
AT3G10920.1,Intact,0.858047271243944,0.869122203894284,245.210352303733,235.874379649211
AT3G11120.1,3'_truncated,0.00131665569453588,0.0018034265103697,0.231632149615838,0.197655684982694
AT3G11120.1,5'_truncated,0.0131127912056784,0.0146809168310756,1.46349814692699,1.30907851069908
AT3G11120.1,Intact,0.98644832356281,0.984717940998801,111.161299256795,86.0286582443824
AT3G11400.1,3'_truncated,0.0351558948184238,0.0231362543525896,4.35657386485597,3.95692281193581
AT3G11400.1,5'_truncated,0.135894243067983,0.128548873184891,15.0906342537023,21.5102918763008
AT3G11400.1,Both_truncated,0.115676639250336,0.0478301918985114,12.090695703844,7.82705823804549
AT3G11400.1,Intact,0.713273222863257,0.800484680564008,126.141820338932,136.600634649336
AT3G11510.1,3'_truncated,0.00907024739425438,0.00711583477635655,3.41152679235853,2.54541858653335
AT3G11510.1,5'_truncated,0.0422084573009061,0.0503125934003782,15.5959292908743,17.8260324177257
AT3G11510.1,Both_truncated,0.00047636497645239,0.000253936008125952,0.171764756886359,0.0988278424913471
AT3G11510.1,Intact,0.948403718653871,0.942486926487223,351.79517393605,333.559960044927
AT3G11930.2,3'_truncated,0.00803516581087781,0.00936438552896104,1.11952213638462,1.25925994095475
AT3G11930.2,5'_truncated,0.178613310250833,0.141481267082911,19.0901342479835,18.5203643644886
AT3G11930.2,Both_truncated,0.0037498840426069,0.000771010023130301,0.310000270781581,0.0988278424913471
AT3G11930.2,Intact,0.809601639895682,0.848897344047084,110.694478002333,111.95322507267
AT3G12120.1,3'_truncated,0.0805593376898239,0.0410257902661385,6.15295596401931,4.70657534778704
AT3G12120.1,5'_truncated,0.348571045719809,0.274927884776633,25.654879437206,31.057937951411
AT3G12120.1,Both_truncated,0.00379038712666919,0.0056537636285796,0.520502591481164,0.548553233976867
AT3G12120.1,Intact,0.568342691839254,0.678392561328649,86.2542419531214,83.00991489472
AT3G12290.1,3'_truncated,0.0218676453256136,0.0202405101002244,4.22879766200259,4.36140212794939
AT3G12290.1,5'_truncated,0.274130236638291,0.27422244828721,52.0161356360337,58.5155705668785
AT3G12290.1,Both_truncated,0.00339733164170798,0.00549769206966055,0.633476153744344,1.16775247312015
AT3G12290.1,Intact,0.700604786394387,0.700039349542905,134.439193715026,150.167518661169
AT3G12390.1,3'_truncated,0.0188503679770957,0.0269261798452396,3.97709830079168,5.27297956841383
AT3G12390.1,5'_truncated,0.107982568136395,0.0906467029247838,22.667350525552,17.7867104327284
AT3G12390.1,Both_truncated,0.00239537175809085,0.00198590687619124,0.497802114593394,0.402386886315191
AT3G12390.1,Intact,0.870771692128419,0.880441210353785,184.621673895006,173.152594887384
AT3G12490.2,3'_truncated,0.00139837716457662,0.00122919743555138,0.623472755444554,0.527834547877343
AT3G12490.2,5'_truncated,0.87519654228512,0.880785511079706,395.787793116643,366.132210448084
AT3G12490.2,Both_truncated,0.0185947451396507,0.0204128322540083,8.53814909480878,8.60377040142522
AT3G12490.2,Intact,0.104810335410652,0.0975724592307347,47.0114919459053,40.7285246728565
AT3G12610.1,3'_truncated,0.0334583055564765,0.0260869064808421,4.07768602976509,3.24806367634937
AT3G12610.1,5'_truncated,0.205239591707371,0.208197008695785,25.2195840399516,26.1744773693138
AT3G12610.1,Both_truncated,0.00471829102369733,0.00251184707898877,0.587182206429508,0.323103346544846
AT3G12610.1,Intact,0.756583811712456,0.763204237744385,93.3341192696229,97.2988052366994
AT3G12630.1,3'_truncated,0.0105968996565357,0.0099215990370632,3.98987658590049,3.99028708822129
AT3G12630.1,5'_truncated,0.0665134916039051,0.0628269571030693,24.1689252085727,25.7614630094436
AT3G12630.1,Both_truncated,0.00032590806997135,0.000267094017094017,0.119511537074134,0.116633323143469
AT3G12630.1,Intact,0.922672336692912,0.927162412520836,344.115983903557,382.918573601173
AT3G12780.1,3'_truncated,0.013364886528417,0.0132278828048135,2.83652754201164,2.99049195050258
AT3G12780.1,5'_truncated,0.671974875291273,0.692474046731236,136.519373651595,158.114521153959
AT3G12780.1,Both_truncated,0.0192744644270805,0.016513710969528,3.92979578110627,3.72326853077327
AT3G12780.1,Intact,0.295385773753229,0.277784359494423,63.1433474082096,61.1233814860813
AT3G13120.1,3'_truncated,0.00692319477257966,0.00941330497665952,2.04952294872936,2.64495364428371
AT3G13120.1,5'_truncated,0.0972664792745915,0.121472876829233,29.6441947231245,31.9357630717053
AT3G13120.1,Both_truncated,0.000402585648990818,0.000726283080741762,0.117552181748615,0.215461165634816
AT3G13120.1,Intact,0.895541935520168,0.868629629473613,279.342372801383,236.569426737596
AT3G13200.1,3'_truncated,0.0363971679050579,0.0303231932740455,4.95511254067932,3.79927377871499
AT3G13200.1,5'_truncated,0.0945931841114724,0.0833944158791446,12.1174105193841,10.4202096322091
AT3G13200.1,Both_truncated,0.00231281826104294,0.0039639252419558,0.341346910062374,0.511098035073318
AT3G13200.1,Intact,0.867467769142774,0.883639774018839,122.791477587018,111.012747918888
AT3G13520.1,3'_truncated,0.00138152002035485,0.00185528685213885,0.434364674749061,0.508501076217189
AT3G13520.1,5'_truncated,0.0150359824405633,0.0179680010274226,4.58709544405506,5.50874882776915
AT3G13520.1,Intact,0.983582497539082,0.980176712120439,301.782083753598,296.862912800445
AT3G13920.1,3'_truncated,0.0435592177088809,0.033337027819289,7.9422916373737,5.91355920291786
AT3G13920.1,5'_truncated,0.30280070300122,0.332215752264418,54.259388795037,58.4564120584386
AT3G13920.1,Both_truncated,0.00651859482680561,0.00524496318414713,1.17104103123417,0.931395817571055
AT3G13920.1,Intact,0.647121484463093,0.629202256732146,120.28285239108,111.830082119275
AT3G14210.1,3'_truncated,0.0499317136308342,0.0378550397689556,10.6683164693732,8.99086589890838
AT3G14210.1,5'_truncated,0.287595404174035,0.246651055317201,59.6781955375432,62.3513880071005
AT3G14210.1,Both_truncated,0.013161527253994,0.00535780722796257,2.60955826432958,1.24415683468919
AT3G14210.1,Intact,0.649311354941137,0.710136097685881,164.745440272056,180.482743796162
AT3G14420.1,3'_truncated,0.0337476079448414,0.0372760376691387,7.23402157439118,8.39570392351459
AT3G14420.1,5'_truncated,0.394106729461692,0.421124205251972,76.7148526349506,88.6626138881728
AT3G14420.1,Both_truncated,0.00861608009865394,0.00866126885890524,1.62385543539641,1.77028658774374
AT3G14420.1,Intact,0.563529582494813,0.532938488219984,132.793105351343,119.8477265959
AT3G14600.1,3'_truncated,0.0126130895624504,0.0109463601098391,5.61011097515896,4.79410878728571
AT3G14600.1,5'_truncated,0.0678858247915397,0.0735901376630841,29.7150804891074,32.1729864180102
AT3G14600.1,Both_truncated,0.000612020547526009,0.000918960631329296,0.271246080255726,0.397802913291094
AT3G14600.1,Intact,0.918889065098484,0.914544541595748,407.341554585046,397.870725063426
AT3G14930.1,3'_truncated,0.0356403056308538,0.0307055852386404,5.13165991314347,4.8806331684689
AT3G14930.1,5'_truncated,0.337049135727388,0.293784333113601,43.5709311182881,45.9253151129205
AT3G14930.1,Both_truncated,0.00744983518067809,0.00696109299286449,0.920857154158985,1.09649652326557
AT3G14930.1,Intact,0.619860723461081,0.668548988654894,89.335904223271,105.788508989392
AT3G15190.1,3'_truncated,0.0106376228312666,0.0137822176633057,3.16888267207232,3.38004496406535
AT3G15190.1,5'_truncated,0.0956725990364825,0.0934264647490587,28.0654977408263,23.3773474950746
AT3G15190.1,Both_truncated,0.00116323408187257,0.00140740035673345,0.358311362837579,0.401922123779401
AT3G15190.1,Intact,0.892914288744336,0.891853050683146,264.552341807888,223.103000291928
AT3G15353.2,3'_truncated,0.00304085451565107,0.00256052586789492,1.05029767340464,0.674742138044133
AT3G15353.2,5'_truncated,0.0150500528143677,0.0164318368627277,5.46085407462097,4.20134108464676
AT3G15353.2,Intact,0.981909092669981,0.981007637269377,354.324015655384,253.811121391292
AT3G15360.1,3'_truncated,0.00687410389885755,0.00616081710260717,4.79873437785642,4.05073354052965
AT3G15360.1,5'_truncated,0.109813910475216,0.106738299035018,80.0203136176515,71.5110146888415
AT3G15360.1,Both_truncated,0.000619403105811108,0.00106095066493168,0.462966634718578,0.716322286811843
AT3G15360.1,Intact,0.882692582520115,0.886039933197443,634.954459392896,589.247714054325
AT3G15480.1,3'_truncated,0.0236078829897112,0.0220409742383727,3.24463831947071,3.416089066243
AT3G15480.1,5'_truncated,0.0748304411036015,0.0528050102425954,10.2120215217041,7.84301133613874
AT3G15480.1,Both_truncated,0.000847842619707902,0.00112529410471227,0.117552181748615,0.154852517551033
AT3G15480.1,Intact,0.900996447493549,0.924403819449224,123.745496112882,139.409631949195
AT3G15850.1,3'_truncated,0.0585667035849614,0.0451869615344255,10.5842549934926,9.23660133156651
AT3G15850.1,5'_truncated,0.207693047510808,0.202169570147791,37.9422759045999,41.5776486141243
AT3G15850.1,Both_truncated,0.00485374891807274,0.00691004984024159,0.897182477211089,1.44486850168794
AT3G15850.1,Intact,0.728886499986158,0.745733418477542,136.090836031794,157.301080919786
AT3G15950.2,3'_truncated,0.262918169855942,0.214298866099159,39.9440279264636,38.6820693189435
AT3G15950.2,5'_truncated,0.291154688004078,0.33211025324867,44.9722534658144,58.9433118768903
AT3G15950.2,Both_truncated,0.0427327606233928,0.0318803805438639,6.40804521370559,5.66153500241284
AT3G15950.2,Intact,0.403194381516586,0.421710500108307,64.3590534964856,77.0888712191095
AT3G16000.1,3'_truncated,0.123851706550565,0.127560427810821,15.6858027136905,14.5867557201332
AT3G16000.1,5'_truncated,0.31487006410658,0.334923215307478,40.1058757752689,37.7019431141785
AT3G16000.1,Both_truncated,0.0428954196161958,0.0281887346891275,5.36654669976324,3.04454088564149
AT3G16000.1,Intact,0.51838280972666,0.509327622192574,67.2844904853827,58.8745104883648
AT3G16080.1,3'_truncated,0.00397942436982061,0.00487654295498384,1.51848925565793,1.53047483655127
AT3G16080.1,5'_truncated,0.0427622319998617,0.0408911450381216,16.5490676283659,12.8210464378292
AT3G16080.1,Both_truncated,0.000330225058929965,0.000366568914956012,0.119511537074134,0.112049350119372
AT3G16080.1,Intact,0.953038193591031,0.954110122368576,355.166661886028,297.113229977707
AT3G16140.1,3'_truncated,0.0075330894319405,0.0079292342613525,1.28178099076392,1.24301647855676
AT3G16140.1,5'_truncated,0.0663717102359316,0.0738032525067418,11.5976532080708,11.5538902047757
AT3G16140.1,Both_truncated,0.000601684717208183,0.00159559081890876,0.12320699934035,0.224363905960877
AT3G16140.1,Intact,0.925894638759725,0.9172037860193,163.405876934827,142.178819715927
AT3G16240.1,3'_truncated,0.0140409322344953,0.0140514101962093,17.0678155916896,16.1876820207091
AT3G16240.1,5'_truncated,0.0840806817779068,0.0782425312660801,96.6220100007412,89.6226021354477
AT3G16240.1,Both_truncated,0.000740334107591475,0.000913012192954752,0.859883355825463,1.0735086036529
AT3G16240.1,Intact,0.901138051880006,0.906793046344756,1068.32936337751,1043.15672405509
AT3G16250.1,3'_truncated,0.00910030827740884,0.017341024719199,1.3613065165568,2.26595379120851
AT3G16250.1,5'_truncated,0.284319011704042,0.286939835544274,42.5550027553485,37.7177689076041
AT3G16250.1,Both_truncated,0.0128896121887696,0.0111321129280406,1.87393731442543,1.44927567089729
AT3G16250.1,Intact,0.69369106782978,0.684587026808487,104.342004959067,89.0769017584092
AT3G16370.1,3'_truncated,0.0498374234614191,0.0383864376851786,8.3260304108125,6.49430232980168
AT3G16370.1,5'_truncated,0.403218859935109,0.447897816084762,68.3237808178206,75.5052876931594
AT3G16370.1,Both_truncated,0.0115461105199354,0.00595204930604659,1.92239723873797,1.02602732191391
AT3G16370.1,Intact,0.535397606083537,0.507763696924013,89.7876686912512,85.4760196870056
AT3G16400.1,3'_truncated,0.0679550268423249,0.0326756783049895,17.6331143594095,17.9945723381535
AT3G16400.1,5'_truncated,0.294242413489703,0.245343783647593,93.3400557464712,132.586806961879
AT3G16400.1,Both_truncated,0.00421502702132688,0.00501859502059653,1.28771684615613,2.7016824053148
AT3G16400.1,Intact,0.633587532646645,0.716961943026821,294.68159187226,394.154136399645
AT3G16420.1,3'_truncated,0.0360630391831765,0.0408422937123375,6.47859782397979,8.46135577228692
AT3G16420.1,5'_truncated,0.252666514304524,0.256350237026494,40.973787808399,51.4783182861641
AT3G16420.1,Both_truncated,0.0024929859245602,0.0071316694000063,0.522736194214595,1.17944598974014
AT3G16420.1,Intact,0.70877746058774,0.695675799861162,135.907533510105,156.510926289432
AT3G16450.2,3'_truncated,0.0251929746468486,0.0321192451677169,2.60881410304684,4.27121182006197
AT3G16450.2,5'_truncated,0.204434500185694,0.158987603148142,16.5726508746634,21.0022642267784
AT3G16450.2,Both_truncated,0.0037777711363769,0.00252255002841864,0.526157409072899,0.372605669697897
AT3G16450.2,Intact,0.76785401107654,0.807211451665196,86.2006957723617,108.814253073393
AT3G16470.3,3'_truncated,0.0284342465956743,0.0301126345345071,5.21304542179553,5.64131270051148
AT3G16470.3,5'_truncated,0.252240381884969,0.240587779138604,45.5763335856304,43.2903453792666
AT3G16470.3,Both_truncated,0.00824353204310972,0.00953493659020052,1.47335271297023,1.76911220436522
AT3G16470.3,Intact,0.711081839476248,0.719764649736688,130.528716573768,131.004470753726
AT3G16570.1,3'_truncated,0.00459150562833245,0.00379514389943485,1.11097380722506,1.39835077226663
AT3G16570.1,5'_truncated,0.0564618450595337,0.0416319621678011,13.2286154842717,14.975749106173
AT3G16570.1,Both_truncated,0.000706168353999841,0,0.229449545905494,0
AT3G16570.1,Intact,0.938475870409467,0.954572893932764,250.088388230325,347.300224158576
AT3G16640.1,3'_truncated,0.0107595252715205,0.0112912719928401,17.0188850224265,15.2968232663442
AT3G16640.1,5'_truncated,0.065412106442178,0.0688208722408407,104.412686883121,93.8647591688537
AT3G16640.1,Both_truncated,0.000374708621932834,0.000271275942227891,0.582403755664437,0.367916281143376
AT3G16640.1,Intact,0.923453659664369,0.919616579824091,1465.41729807692,1259.02242150736
AT3G16870.1,3'_truncated,0.0563728153588407,0.056984963539378,6.64344724171592,6.33129405380556
AT3G16870.1,5'_truncated,0.101153623903055,0.0982704868046527,13.5040341188705,11.051524050094
AT3G16870.1,Both_truncated,0.00253081169558258,0.00285691606638254,0.276322195533895,0.320047364528781
AT3G16870.1,Intact,0.839942749042521,0.841887633589587,107.286941921885,94.8273155379477
AT3G17020.2,3'_truncated,0.00910534143283886,0.00727296964085324,3.45345553225268,2.9392019654907
AT3G17020.2,5'_truncated,0.0796264759578662,0.0709117502280146,29.083354831246,28.6695292373316
AT3G17020.2,Both_truncated,0.000293083235638921,0.000298953662182362,0.12320699934035,0.116633323143469
AT3G17020.2,Intact,0.911170488197415,0.921715628910405,353.540851780483,370.660814736123
AT3G17210.1,3'_truncated,0.00802630595533587,0.00486131934931946,1.36638263183497,0.602357310808835
AT3G17210.1,5'_truncated,0.0276537508784895,0.0214673715515949,5.07061737018903,2.99012686412136
AT3G17210.1,Both_truncated,0,0.00102308852916946,0,0.154852517551033
AT3G17210.1,Intact,0.964319943166175,0.972989250079639,173.967726534908,134.052050384753
AT3G17390.1,3'_truncated,0.0222189204826997,0.0187931963484482,10.3074613773892,9.44612733698396
AT3G17390.1,5'_truncated,0.303169164482154,0.244368027148057,115.17597101199,122.639067289804
AT3G17390.1,Both_truncated,0.00227511361348321,0.0017755946789263,0.820120592929026,0.882175713763184
AT3G17390.1,Intact,0.672336801421663,0.735063181824568,347.196661121108,369.70336225121
AT3G17930.1,3'_truncated,0.0174999159415897,0.0195992802084481,2.03846414384862,2.07597208851207
AT3G17930.1,5'_truncated,0.111345365005205,0.10170196097288,12.9877573510641,10.7796877310576
AT3G17930.1,Both_truncated,0.00153704379363568,0.00184739746481125,0.169805401560839,0.206558425308755
AT3G17930.1,Intact,0.870130023190781,0.877467160508798,100.858339089907,92.6554342529489
AT3G18410.1,3'_truncated,0.00166348724972282,0.00413466018628947,0.229672794290318,0.462530771863184
AT3G18410.1,5'_truncated,0.0577282616953664,0.054205146589573,7.32050287096156,5.63493773183641
AT3G18410.1,Intact,0.941162746804818,0.943038413286234,117.318661300744,95.7596617930486
AT3G18740.1,3'_truncated,0.00326927551660972,0.00445783707327038,2.31845421973083,2.43564994867883
AT3G18740.1,5'_truncated,0.0161706948562269,0.0140511847810753,11.73939002446,7.73823685467831
AT3G18740.1,Both_truncated,0,0.000349589232651634,0,0.197655684982694
AT3G18740.1,Intact,0.980560029627163,0.981374448401437,701.960436533894,539.312476727095
AT3G18780.2,3'_truncated,0.106641198735234,0.0964750882565046,26.506354966503,26.6046133610896
AT3G18780.2,5'_truncated,0.182147013670888,0.149618928186596,44.7439998616592,42.0813951720779
AT3G18780.2,Both_truncated,0.00580720852356166,0.00639099123476775,1.66447793840688,1.67280993244567
AT3G18780.2,Intact,0.705404579070316,0.747514992322132,213.376883144948,212.911091676365
AT3G18820.1,3'_truncated,0.0271216862400437,0.0344330818593422,3.42083286358595,4.55320218595861
AT3G18820.1,5'_truncated,0.131640054345368,0.122528009929983,16.8070640029433,16.2557502817217
AT3G18820.1,Both_truncated,0.000925950503245189,0.00396726580807154,0.116973479435049,0.518843405643904
AT3G18820.1,Intact,0.840312308911343,0.839071642402604,106.6703092693,110.720492082373
AT3G19030.1,3'_truncated,0.00391769596327719,0.00311215124778627,0.698219830472356,0.525166200736882
AT3G19030.1,5'_truncated,0.00827040222697359,0.00711516114395773,1.39468692729138,1.14418863606541
AT3G19030.1,Intact,0.987811901809749,0.989772687608256,174.041162263804,159.395757442222
AT3G19710.1,3'_truncated,0.0602972273430418,0.0464050678022074,9.05788148232217,8.56866689406182
AT3G19710.1,5'_truncated,0.138923611381059,0.145684743429509,24.0028352851845,26.2207095455978
AT3G19710.1,Both_truncated,0.00695812463801574,0.00768346554465965,1.13605671910281,1.38339044256972
AT3G19710.1,Intact,0.793821036637883,0.800226723223624,143.807994977773,145.317854269203
AT3G19820.2,3'_truncated,0.0343902595617021,0.0367820127986127,12.6572924438985,15.3233410036767
AT3G19820.2,5'_truncated,0.36946741500761,0.310589044335902,118.419153421625,126.432540289563
AT3G19820.2,Both_truncated,0.00619120073876974,0.00925802991706096,2.29418421375674,3.80411408879774
AT3G19820.2,Intact,0.589951124691918,0.643370912948425,248.546719712306,267.918914036594
AT3G20362.1,5'_truncated,0.99930913545526,0.999586627771283,536.942157278119,423.211920680609
AT3G20362.1,Both_truncated,0.000690864544739501,0.000413372228716696,0.311157675408712,0.142112786081845
AT3G20390.1,3'_truncated,0.0114379802498815,0.00753517483007162,1.95080353224057,1.22212098864248
AT3G20390.1,5'_truncated,0.0960369810131443,0.0916072427597777,17.0642391419917,14.7652820969323
AT3G20390.1,Both_truncated,0.0017688555974685,0.000942285950335808,0.291053045575669,0.148047946299219
AT3G20390.1,Intact,0.891345801671995,0.899915296459815,158.236646491583,144.70191998672
AT3G20670.1,3'_truncated,0.00481354782474736,0.00393442012621717,0.704155685864558,0.526694191744914
AT3G20670.1,5'_truncated,0.0355877116375381,0.0361043341565084,6.1658944243994,4.89449864803118
AT3G20670.1,Intact,0.959598740537714,0.959961245717274,156.426213058776,129.82130961845
AT3G20760.1,3'_truncated,1,1,46.4646134431816,39.3229074272387
AT3G21055.1,3'_truncated,0.00731766627624653,0.00604665073447581,1.2893207475529,1.19781590908262
AT3G21055.1,5'_truncated,0.0233123408181041,0.0239724050688239,4.12659245084729,5.12352345017182
AT3G21055.1,Both_truncated,0.000586166471277843,0,0.12320699934035,0
AT3G21055.1,Intact,0.96917460408189,0.9699809441967,179.941036372167,208.053266411557
AT3G21865.1,3'_truncated,0.0477482311821841,0.0502982321145801,6.70306796895538,6.12237799307628
AT3G21865.1,5'_truncated,0.130146551443058,0.119407341205938,18.4541392888925,14.7173340560828
AT3G21865.1,Both_truncated,0.00304516064895381,0.00148467519842593,0.429437391727441,0.186925720680375
AT3G21865.1,Intact,0.819060056725804,0.828809751481056,114.779758201114,101.981685638243
AT3G22200.2,3'_truncated,0.0526516068211121,0.0529729238837816,9.2995170302378,11.1658426337265
AT3G22200.2,5'_truncated,0.237955151641804,0.222530350641671,41.0001187148589,46.8245143700004
AT3G22200.2,Both_truncated,0.00793412712250206,0.00823820386313196,1.36029794418622,1.73925959946359
AT3G22200.2,Intact,0.701459114414582,0.716258521611415,127.14115519032,152.065032427374
AT3G22210.1,3'_truncated,0.00367432997101575,0.00326902015975903,1.39774589782839,0.936190621656
AT3G22210.1,5'_truncated,0.0376527714839662,0.0350161007655102,15.7324993369539,10.0007130017491
AT3G22210.1,Intact,0.958672898545018,0.961714879074731,376.879259783468,274.523273254751
AT3G22230.1,3'_truncated,0.00239562640565088,0.00242362334574902,2.35183463046541,2.14854519831383
AT3G22230.1,5'_truncated,0.0240888399470967,0.0262068290133957,24.5744839272599,23.2758631932035
AT3G22230.1,Both_truncated,0.000148340172011622,0.000114850120592627,0.117552181748615,0.112049350119372
AT3G22230.1,Intact,0.973416640199245,0.971331264267324,971.849632284643,853.32982032753
AT3G22231.1,3'_truncated,0.000898440403840905,0.00253141372414042,0.116973479435049,0.291688723389096
AT3G22231.1,5'_truncated,0.116443473382901,0.139608063155023,15.7553165115581,16.8118462001678
AT3G22231.1,Both_truncated,0.000938967136150235,0,0.115816074807919,0
AT3G22231.1,Intact,0.882345097167874,0.857860523120837,121.936753873722,101.868420391897
AT3G22235.1,3'_truncated,0.00138524559852749,0.00273998698620831,0.537467044256369,0.622255221159348
AT3G22235.1,5'_truncated,0.0260642003742018,0.0303186731712443,8.11144808530541,10.4845032171948
AT3G22235.1,Both_truncated,0.00215431207613921,0.000777295531985142,0.669469038246291,0.213933174626784
AT3G22235.1,Intact,0.970857990483974,0.966164044310562,304.814852359812,326.713104925136
AT3G22320.1,3'_truncated,0.0320467331864546,0.0277166763266891,5.37955390476423,3.42318713108719
AT3G22320.1,5'_truncated,0.0969853310081254,0.0944788658153218,15.0714048718108,12.111679848302
AT3G22320.1,Both_truncated,0.00202020202020202,0.00413650465356774,0.463264299231676,0.395311369965389
AT3G22320.1,Intact,0.870294535132019,0.876425622973467,137.765787481082,113.184445732487
AT3G22845.1,3'_truncated,0.0308391512432691,0.0321313767671408,4.94560247335956,4.87957234558037
AT3G22845.1,5'_truncated,0.103944029904356,0.0964085374585865,17.2286753163834,14.6446521969585
AT3G22845.1,Both_truncated,0.00148848975011995,0.00217915896197834,0.235253195753779,0.311233026110098
AT3G22845.1,Intact,0.863728329102255,0.869280926812295,137.71883694905,131.700595203482
AT3G22890.1,3'_truncated,0.0629600710173404,0.0559435152209367,15.4230467853692,16.4306695729829
AT3G22890.1,5'_truncated,0.277215941653801,0.190752741980188,49.3975313011002,55.6261345885409
AT3G22890.1,Both_truncated,0.00488437302280722,0.00344091026712333,1.41831477002891,0.994612698758159
AT3G22890.1,Intact,0.654939614306051,0.749862832531752,207.252577502336,222.930533425263
AT3G23030.2,3'_truncated,0.000274499039253363,0,0.115816074807919,0
AT3G23030.2,5'_truncated,0.986387902535028,0.98482409836685,226.592644751221,186.908970976986
AT3G23030.2,Both_truncated,0.012672421364525,0.01517590163315,3.48344381674152,2.84780324697867
AT3G23030.2,Intact,0.00254452926208651,0,0.369620998021049,0
AT3G23050.1,3'_truncated,0.0835229938104856,0.0696972538763317,23.5643728274919,23.1884447616027
AT3G23050.1,5'_truncated,0.169792480011005,0.167995842911846,47.2688733188164,55.1060261965319
AT3G23050.1,Both_truncated,0.00529904512798788,0.00546470030839353,1.45606038818418,1.83979223677773
AT3G23050.1,Intact,0.741385481050521,0.756842202903429,234.790970567832,253.338943560193
AT3G23390.1,3'_truncated,0.00930518838333671,0.0100833562762925,3.9280763008782,3.03839489436327
AT3G23390.1,5'_truncated,0.0260520651728614,0.0247136942600582,11.5125695790345,7.74904635222452
AT3G23390.1,Both_truncated,0.000549677313136134,0.000341010652766444,0.293235649286013,0.107730582817408
AT3G23390.1,Intact,0.964276294901711,0.964975609028472,410.427699448186,301.175081746805
AT3G23400.1,3'_truncated,0.0259655263194211,0.0257024788905775,2.94409295217309,3.07516876029432
AT3G23400.1,5'_truncated,0.144864809060649,0.162605440609631,16.6635057082799,19.4361037068464
AT3G23400.1,Both_truncated,0.00232521095898926,0.00150941530138266,0.293235649286013,0.179462569454969
AT3G23400.1,Intact,0.827619523980604,0.810182665198409,95.1880369822826,96.4222052259578
AT3G23490.1,3'_truncated,0.0133691047126018,0.0175943702094538,4.19832738954846,5.34205207657441
AT3G23490.1,5'_truncated,0.0587818307506336,0.0570673308862353,18.8086203583402,17.3546817725725
AT3G23490.1,Both_truncated,0.00104307146305164,0.00106612485923214,0.312315080035842,0.343024009894261
AT3G23490.1,Intact,0.926805993073713,0.924627548998156,294.029125908193,281.755595899004
AT3G23570.1,3'_truncated,0.0128149801210419,0.0153822313963507,1.5173318510308,1.64099619566261
AT3G23570.1,5'_truncated,0.11433340558269,0.107208330833571,13.1952683269624,11.8079325219116
AT3G23570.1,Both_truncated,0.00107478071239307,0.00102459016393443,0.117552181748615,0.0988278424913471
AT3G23570.1,Intact,0.872135093821339,0.877067907715434,100.242452925462,96.816096724848
AT3G23600.1,3'_truncated,0.0185727493723598,0.0179563728903116,7.08822855810915,6.06430952360363
AT3G23600.1,5'_truncated,0.0997792882017983,0.0869840205756892,38.7540499266913,29.4705982448443
AT3G23600.1,Both_truncated,0.000926618975184444,0.00226490919552087,0.347150559910658,0.747349275091989
AT3G23600.1,Intact,0.880721343450657,0.892794697338479,338.140417990648,303.172980342207
AT3G24160.1,3'_truncated,0.0326490773619755,0.0228138934168626,5.98887563136577,4.44033206009023
AT3G24160.1,5'_truncated,0.2212352473345,0.226870502878011,40.4729840597984,43.9715760464758
AT3G24160.1,Both_truncated,0.00378120646308069,0.00505144401849108,0.699658272899953,0.995929858705343
AT3G24160.1,Intact,0.743594870994804,0.745264159686635,136.501019893449,144.619440771809
AT3G24503.1,3'_truncated,0.132084434313536,0.112611923846082,24.7403328121222,22.44550265572
AT3G24503.1,5'_truncated,0.319451844165466,0.258871260304414,58.0633387170842,51.0366778783529
AT3G24503.1,Both_truncated,0.0223352026370602,0.0220726441875794,4.03253590629228,4.42767499115256
AT3G24503.1,Intact,0.526128518883937,0.606444171661924,99.9177853245124,121.468638014301
AT3G24830.1,3'_truncated,0.0105861679207317,0.0102037244812812,9.11528106872812,8.59074824610633
AT3G24830.1,5'_truncated,0.0814316201708134,0.0740286474868503,71.27281239603,62.7698590689452
AT3G24830.1,Both_truncated,0.000475635039730819,0.000474125400634466,0.419285161171101,0.409673233725842
AT3G24830.1,Intact,0.907506576868724,0.915293502631234,779.193153894144,776.556334891857
AT3G25220.1,3'_truncated,0.0157233706095786,0.0185274783012104,2.72653174376463,2.92271364478576
AT3G25220.1,5'_truncated,0.0554119475750568,0.0589606705567352,10.7786681093584,9.32742413263648
AT3G25220.1,Both_truncated,0.000865800865800866,0.00194196378861101,0.12320699934035,0.305386267800102
AT3G25220.1,Intact,0.928576081526764,0.921217208616314,176.40353710723,144.244445261482
AT3G25520.1,3'_truncated,0.0272549353508355,0.0288929592555015,38.9579035245606,37.5777604389814
AT3G25520.1,5'_truncated,0.0931316330605136,0.0908825434354814,134.154250965029,119.241607563406
AT3G25520.1,Both_truncated,0.00142046105930079,0.00126280384987012,2.01338123197087,1.70610615423896
AT3G25520.1,Intact,0.87819297052935,0.878961693459147,1243.56856215091,1158.21217050775
AT3G25530.1,3'_truncated,0.0296798026594997,0.0336992649011821,7.22947204351829,7.62183732009911
AT3G25530.1,5'_truncated,0.149269736323804,0.14942749871557,36.4661044839995,33.7978090621839
AT3G25530.1,Both_truncated,0.00202777388569738,0.00145194871531983,0.511375560008037,0.327510515754188
AT3G25530.1,Intact,0.819698611759565,0.815421287667928,197.078421014647,184.890492166835
AT3G25690.4,3'_truncated,0.240910428710457,0.184712706724568,36.7198542433769,23.8551142127423
AT3G25690.4,5'_truncated,0.390977854878471,0.416389818768747,62.9744175773233,53.3989639755777
AT3G25690.4,Both_truncated,0.047616564085764,0.0414412067779074,7.29170524452512,5.19805769185503
AT3G25690.4,Intact,0.320495152325308,0.357456267728778,55.5643509125295,46.4245609439277
AT3G25717.1,3'_truncated,0.00222317748722922,0.00278972366866859,0.517253625984596,0.372340463975764
AT3G25717.1,5'_truncated,0.0694496086279905,0.0513444290908029,12.4998543989539,7.21291639862105
AT3G25717.1,Intact,0.92906827304719,0.946795755130085,192.534528751291,126.356167721566
AT3G25920.1,3'_truncated,0.0162572384470198,0.0180818844550519,7.55301667110197,7.13211634659439
AT3G25920.1,5'_truncated,0.184271853213819,0.204740936949253,86.7806082576518,79.1332696779129
AT3G25920.1,Both_truncated,0.00154980678194889,0.00219648549304545,0.699228402842937,0.783171067457081
AT3G25920.1,Intact,0.797921101557213,0.774980693102649,375.542750975349,311.921717774125
AT3G26070.1,3'_truncated,0.0328881465449933,0.0324306119806359,12.0622841591817,11.1206535430041
AT3G26070.1,5'_truncated,0.0667505445145219,0.0695671883907745,24.6140125191044,23.8556490263449
AT3G26070.1,Both_truncated,0.00138731594277268,0.00098099710161085,0.514039032798484,0.337852845180903
AT3G26070.1,Intact,0.898973992997712,0.897021202526979,329.060331878379,308.347991810986
AT3G26395.1,3'_truncated,0.0209029135440426,0.0162684270667164,2.01091759046006,1.37610409515907
AT3G26395.1,5'_truncated,0.00537300649867854,0.00411567050198554,0.537564877489831,0.372323450352718
AT3G26395.1,Intact,0.973724079957279,0.979615902431298,99.0119082970576,86.7830625323751
AT3G26440.2,5'_truncated,1,1,259.005225967029,290.411183424813
AT3G26650.1,3'_truncated,0.0266324633800372,0.0254589021294924,73.2360315041672,71.9335758253187
AT3G26650.1,5'_truncated,0.140934142802114,0.141663000309597,375.323925474258,398.00293588917
AT3G26650.1,Both_truncated,0.00277041924073685,0.00276985164466971,7.47937183686549,7.71555077812209
AT3G26650.1,Intact,0.829662974577112,0.830108245916241,2374.14537980341,2352.27187922265
AT3G26740.1,3'_truncated,0.0136673774584366,0.0104990464721659,7.71007550174639,4.73642795268867
AT3G26740.1,5'_truncated,0.0643366725434191,0.0783516474933972,35.4681355328824,36.3525886884993
AT3G26740.1,Both_truncated,0.000548898688885367,0.00136726681395051,0.306081560130542,0.80268134293199
AT3G26740.1,Intact,0.921447051309259,0.910237794825136,491.466045142974,449.040630036378
AT3G26900.2,3'_truncated,0.0273861643383812,0.0295915665358012,4.74308752510379,5.27602407167819
AT3G26900.2,5'_truncated,0.113509241114221,0.118614629479371,20.0467198755566,21.5483378051903
AT3G26900.2,Both_truncated,0.00253114700130795,0.00164320059816916,0.422906207309042,0.291688723389096
AT3G26900.2,Intact,0.85657344754609,0.850150603386659,150.770063507222,152.507366085886
AT3G27090.1,3'_truncated,0.0592117918729981,0.0673260950598833,11.4543925779205,13.0854943277167
AT3G27090.1,5'_truncated,0.16040722147916,0.137486167323907,30.9733137247695,26.8400179430727
AT3G27090.1,Both_truncated,0.00198668474716367,0.00272734562814849,0.384449681296285,0.495102764774409
AT3G27090.1,Intact,0.778394301900679,0.792460391988061,150.936729708453,157.904417443441
AT3G27160.1,3'_truncated,0.0118383018854371,0.0123959416384543,12.8925018188312,11.9635408900071
AT3G27160.1,5'_truncated,0.0712887831727323,0.0721029318413812,79.0005663043367,70.1176315313252
AT3G27160.1,Both_truncated,0.00103030947694077,0.00142903714400413,1.19355830355494,1.37130929107413
AT3G27160.1,Intact,0.91584260546489,0.91407208937616,1015.0668598906,887.697648810871
AT3G27360.1,3'_truncated,0.00615594671066886,0.00608882521489971,1.11228004410874,0.884550362806754
AT3G27360.1,5'_truncated,0.0460437735969227,0.045432202198019,9.04030283603775,6.92889058777554
AT3G27360.1,Intact,0.947800279692408,0.950508580992048,176.457360024698,146.264911152774
AT3G27690.2,5'_truncated,0.978570577941874,0.980377760217164,79.9471012491629,89.8073223067012
AT3G27690.2,Both_truncated,0.0214294220581261,0.0196222397828365,1.42469712219076,1.68580913026114
AT3G28220.1,3'_truncated,0.0435287600290621,0.0426508988111413,14.5650128450071,13.6276222758533
AT3G28220.1,5'_truncated,0.177630404461082,0.183242317088172,59.6224338165018,57.7250783067466
AT3G28220.1,Both_truncated,0.00611264651660493,0.00669748752672311,1.97361846907443,2.06104578606126
AT3G28220.1,Intact,0.772728188993252,0.767409296573964,247.663000374446,244.985732800218
AT3G28290.1,3'_truncated,0.0409441177614541,0.0446688372606394,5.37862765779968,6.98515218068712
AT3G28290.1,5'_truncated,0.257539373153218,0.211188553332225,31.1119635683561,32.1968875727754
AT3G28290.1,Both_truncated,0.00302088080788697,0.00453329501238062,0.451508167278558,0.739780708336159
AT3G28290.1,Intact,0.699502588546736,0.741120412732215,99.6004808650687,119.009501625079
AT3G28300.1,3'_truncated,0.0402661714346258,0.0420346840329374,4.99548421338707,6.69651943931409
AT3G28300.1,5'_truncated,0.262289750036925,0.217637413124709,30.0285363145196,33.9227603395479
AT3G28300.1,Both_truncated,0.00238521446782027,0.00408201915473513,0.344538086143299,0.632243942956553
AT3G28300.1,Intact,0.695058864060629,0.736245883687618,92.7627951042387,119.297215911123
AT3G28900.1,3'_truncated,0.00536755859108087,0.00467935364263217,2.22611715540388,1.70478899429178
AT3G28900.1,5'_truncated,0.0329117381723154,0.0331789018196983,15.2223405102215,12.1152887902567
AT3G28900.1,Both_truncated,0.00121876986320261,0.00043445581414119,0.618694304679483,0.157144504063081
AT3G28900.1,Intact,0.960501933373401,0.961852107328242,432.175146630331,349.825530139242
AT3G28940.1,3'_truncated,0.00680776949998017,0.00508340224826585,2.33614620707615,1.54313190548893
AT3G28940.1,5'_truncated,0.106094443106415,0.117033533154814,36.1157793747206,35.0987282761412
AT3G28940.1,Both_truncated,0.000351216872661199,0.000924402110069375,0.119511537074134,0.264875086880489
AT3G28940.1,Intact,0.88686364281183,0.877266796523541,302.952126738791,264.086999418013
AT3G29240.2,3'_truncated,0.0480948214551567,0.0271451149274297,4.28332869317877,3.14965749597972
AT3G29240.2,5'_truncated,0.206328051288575,0.176522704341367,21.1394086041805,21.4083174488068
AT3G29240.2,Both_truncated,0.00274688307620829,0.00200885795634293,0.322318478335632,0.286999334834575
AT3G29240.2,Intact,0.74283024418006,0.794992942093641,92.7030724440295,98.1874719336818
AT3G29350.1,3'_truncated,0.0226692503786001,0.0151671872383475,3.97060036979855,2.12974213809794
AT3G29350.1,5'_truncated,0.0770084422719015,0.077186631004885,12.9941865374363,10.6624219147316
AT3G29350.1,Both_truncated,0,0.00078740157480315,0,0.112049350119372
AT3G29350.1,Intact,0.900322307349498,0.907383714565167,152.391302703853,126.015731599987
AT3G41762.1,3'_truncated,0.867867080503704,0.877709020176424,132.383848808345,132.749802849418
AT3G41762.1,5'_truncated,0.00278725444288358,0.00195248071379792,0.397518840525638,0.293039910582373
AT3G41762.1,Both_truncated,0.13000374715768,0.120120349022518,19.8083215297751,17.6720267627147
AT3G41762.1,Intact,0.000813008130081301,0.000654450261780105,0.12320699934035,0.116633323143469
AT3G42790.1,3'_truncated,0.0331633468730576,0.0321933680342137,6.28379638856939,5.50193631606229
AT3G42790.1,5'_truncated,0.0920814383007552,0.0922007594111006,17.4641264163745,15.5667779867431
AT3G42790.1,Both_truncated,0.00175118059923523,0.00125099956731387,0.341346910062374,0.225803495061531
AT3G42790.1,Intact,0.873587761093364,0.874354872987372,165.317718852591,148.679074222196
AT3G43810.2,3'_truncated,0.953140560490199,0.954609916741597,407.798674244122,371.603267455289
AT3G43810.2,5'_truncated,0,0.000413120723960392,0,0.157144504063081
AT3G43810.2,Both_truncated,0.0465342835293989,0.0445264828624256,20.2568349955968,17.3983883782847
AT3G43810.2,Intact,0.000487733970602486,0.000588186580003933,0.17915568141879,0.224275504053499
AT3G43980.1,3'_truncated,0,0.00169392308627696,0,0.11434133663142
AT3G43980.1,5'_truncated,0.0239089474145742,0.0325992234568463,2.59768655354518,2.37473632825097
AT3G43980.1,Intact,0.976091052585426,0.966271494485636,101.835472389813,73.9336147135305
AT3G44010.1,3'_truncated,0.000826787928896238,0.00105924182873267,0.223794728313759,0.230974659774889
AT3G44010.1,5'_truncated,0.0326221710378649,0.0359043500509016,10.7063846758414,9.07313069861831
AT3G44010.1,Intact,0.967102232985836,0.963389488729943,319.045167554507,239.907819845503
AT3G44310.1,3'_truncated,0.039582387888061,0.0415467007369864,28.9801455232609,38.9579009877831
AT3G44310.1,5'_truncated,0.216554064005987,0.150484869730264,140.331780756467,136.654721067168
AT3G44310.1,Both_truncated,0.00374027831629105,0.00399343959448785,2.3621356932783,3.80466704873639
AT3G44310.1,Intact,0.740123269789661,0.803974989938262,593.873567439829,734.57785364207
AT3G44590.1,3'_truncated,0.00703507318525985,0.00983907175920844,0.88326036826026,1.11756881699461
AT3G44590.1,5'_truncated,0.0447181856680227,0.0441617158005048,5.86948534463029,4.98183232621167
AT3G44590.1,Intact,0.948246741146717,0.945999212440287,126.583833103621,103.324616914814
AT3G44890.1,3'_truncated,0.0261139115253949,0.0219399191218949,7.755564872783,5.16638673164062
AT3G44890.1,5'_truncated,0.0807578674730645,0.0821354957270065,23.4805078587735,19.0611526041836
AT3G44890.1,Both_truncated,0.00279815856371637,0.000577700751010976,0.769048194849119,0.112049350119372
AT3G44890.1,Intact,0.890330062437824,0.895732018234095,256.316742574114,209.855372493963
AT3G45030.1,3'_truncated,0.00457942162576374,0.00229182582123759,0.784127708427079,0.314289008126163
AT3G45030.1,5'_truncated,0.0292317514223529,0.0285153425706535,4.86617894561286,3.83225042012487
AT3G45030.1,Both_truncated,0.000893655049151028,0,0.11189736415688,0
AT3G45030.1,Intact,0.9658909419355,0.969956773548521,161.099534623711,130.245992272011
AT3G45050.3,3'_truncated,0.0169666490948824,0.0199766775561771,3.2617818120002,3.38811805997892
AT3G45050.3,5'_truncated,0.0987329327273115,0.106848216245331,19.671609518913,17.926930141421
AT3G45050.3,Both_truncated,0.00187358474799088,0.00236732856632985,0.358534611222403,0.406617251709777
AT3G45050.3,Intact,0.883051361679146,0.870807777632162,176.958955544411,146.271306404518
AT3G45160.1,3'_truncated,0.00491129305225098,0.00307925433425306,0.960619917055422,0.421754385221438
AT3G45160.1,5'_truncated,0.0278293213493614,0.0342074529717051,5.45003777041752,4.8153578848295
AT3G45160.1,Both_truncated,0.000470366886171214,0,0.115816074807919,0
AT3G45160.1,Intact,0.967102596636331,0.96373971080546,187.611548720655,138.078623446956
AT3G45780.1,3'_truncated,0.105130008346912,0.0929118169941871,15.8549062355568,14.2651688858446
AT3G45780.1,5'_truncated,0.583818655078243,0.590102879473663,85.2192027594443,89.4337789352198
AT3G45780.1,Both_truncated,0.0893395331512354,0.0857620133648997,13.1693944195915,13.1627827083595
AT3G45780.1,Intact,0.22171180342361,0.23122329016725,33.8640533444898,35.8658700160859
AT3G45930.1,3'_truncated,0.00451467268623025,0.00241625563845706,0.447589456627519,0.222747513045467
AT3G45930.1,5'_truncated,0.0510883364816167,0.045490805821023,4.89231726407156,4.25997399280977
AT3G45930.1,Intact,0.947406772622973,0.95209293854052,90.8834827671098,87.8094585248105
AT3G45980.1,3'_truncated,0.00997026095005477,0.00775392060402432,2.81258845397591,1.73023442998406
AT3G45980.1,5'_truncated,0.051638425634423,0.0432213886020464,14.6209521111132,9.42384663263031
AT3G45980.1,Both_truncated,0.000403551251008878,0.000470588235294118,0.115816074807919,0.112049350119372
AT3G45980.1,Intact,0.938256796331853,0.948867828048831,264.601877237648,209.940181387837
AT3G46000.1,3'_truncated,0.0178167304577418,0.015325993472508,6.0419984276121,4.68894667094967
AT3G46000.1,5'_truncated,0.103541848375899,0.102925882891379,36.6490591324254,31.5648540518706
AT3G46000.1,Both_truncated,0.0044831685190047,0.00258922145860627,1.66207513223924,0.784699058465113
AT3G46000.1,Intact,0.87565264215369,0.879158902177507,303.314851605411,268.783146455926
AT3G46010.1,3'_truncated,0.0108254329600591,0.00985532537062612,3.05569265181687,2.74151225326191
AT3G46010.1,5'_truncated,0.115721684095184,0.113181838919101,36.4212301146293,31.5710685066501
AT3G46010.1,Both_truncated,0.000504170770938018,0.000512356442851082,0.171764756886359,0.142112786081845
AT3G46010.1,Intact,0.873116769097465,0.876450479267422,265.620915413583,244.091663050433
AT3G46030.1,3'_truncated,0.00482150465282363,0.00852607960549513,1.6450664708335,2.3766859813807
AT3G46030.1,5'_truncated,0.0485000921337611,0.0520315298381791,16.5555988127843,14.8200271775875
AT3G46030.1,Both_truncated,0.000385951370127364,0,0.11189736415688,0
AT3G46030.1,Intact,0.946549752756706,0.939442390556326,311.127592330791,268.646451942414
AT3G46040.1,3'_truncated,0.00814773744529448,0.00797432564843683,3.3602035639759,2.68479497098254
AT3G46040.1,5'_truncated,0.0393477228773612,0.0441125442031821,16.3013005585911,15.1653772012399
AT3G46040.1,Both_truncated,0.00027140796462563,0,0.113856719482399,0
AT3G46040.1,Intact,0.952323601034261,0.947913130148381,393.382867144064,326.834834937681
AT3G46060.1,3'_truncated,0.0173499677267654,0.0144301209842333,2.34700934548997,2.00127252176582
AT3G46060.1,5'_truncated,0.128004317647555,0.0999145049232516,16.7197478900587,14.213405474138
AT3G46060.1,Both_truncated,0,0.00123136233179837,0,0.186925720680375
AT3G46060.1,Intact,0.85464571462568,0.884424011760717,122.748610351372,127.803483395922
AT3G46430.1,3'_truncated,0.00471640563778068,0.00530050354443474,1.48133896652885,1.23974966547984
AT3G46430.1,5'_truncated,0.0249734400050682,0.0244937861462394,7.15215932893351,5.86017678820759
AT3G46430.1,Both_truncated,0.000248138957816377,0.000427796183710593,0.115816074807919,0.105438596305359
AT3G46430.1,Intact,0.970227441371213,0.969920512853519,289.023967906456,229.784221454445
AT3G46560.1,3'_truncated,0.00694774712024893,0.00329507374549696,1.53910496206882,0.659605004532472
AT3G46560.1,5'_truncated,0.0272405866360366,0.0267330464126111,6.9552470803612,5.5060579321343
AT3G46560.1,Intact,0.965811666243714,0.969971879841892,231.614878767789,198.519796560323
AT3G46780.1,3'_truncated,0.0584500277863721,0.056769828168265,39.6594889411646,43.564862562594
AT3G46780.1,5'_truncated,0.361270271020981,0.229216953502885,165.066920879622,172.536043583619
AT3G46780.1,Both_truncated,0.00934199606167377,0.0099263107149536,5.41080382969676,7.40675231058819
AT3G46780.1,Intact,0.570937705130974,0.704086907613897,492.735237136777,552.461220625171
AT3G46970.1,3'_truncated,0.11531677799081,0.123515237929443,14.5139978485334,16.4890916500851
AT3G46970.1,5'_truncated,0.536518544454424,0.465985658263871,62.3252289170852,63.8323886682112
AT3G46970.1,Both_truncated,0.0558914775465099,0.0423631022012792,5.95246950351944,5.602149372993
AT3G46970.1,Intact,0.292273200008256,0.368136001605407,42.5717275341346,51.9589948455196
AT3G47070.1,3'_truncated,0.00247776020290476,0.00306173644199141,1.51341314037976,1.66914400574144
AT3G47070.1,5'_truncated,0.0406650675933869,0.0400942135494419,24.7175708013538,22.7690890512945
AT3G47070.1,Both_truncated,0.000165180046250413,0,0.11189736415688,0
AT3G47070.1,Intact,0.956802112188292,0.956844050008567,582.22841867549,545.473332906727
AT3G47370.1,3'_truncated,0.00894941655359122,0.0110327899234181,1.69990874730789,1.7588039021846
AT3G47370.1,5'_truncated,0.0532955808876852,0.053822457139634,10.4220293925385,8.65211755590199
AT3G47370.1,Both_truncated,0.000757002271006813,0,0.12320699934035,0
AT3G47370.1,Intact,0.937502668468388,0.935144752936948,187.625920624081,147.53451474187
AT3G47470.1,3'_truncated,0.0177767341212249,0.0151837470153045,29.1512315393681,28.652260426699
AT3G47470.1,5'_truncated,0.227790033384207,0.218491385316406,347.90184653334,408.857067630927
AT3G47470.1,Both_truncated,0.0010205410137059,0.00147935349102001,1.69624086695958,2.67968058651418
AT3G47470.1,Intact,0.753412691480862,0.764845514177269,1293.34888541597,1480.18192586673
AT3G47650.1,3'_truncated,0.00407890223272371,0.00357776487545082,2.06490012682042,1.43989689378824
AT3G47650.1,5'_truncated,0.0645829856839111,0.0615907583473914,32.9617450585637,25.6356273039968
AT3G47650.1,Both_truncated,0.00046434127621739,0.000245278390973755,0.173500863827055,0.112049350119372
AT3G47650.1,Intact,0.931028551232554,0.9347497173135,473.806652969585,386.210001308341
AT3G48000.1,3'_truncated,0.104490323922227,0.086001287231494,12.9346949698132,14.0559787507298
AT3G48000.1,5'_truncated,0.228807217996712,0.20957917692274,29.5647953435587,34.2274482607525
AT3G48000.1,Both_truncated,0.00824396549956215,0.01005998412673,1.08121444262841,1.65077408639896
AT3G48000.1,Intact,0.658458492581499,0.694359551719036,98.2229943406098,115.667499506459
AT3G48140.1,3'_truncated,0.00158108031446065,0.00239161462013355,1.19210323441471,1.52262405045026
AT3G48140.1,5'_truncated,0.0397658225861512,0.0441044617406062,30.807938498247,29.1462165767657
AT3G48140.1,Intact,0.958653097099388,0.95350392363926,725.463924601769,623.849480764112
AT3G48360.1,3'_truncated,0.0417793871371282,0.0462663859671624,5.26641904834459,4.91837058671763
AT3G48360.1,5'_truncated,0.580196133334621,0.548429682669945,79.435721820416,71.4259478870609
AT3G48360.1,Both_truncated,0.0273383845583794,0.0164655777369621,3.39237973587298,1.92735970352249
AT3G48360.1,Intact,0.350686094969872,0.38883835362593,56.267189859191,49.2532538470768
AT3G48420.1,3'_truncated,0.0342893034435072,0.0292633878724036,5.16075520409301,3.96054323264224
AT3G48420.1,5'_truncated,0.140340591747116,0.154564028205752,21.2106759763969,20.3326368822117
AT3G48420.1,Both_truncated,0.00299457847505267,0.00138829265301116,0.471812628391237,0.170366011691106
AT3G48420.1,Intact,0.822375526334324,0.815247055486504,123.78867151536,109.394021578217
AT3G48740.1,3'_truncated,0.0345600423374771,0.0374854422951516,6.04763661849121,6.11079322577885
AT3G48740.1,5'_truncated,0.0590509948040691,0.0684824103460264,10.5465645391731,10.9888375803512
AT3G48740.1,Both_truncated,0.00226117635540322,0.00221729490022173,0.345993155283528,0.336148050358115
AT3G48740.1,Intact,0.904127786503051,0.893293049058748,166.791017502727,143.769267077395
AT3G48890.1,3'_truncated,0.0121405525890291,0.0193660391142377,1.49612081559372,1.95110034439199
AT3G48890.1,5'_truncated,0.103595425077794,0.102111652084065,12.8711147895674,10.2934788379458
AT3G48890.1,Both_truncated,0.00158102766798419,0.00140465378849331,0.231632149615838,0.142112786081845
AT3G48890.1,Intact,0.883737013110515,0.877117655013204,105.498006597623,88.9800417153836
AT3G48930.1,3'_truncated,0.00525110527273158,0.004270116551456,1.5890199555216,1.07965459493112
AT3G48930.1,5'_truncated,0.0828067539974502,0.0875048580021206,26.5262356168755,22.115938548681
AT3G48930.1,Both_truncated,0.000778404866816208,0.000637207903993686,0.230177080475609,0.161463271365045
AT3G48930.1,Intact,0.911163735863002,0.907800220177094,291.103297870678,229.773116372417
AT3G49010.2,3'_truncated,0.0417829279183612,0.0243840867045842,4.2237079659393,2.38009557102627
AT3G49010.2,5'_truncated,0.0954757299950234,0.125253362989969,10.3052734899809,11.6716298568055
AT3G49010.2,Both_truncated,0.00275103163686382,0.00128917388233448,0.492827997361399,0.157144504063081
AT3G49010.2,Intact,0.861824331540994,0.849503101050557,106.615297842463,85.6049748381739
AT3G49910.1,3'_truncated,0.00326794818259574,0.00301942125878475,2.06913008276967,1.72433329701278
AT3G49910.1,5'_truncated,0.0833711988533622,0.0768625048300648,55.9717298665787,43.8480143857096
AT3G49910.1,Both_truncated,0.000509813917919959,0.000537450608664154,0.246413998680699,0.322926542730091
AT3G49910.1,Intact,0.913190914991402,0.919759773505374,594.790673419534,527.277583811937
AT3G50500.1,3'_truncated,0.0939768702126719,0.0904091663098076,12.5341987856191,14.415057735951
AT3G50500.1,5'_truncated,0.186440455083327,0.182009783091615,24.5816875149508,29.467273408619
AT3G50500.1,Both_truncated,0.00375855851805046,0.0031050162822115,0.510269154403994,0.513085049241286
AT3G50500.1,Intact,0.715824116185951,0.724476034316366,100.4444729915,117.698577679721
AT3G50820.1,3'_truncated,0.0119987344003876,0.0129456649246838,13.271783954199,17.5391677145002
AT3G50820.1,5'_truncated,0.216574810830871,0.183485072931198,205.66966705212,243.703248127577
AT3G50820.1,Both_truncated,0.00190720335912589,0.00218115063462469,2.33118567062926,2.83845849711572
AT3G50820.1,Intact,0.769519251409616,0.801388111509494,891.253724338329,1085.3577322783
AT3G51260.1,3'_truncated,0.0190875106383502,0.0206771691534825,2.92660496092012,3.26799561394598
AT3G51260.1,5'_truncated,0.154985884126174,0.124169911846474,21.0931925067309,19.9171420487584
AT3G51260.1,Both_truncated,0.00151400454201363,0.00113876525769056,0.246413998680699,0.185397729672343
AT3G51260.1,Intact,0.825421937054804,0.854014153742353,123.76858133342,135.763456848913
AT3G51510.1,3'_truncated,0.00874141836818985,0.00865663832336138,1.96085376475073,2.06733455390814
AT3G51510.1,5'_truncated,0.117790149947202,0.10273516191635,26.537993986599,24.3695548513352
AT3G51510.1,Both_truncated,0.00178052227130076,0.00116832583758654,0.383292276669155,0.27377782720655
AT3G51510.1,Intact,0.871687909413308,0.887829315868565,200.962051362589,210.196877710299
AT3G51600.1,3'_truncated,0.0129587054958892,0.0116279645371034,5.28341370861753,5.6121266160385
AT3G51600.1,5'_truncated,0.0400666672075614,0.0388013091261603,16.8496432356995,19.2523992932451
AT3G51600.1,Both_truncated,0.000521920668058455,0.000428296450983824,0.231632149615838,0.185397729672343
AT3G51600.1,Intact,0.94680065374053,0.949142429885752,393.944297000713,466.081908348486
AT3G51670.1,3'_truncated,0.107166286602991,0.095552640514038,15.6953709582353,12.0312171139857
AT3G51670.1,5'_truncated,0.189647312944168,0.20936888243912,27.4901789155558,26.3552804652284
AT3G51670.1,Both_truncated,0.012914765313971,0.0158760585379645,1.75430452701264,1.84061301252674
AT3G51670.1,Intact,0.690271635138871,0.679202418508877,97.7599424561823,87.7572347412621
AT3G51730.1,3'_truncated,0.0431031860449241,0.0259278748133202,9.51133804972098,5.85171605741841
AT3G51730.1,5'_truncated,0.0703634544118042,0.0794747029982271,15.4926135093023,18.0582156926297
AT3G51730.1,Both_truncated,0.00214248958266034,0.00134252084647319,0.472970033018368,0.303094281288054
AT3G51730.1,Intact,0.884390869960611,0.893702408290804,194.238608660672,202.229285812363
AT3G51880.3,3'_truncated,0.0711900741356027,0.060433762306544,9.34344100446257,6.479707086486
AT3G51880.3,5'_truncated,0.0954482828940987,0.0770783114102451,12.9486367514042,8.18784242709859
AT3G51880.3,Both_truncated,0.00158285273268822,0.002627571568121,0.191571722206303,0.273512621484417
AT3G51880.3,Intact,0.83177879023761,0.860736211904463,110.121122863369,93.0760177472449
AT3G51950.1,3'_truncated,0.164779232556846,0.13103200375794,29.9461505631223,27.4439209822165
AT3G51950.1,5'_truncated,0.302512941193342,0.312413929915115,55.8494913187097,65.5573901216888
AT3G51950.1,Both_truncated,0.0271166604298514,0.0217062146536282,4.93409717170916,4.59876784181396
AT3G51950.1,Intact,0.505591165819961,0.534847851673317,100.629260176899,114.475204172065
AT3G52150.1,3'_truncated,0.0117992421815438,0.016191784355663,2.35646424897394,3.0590340472189
AT3G52150.1,5'_truncated,0.182021019617051,0.19232859057306,37.4276038138091,36.0951981686257
AT3G52150.1,Both_truncated,0.00210528933802977,0.0014975295578694,0.423203871822141,0.303094281288054
AT3G52150.1,Intact,0.804074448863376,0.790481272032698,167.739810240361,148.930263714146
AT3G52180.1,3'_truncated,0.0368758854811859,0.0443439169492135,5.43537150018395,7.03243370110794
AT3G52180.1,5'_truncated,0.151501512291935,0.167341278871072,22.9267687158444,25.8820133761735
AT3G52180.1,Both_truncated,0.0113421907385122,0.00375076473822776,1.42910916382182,0.595458598273788
AT3G52180.1,Intact,0.800280411488367,0.784564039441487,124.767895026006,122.252422610586
AT3G52300.1,3'_truncated,0.0274439964384325,0.0187904231948994,4.66565923168772,2.63290652003421
AT3G52300.1,5'_truncated,0.070541750855585,0.0881151582145056,12.2518719900721,12.2880294509913
AT3G52300.1,Both_truncated,0.00324191910393093,0.00135592307443129,0.631110345466996,0.186925720680375
AT3G52300.1,Intact,0.899852973303362,0.891738495516164,154.703880151189,124.107971956908
AT3G52560.1,3'_truncated,0.02149722155968,0.020219145925783,2.63569658278829,2.26289780919244
AT3G52560.1,5'_truncated,0.0723450367706888,0.0711187214611872,9.03675053452072,8.30131101890342
AT3G52560.1,Both_truncated,0.000931522900940734,0,0.119511537074134,0
AT3G52560.1,Intact,0.905536726402337,0.90866213261303,112.27769296748,102.201152594034
AT3G52590.1,3'_truncated,0.00886698153076485,0.00815388963332184,9.92136397387503,7.18575509836331
AT3G52590.1,5'_truncated,0.0406254859847119,0.0502500107856814,45.4739470644122,44.3297868935334
AT3G52590.1,Both_truncated,0.0269738745888732,0.0266683420805023,30.1913405852489,23.6692810767706
AT3G52590.1,Intact,0.92353365789565,0.914927757500494,1029.41065406008,806.274705994165
AT3G52880.1,3'_truncated,0.0558343383904269,0.0520443463854373,11.1981043405564,11.034049628577
AT3G52880.1,5'_truncated,0.263805175359976,0.223494260037784,49.6756854772277,46.4274478880469
AT3G52880.1,Both_truncated,0.00402544898150435,0.00615993498068937,0.816201882277987,1.32344037445953
AT3G52880.1,Intact,0.676335037268093,0.718301458596089,151.985232135371,153.124990729689
AT3G53020.1,3'_truncated,0.0131788741450515,0.0127421973947484,11.5389390551558,10.085589572859
AT3G53020.1,5'_truncated,0.0392142655949096,0.0421343742398654,34.5313890377075,33.2591358006817
AT3G53020.1,Both_truncated,0.000216195722900239,0.000208964807003153,0.194184195973662,0.172657998203155
AT3G53020.1,Intact,0.947390664537139,0.944984118494051,822.74065604478,746.973669720012
AT3G53420.1,3'_truncated,0.026700788671279,0.0261469574507092,8.43467313796545,9.75369443638983
AT3G53420.1,5'_truncated,0.15918936990217,0.138835884710246,50.8607975147457,52.4181907154344
AT3G53420.1,Both_truncated,0.00374294411006537,0.00147639832296445,0.738280257881892,0.565395162311315
AT3G53420.1,Intact,0.810366897316486,0.83354075951608,289.801762173586,315.526335016747
AT3G53430.1,3'_truncated,0.00394064818573474,0.00528775460494614,0.573557761991777,0.768775176450535
AT3G53430.1,5'_truncated,0.144351200166764,0.152174558279517,20.452014183156,22.1766868440458
AT3G53430.1,Both_truncated,0.00137997113591056,0.00155203624266409,0.196647837484472,0.22868267326284
AT3G53430.1,Intact,0.85032818051159,0.841502996287094,123.684272881321,122.418982214398
AT3G53460.1,3'_truncated,0.026479117233522,0.0368262816515701,4.49677552446927,5.21661589376397
AT3G53460.1,5'_truncated,0.443955671941418,0.4289633479465,68.2074254185176,62.2390428521192
AT3G53460.1,Both_truncated,0.00514978175301694,0.00225793533258123,1.00767577125083,0.32903850676222
AT3G53460.1,Intact,0.526132022989715,0.531952435069348,97.0929711295575,78.4362263638183
AT3G53740.2,3'_truncated,0.0058812000882724,0.00573849336076228,9.05132838749323,7.51953183347
AT3G53740.2,5'_truncated,0.0331211127717588,0.037177974049357,51.0512926305029,48.5325998024568
AT3G53740.2,Both_truncated,0.000128401103257292,0.000132853052811942,0.192877959089982,0.166047244389142
AT3G53740.2,Intact,0.960869286036711,0.956994963888006,1465.09546285993,1239.86276554393
AT3G53870.1,3'_truncated,0.0247407736233291,0.0264420728496303,6.12745980879718,5.76916570457115
AT3G53870.1,5'_truncated,0.078338399035251,0.0819331432870332,19.6794439268258,17.9549692021773
AT3G53870.1,Both_truncated,0.00212314225053079,0.00305387872024681,0.463264299231676,0.671121717337709
AT3G53870.1,Intact,0.89621311325791,0.88857090514309,224.628760242243,193.987968102141
AT3G53980.1,3'_truncated,0.00344361029094194,0.00224114581177557,0.89457000344373,0.471151292844065
AT3G53980.1,5'_truncated,0.0296339717104986,0.0376571257583334,7.6348018423133,8.96778070872485
AT3G53980.1,Intact,0.966922417998559,0.960101728429891,248.147458960777,238.767910449843
AT3G53990.1,3'_truncated,0.0222567437453768,0.0247421707689465,10.0372601363186,10.7823896964352
AT3G53990.1,5'_truncated,0.0492563590220887,0.048001053415573,21.2478980235362,20.1444841955616
AT3G53990.1,Both_truncated,0.00128748041040208,0.00159917833504473,0.69859191111373,0.718414716510235
AT3G53990.1,Intact,0.927628576958933,0.925657597480436,389.669768266625,380.645637565782
AT3G54050.1,3'_truncated,0.0361657994601063,0.0310266621625937,11.2830723907615,12.0467984581134
AT3G54050.1,5'_truncated,0.378666677563659,0.273558618953608,91.0629342510758,103.913701362431
AT3G54050.1,Both_truncated,0.00549336992633036,0.00511160269245061,1.62225153399963,2.01044046781401
AT3G54050.1,Intact,0.579674153049904,0.690303116191347,218.886053834849,269.702377756054
AT3G54210.1,3'_truncated,0.00694221844089555,0.0111444161425422,0.756683153084694,1.16199411671753
AT3G54210.1,5'_truncated,0.223837977306363,0.237582922387096,26.7012727563636,24.9715748444337
AT3G54210.1,Both_truncated,0.00304259634888438,0,0.335692092470639,0
AT3G54210.1,Intact,0.76820560546978,0.751272661470362,89.5904035492536,78.4915922385237
AT3G54360.2,3'_truncated,0.0591578561420898,0.0557978465838621,6.24137431769522,7.37915786945704
AT3G54360.2,5'_truncated,0.23010168626653,0.190146529112166,23.2977427849595,24.7938237373858
AT3G54360.2,Both_truncated,0.00749377275892507,0.00617238326388297,0.808662125489007,0.791198657372846
AT3G54360.2,Intact,0.703246684832455,0.747883241040089,87.2502002125028,97.8462360404991
AT3G54560.1,3'_truncated,0.00716255136081763,0.00720541505528155,1.3295435880041,1.31121644639527
AT3G54560.1,5'_truncated,0.0435598891872268,0.0438978177930271,8.02888851277537,7.80637357919206
AT3G54560.1,Both_truncated,0,0.00062266500622665,0,0.0988278424913471
AT3G54560.1,Intact,0.949277559451956,0.948689212149616,172.747799027296,170.228025965223
AT3G54600.1,3'_truncated,0.0759490010868118,0.0689945399853494,8.48383564051005,9.79004664019918
AT3G54600.1,5'_truncated,0.309441406867755,0.235061976619416,32.0135883272342,33.0889720660828
AT3G54600.1,Both_truncated,0.0147603586697062,0.00733037134659095,1.59394723854322,1.00339300993075
AT3G54600.1,Intact,0.599849233375727,0.688613112048644,76.3309753774118,97.0504972800638
AT3G54890.1,3'_truncated,0.0102774066449805,0.00975153442147226,71.4258670230653,99.7095802265708
AT3G54890.1,5'_truncated,0.0993623321248485,0.0763966538586564,618.311423926357,779.013837338623
AT3G54890.1,Both_truncated,0.000549809621174598,0.00049664565835784,4.13746917004622,5.07296363792238
AT3G54890.1,Intact,0.889810451608996,0.913355166061513,6518.37133417469,9350.75843093657
AT3G55170.1,3'_truncated,0.0129397902020403,0.0110643033965906,1.93154089692373,1.38147481668608
AT3G55170.1,5'_truncated,0.064617301237314,0.0655773876885414,9.62341749955967,8.22672020147974
AT3G55170.1,Both_truncated,0.000862506524164548,0.00079428117553614,0.119511537074134,0.112049350119372
AT3G55170.1,Intact,0.921867904211203,0.923093548523023,139.875676093952,113.812256874296
AT3G55280.1,3'_truncated,0.00994933259223497,0.0142746878853484,1.22447507277872,1.46576399160222
AT3G55280.1,5'_truncated,0.0629216989706116,0.0600899318907146,8.7376934897886,6.06011318545514
AT3G55280.1,Both_truncated,0.00130039011703511,0.00160534750050138,0.11189736415688,0.161463271365045
AT3G55280.1,Intact,0.926695505064808,0.924565148556936,126.773922038737,95.0959462421868
AT3G55440.1,3'_truncated,0.0353327721512547,0.0303807866904593,11.6970502789918,9.00884818337525
AT3G55440.1,5'_truncated,0.160628551514457,0.176962614972174,52.6740095582935,52.9012534325526
AT3G55440.1,Both_truncated,0.00261559075263412,0.00261312877390144,0.858725951198333,0.810919763908604
AT3G55440.1,Intact,0.801423085581654,0.790043469563466,272.039307854836,237.832725866564
AT3G55750.1,3'_truncated,0.00670717913554575,0.00511615918067228,3.91154171816001,2.45575869009019
AT3G55750.1,5'_truncated,0.0352317825752696,0.0337307120664842,21.1457532273763,16.2645305928943
AT3G55750.1,Both_truncated,0.000728884430340993,0.000393746750792074,0.424361276449271,0.185397729672343
AT3G55750.1,Intact,0.957332153858844,0.960759382002052,564.665429801347,461.683755537744
AT3G55770.1,3'_truncated,0.0716430606317444,0.0531350246900653,14.6267859684592,10.7226397986522
AT3G55770.1,5'_truncated,0.0476652369783589,0.0554340477844438,9.76207042161199,11.077225822845
AT3G55770.1,Both_truncated,0.00055005500550055,0.00220497684105556,0.115816074807919,0.427689545438812
AT3G55770.1,Intact,0.880508350721397,0.889225950684435,179.377696726126,177.359002773703
AT3G56020.1,3'_truncated,0.0004359197907585,0.000438040896056163,0.11189736415688,0.105438596305359
AT3G56020.1,5'_truncated,0.0179062732866728,0.0208199482282525,5.1476240906353,4.70849097367068
AT3G56020.1,Intact,0.981948420116408,0.97888802450771,291.531814716837,224.240326788446
AT3G56070.1,3'_truncated,0.254591869090922,0.248688434341404,46.5695852115205,35.1658369779854
AT3G56070.1,5'_truncated,0.0761612355879649,0.0783354229033936,13.2587858544423,10.7026963823039
AT3G56070.1,Both_truncated,0.00101419878296146,0.000763941940412529,0.12320699934035,0.112049350119372
AT3G56070.1,Intact,0.668908829060126,0.672721495441732,111.191780161722,92.183610999119
AT3G56190.1,3'_truncated,0.0547003466769913,0.0448150043394347,7.85163856207917,7.36362162231806
AT3G56190.1,5'_truncated,0.112026536248092,0.0986567331146775,16.7523508860853,16.0346509877585
AT3G56190.1,Both_truncated,0.00218433485031871,0.00233858948986445,0.348307964537789,0.415608393943215
AT3G56190.1,Intact,0.831088782224599,0.854189673056023,128.849239274495,141.738165726249
AT3G56240.1,3'_truncated,0.00937377789071892,0.00988993240923392,10.5210132201151,8.87744281310135
AT3G56240.1,5'_truncated,0.0473257293130054,0.0508491558000584,53.0555188612733,44.7499796695097
AT3G56240.1,Both_truncated,0.000316625846275951,0.00036485070650691,0.385904750436514,0.331917684963529
AT3G56240.1,Intact,0.94298386695,0.938896061084201,1050.66021677821,832.373253689068
AT3G56360.1,3'_truncated,0.0893698422537264,0.0601861262884958,17.8290648698216,17.9974563275222
AT3G56360.1,5'_truncated,0.190890741845002,0.13515638395632,38.7534310709403,40.1371081574108
AT3G56360.1,Both_truncated,0.00126170620462581,0.00129278363944021,0.475863544586194,0.408145242717809
AT3G56360.1,Intact,0.718898278431521,0.803364706115744,228.229815746233,250.968991472234
AT3G56800.1,3'_truncated,0.00775927531808115,0.00909534261213939,5.68922325760745,5.70328047624359
AT3G56800.1,5'_truncated,0.0460807888547505,0.0438002952153832,35.6827541902805,28.0873668687623
AT3G56800.1,Both_truncated,0.000115660421003932,0.00156876416245424,0.115816074807919,0.889450582422124
AT3G56800.1,Intact,0.9461213823535,0.946581440784993,715.582736764288,607.237932371745
AT3G56910.1,3'_truncated,0.00514999109634452,0.00523065224090734,3.03044732689746,2.63042645546022
AT3G56910.1,5'_truncated,0.0481538073307487,0.0454714602349101,28.095466352675,23.2621970659504
AT3G56910.1,Both_truncated,0,0.000215228977019001,0,0.107730582817408
AT3G56910.1,Intact,0.946696201572907,0.949154401539503,551.042074737808,488.153418739635
AT3G57450.1,3'_truncated,0.00496529576033608,0.00457864111082615,1.08136327488496,1.22809017610594
AT3G57450.1,5'_truncated,0.0352282413982345,0.0341508815539291,7.8291212897584,8.06888288569246
AT3G57450.1,Intact,0.959806462841429,0.961270477335245,215.688051848994,235.162375178577
AT3G57785.1,3'_truncated,0.00315051047038437,0.00229960899315738,0.283662121043239,0.170366011691106
AT3G57785.1,5'_truncated,0.198499373550525,0.177332601780324,17.5454847634563,13.1981761710186
AT3G57785.1,Intact,0.799400286135886,0.821134325557572,70.0791936774796,60.8862188972945
AT3G57800.2,3'_truncated,0.186693083726158,0.182507480341096,21.9281055161206,22.8635053224181
AT3G57800.2,5'_truncated,0.177026541766942,0.160622172714273,19.8033535043982,19.9336984239556
AT3G57800.2,Both_truncated,0.02725051248872,0.0201701569310237,2.9593212980076,2.55669044103164
AT3G57800.2,Intact,0.60902986201818,0.636700190013607,76.0631064455417,80.6367695804211
AT3G57870.1,3'_truncated,0.0089281856901145,0.00952169514831841,2.32333466854207,2.33873773207112
AT3G57870.1,5'_truncated,0.0680514676072474,0.0673144062998158,17.5234358983157,16.4301846675365
AT3G57870.1,Both_truncated,0.000446030330062444,0.00132448776092518,0.11189736415688,0.340997229104345
AT3G57870.1,Intact,0.922871669925951,0.922280906711249,238.07298315349,225.746903461988
AT3G58730.1,3'_truncated,0.0295333665046571,0.0248316233416866,6.40230502478031,4.81820303578472
AT3G58730.1,5'_truncated,0.107462363367925,0.0883977868254144,22.9264552327758,16.8967745358508
AT3G58730.1,Both_truncated,0.00174996483660744,0.000748754727841397,0.339610803121678,0.142112786081845
AT3G58730.1,Intact,0.861837626903014,0.886021835105058,180.870251037962,170.481384653994
AT3G59070.1,5'_truncated,0.0115746463645303,0.0103785222094326,1.82385990793099,1.10662802163144
AT3G59070.1,Both_truncated,0.98842535363547,0.989621477790567,141.850545351759,120.349338012462
AT3G59540.1,3'_truncated,0.00846234954217469,0.00859856659226858,5.16733322272178,3.95369002610499
AT3G59540.1,5'_truncated,0.013025927938537,0.0137501915280708,8.02727103059348,6.51633817584839
AT3G59540.1,Both_truncated,0.000176441491523759,0.000255754475703325,0.113856719482399,0.112049350119372
AT3G59540.1,Intact,0.978394094858272,0.97756599038776,608.35914025415,467.847523572357
AT3G59710.2,3'_truncated,0.000759301442672741,0,0.231632149615838,0
AT3G59710.2,5'_truncated,0.999261698160545,0.998511889405501,209.751953064758,157.271814695608
AT3G59710.2,Both_truncated,0,0.000579038795599305,0,0.112049350119372
AT3G59710.2,Intact,0.00145560407569141,0.00194264649394876,0.12320699934035,0.378951217789777
AT3G59940.1,3'_truncated,0.134539080242835,0.0921055803760849,14.6606483671591,14.6250172912509
AT3G59940.1,5'_truncated,0.316413826687957,0.290001714812566,42.554532731854,45.2549302359296
AT3G59940.1,Both_truncated,0.0123079557656844,0.0146024465986729,1.44590815762784,2.31308146531799
AT3G59940.1,Intact,0.536739137303523,0.603290258212676,85.6828120246928,95.9132452852416
AT3G59980.1,3'_truncated,0.0326330420083696,0.0187937832900241,3.57048942668322,1.90091668826644
AT3G59980.1,5'_truncated,0.0881322137285222,0.0769654537442561,9.42562583823318,7.79289573450538
AT3G59980.1,Intact,0.879234744263108,0.90424076296572,94.271019848214,91.8173713351186
AT3G60210.1,3'_truncated,0.0113807326396596,0.00933909011531341,1.69714744128399,1.26884954912464
AT3G60210.1,5'_truncated,0.0621622252169816,0.0561246020713896,10.4972562177612,8.12176891620456
AT3G60210.1,Both_truncated,0.000685369929427965,0.000677048070412999,0.113856719482399,0.112049350119372
AT3G60210.1,Intact,0.926000128857073,0.934310625123159,145.448056493893,134.234370181552
AT3G60245.1,3'_truncated,0.0045180629562006,0.00453343294195282,3.24670229842224,2.56130844130183
AT3G60245.1,5'_truncated,0.0223287197361538,0.0210504856213537,16.2238941755856,12.4092352684072
AT3G60245.1,Both_truncated,0.000168766234446874,0.000184831875807542,0.116973479435049,0.107730582817408
AT3G60245.1,Intact,0.972984451073199,0.974292860186155,696.247702941825,568.201837220333
AT3G60370.1,3'_truncated,0.0365193842573268,0.0378742435426157,5.11913770949707,5.23479753053999
AT3G60370.1,5'_truncated,0.156606812633603,0.158945920059317,23.2628030692682,22.7035759859414
AT3G60370.1,Both_truncated,0.0127847683375707,0.011770568446377,1.84065890173701,1.56171265589226
AT3G60370.1,Intact,0.7940890347715,0.79140926795169,118.877936248073,113.510413414722
AT3G60750.1,3'_truncated,0.0772306141654951,0.0849117625935261,22.9307364984762,22.9910746297573
AT3G60750.1,5'_truncated,0.548343803877841,0.497947831762145,142.217432465632,132.517573530814
AT3G60750.1,Both_truncated,0.031857477705847,0.0295672288045371,8.57481963374294,7.7991394053635
AT3G60750.1,Intact,0.342568104250817,0.387573176839792,117.865985991911,106.278989981128
AT3G60770.1,3'_truncated,0.0120228696694342,0.00974730687068725,7.046299818215,4.64128858539593
AT3G60770.1,5'_truncated,0.0694206999738822,0.06619935601279,43.1193020559421,31.34972435438
AT3G60770.1,Both_truncated,0.00072008118481294,0.000616249716969141,0.386913322807095,0.282680567532611
AT3G60770.1,Intact,0.917836349171871,0.923642503971877,547.942402261398,438.010569305147
AT3G61260.1,3'_truncated,0.0431912247163592,0.0383570139686353,7.12802457443085,5.90858759501816
AT3G61260.1,5'_truncated,0.0982358867712326,0.11593601693898,16.7330142549879,17.87514418122
AT3G61260.1,Both_truncated,0.00262705163501015,0.00430117981797387,0.424361276449271,0.639242331646169
AT3G61260.1,Intact,0.855945836877398,0.842839515880402,153.571872675418,129.462540591277
AT3G61470.1,3'_truncated,0.0142773407414527,0.0113906523503258,60.2020398451649,65.3010211772811
AT3G61470.1,5'_truncated,0.157837385480392,0.117992933250338,533.441223421124,674.98339723048
AT3G61470.1,Both_truncated,0.000613287100788823,0.000898046269031981,2.93721726903122,5.01838429133921
AT3G61470.1,Intact,0.827271986677367,0.869718368130305,3953.53312515146,5029.84107349631
AT3G62030.2,3'_truncated,0.000311575011684063,0,0.246413998680699,0
AT3G62030.2,5'_truncated,0.972988388954388,0.975932413624552,755.85324953073,610.853936609026
AT3G62030.2,Both_truncated,0.0269077527083844,0.0240675863754476,20.7835918985086,14.8984559143628
AT3G62290.2,3'_truncated,0.00926402779429172,0.00976542925401388,11.2197482919781,11.8555110742215
AT3G62290.2,5'_truncated,0.0503648349084822,0.0514487595626542,60.80565177704,62.7108902904797
AT3G62290.2,Both_truncated,0.000383281351244613,0.000204278921363794,0.466587680856518,0.254162136201217
AT3G62290.2,Intact,0.939987855945981,0.938581532261968,1145.46793622138,1146.91992944879
AT3G62400.2,3'_truncated,0.103477733422506,0.105418688565385,16.8608206328008,13.2176524192474
AT3G62400.2,5'_truncated,0.0114208919780099,0.00942826925469703,1.86709488470882,1.20719468619167
AT3G62400.2,Both_truncated,0.000471031559114461,0.0011478163493841,0.115816074807919,0.154852517551033
AT3G62400.2,Intact,0.884944364079779,0.884387831280328,140.910185583692,111.822420305065
AT3G62410.1,3'_truncated,0.00615383633065044,0.00363929394141467,1.62863388616148,0.923145917842731
AT3G62410.1,5'_truncated,0.066696970094599,0.0720429054311553,17.201186164601,17.6100178831432
AT3G62410.1,Both_truncated,0.00104099340513519,0.000429368899837796,0.235327611882053,0.107730582817408
AT3G62410.1,Intact,0.926455197971327,0.924031554694205,244.157516838875,227.098987115766
AT3G62530.1,3'_truncated,0.0142795399908476,0.0114943425053856,9.25260584348623,6.40564001292229
AT3G62530.1,5'_truncated,0.057710882721755,0.0626942502158292,38.8087547139239,34.9411587761643
AT3G62530.1,Both_truncated,0.000391083300743058,0.000205056821417531,0.347448224423757,0.11434133663142
AT3G62530.1,Intact,0.92787921618715,0.925674702731174,611.486479687713,515.829121245699
AT3G62550.1,3'_truncated,0.018302032511611,0.0208293561825784,5.52043321880975,6.50002665895821
AT3G62550.1,5'_truncated,0.162440210804645,0.151156085447164,48.0324562381474,49.3211756186869
AT3G62550.1,Both_truncated,0.00255889476610979,0.00103548363730139,0.736676356485113,0.32903850676222
AT3G62550.1,Intact,0.816698861917634,0.826979074732956,244.579976134945,273.660157444212
AT3G62560.1,3'_truncated,0.0183525186791832,0.00766915589183196,1.74706243473676,0.773393176720725
AT3G62560.1,5'_truncated,0.0593778975562015,0.0696314563045309,5.67293950519199,7.4936872841504
AT3G62560.1,Both_truncated,0.00520518058918483,0,0.474350686030322,0
AT3G62560.1,Intact,0.918799463371825,0.922699387803637,89.1428103036178,100.328009825148
AT3G62650.2,3'_truncated,0.00662692210387838,0.00507487417530661,0.875869443727829,0.702713144308214
AT3G62650.2,5'_truncated,0.119007417180313,0.0991656526292131,14.9524278284197,13.7062666548568
AT3G62650.2,Both_truncated,0.000887448806925473,0,0.113856719482399,0
AT3G62650.2,Intact,0.873774028177859,0.89575947319548,113.388966457749,124.089278055024
AT3G62840.1,3'_truncated,0.00161514811442512,0.00518265171286951,0.272552317139405,0.740062927681338
AT3G62840.1,5'_truncated,0.0427656914102269,0.0466302837368503,7.18719880490067,6.62629509626937
AT3G62840.1,Both_truncated,0,0.000720980533525595,0,0.0988278424913471
AT3G62840.1,Intact,0.955619160475348,0.947946737705772,161.948177023897,134.093843409627
AT3G62870.1,3'_truncated,0.016591740690178,0.0198879891678509,8.51132177890313,10.1445760886515
AT3G62870.1,5'_truncated,0.0755905238948633,0.0832302116042835,37.3481492704076,42.1950912938717
AT3G62870.1,Both_truncated,0.000912539564247884,0.000713336074874407,0.433207270121931,0.358925138909938
AT3G62870.1,Intact,0.906905195850711,0.896168463152991,478.045132458294,457.428866152692
AT3G63160.1,3'_truncated,0.00063591241837802,0.000807856957510853,0.880945559005999,0.946709754897471
AT3G63160.1,5'_truncated,0.0384741169036909,0.0324047839746552,52.5543276338235,39.297046997009
AT3G63160.1,Both_truncated,0,0.000101317122593718,0,0.112049350119372
AT3G63160.1,Intact,0.960889970677931,0.966753586693636,1269.84720975275,1169.13258481623
AT3G63540.1,5'_truncated,0.9978850067538,0.995248523908569,240.899885634545,312.833074320433
AT3G63540.1,Both_truncated,0.00317248986930051,0.00475147609143154,1.1026086826325,1.49849577470516
AT4G00810.1,3'_truncated,0.00863867646610379,0.0115330720765716,2.06068375165628,3.06134878672985
AT4G00810.1,5'_truncated,0.0329442814835587,0.0386059039154239,8.07579969952694,10.47524466816
AT4G00810.1,Intact,0.958417042050338,0.949861024008004,247.685945068342,259.836623460433
AT4G01050.2,3'_truncated,0.00146256599288612,0.0033112582781457,0.291053045575669,0.592967054948083
AT4G01050.2,5'_truncated,0.869043192976365,0.864710849073386,165.828853128422,147.715961749784
AT4G01050.2,Both_truncated,0.124298513278379,0.129075312919656,23.1853082690016,21.9773847963976
AT4G01050.2,Intact,0.00568324974999879,0.00511008524757611,1.08744796253371,0.88121216144551
AT4G01150.1,3'_truncated,0.0109399873499906,0.0112893788910116,2.68691781312475,2.89911578048493
AT4G01150.1,5'_truncated,0.224460604728115,0.228548768785516,55.1655585441707,59.5487736304636
AT4G01150.1,Both_truncated,0.00202212932081404,0.00168220728697028,0.502878229871564,0.439559865873559
AT4G01150.1,Intact,0.76257727860108,0.758479645036502,186.015770253128,195.96022398634
AT4G01610.1,3'_truncated,0.077123178007793,0.0581426467592069,16.2073263394421,12.604576622888
AT4G01610.1,5'_truncated,0.137758546544451,0.1347566706303,28.8769899169601,29.0684274097664
AT4G01610.1,Both_truncated,0.00835114230202729,0.00654470541828354,1.6902030135212,1.42937776054677
AT4G01610.1,Intact,0.776767133145729,0.80055597719221,167.37267444487,175.519511281648
AT4G01897.1,3'_truncated,0.00879391084923781,0.016236247834191,0.908640944651109,1.46306161721567
AT4G01897.1,5'_truncated,0.10693714635709,0.0802725272221777,13.54836608528,7.25962241060884
AT4G01897.1,Both_truncated,0.00117233294255569,0.00126103404791929,0.231632149615838,0.112049350119372
AT4G01897.1,Intact,0.883878165146153,0.903070880260992,109.275239401283,80.8883684059707
AT4G01900.1,3'_truncated,0.0272904163995399,0.0261307212682677,3.75726911733934,3.06003162678266
AT4G01900.1,5'_truncated,0.110840701381796,0.127240376861195,15.8563099949459,14.8889569091794
AT4G01900.1,Both_truncated,0.00316372015632303,0.000923545957003206,0.386913322807095,0.109170171918063
AT4G01900.1,Intact,0.858705162062341,0.845705355913534,116.191684746365,100.228263527328
AT4G01940.1,3'_truncated,0.0227781130479334,0.0212745634927812,6.46786160741198,5.34358006758245
AT4G01940.1,5'_truncated,0.242987103827172,0.237685649252519,72.299588078828,59.784107203204
AT4G01940.1,Both_truncated,0.00898821434501493,0.00736962784962196,2.73310976239341,1.85148575339772
AT4G01940.1,Intact,0.72524656877988,0.733670159405078,215.316283795006,184.412711295981
AT4G02080.1,3'_truncated,0.0170410824873067,0.0184102632551179,2.3976820810106,2.55459801133325
AT4G02080.1,5'_truncated,0.108270289334363,0.106811177824532,15.7940102870885,14.177617709019
AT4G02080.1,Both_truncated,0.000668896321070234,0,0.115816074807919,0
AT4G02080.1,Intact,0.874465662737974,0.87477855892035,126.262613852687,117.020977464562
AT4G02230.1,3'_truncated,0.0499212061851719,0.0245184999081708,4.00584909301775,2.75914093009928
AT4G02230.1,5'_truncated,0.104325026461134,0.0967781040089677,9.46848306286227,10.8027211566681
AT4G02230.1,Both_truncated,0.00160731999883783,0,0.119511537074134,0
AT4G02230.1,Intact,0.844682220687803,0.878703396082862,88.0895238664485,100.438219309859
AT4G02380.1,3'_truncated,0.00535117818482713,0.0079025579448035,0.633327321487795,0.872010188151223
AT4G02380.1,5'_truncated,0.0749399217724629,0.0605984520690955,9.02282842556989,7.16599996458146
AT4G02380.1,Both_truncated,0.00104931794333683,0.00104384133611691,0.11189736415688,0.0988278424913471
AT4G02380.1,Intact,0.919359127394931,0.931151042874062,110.0002601377,113.635380632931
AT4G02530.1,3'_truncated,0.0247447288844476,0.0233132380298895,9.55974281019772,7.50822595172561
AT4G02530.1,5'_truncated,0.116672729300268,0.118485552537031,48.126060413317,38.07099308387
AT4G02530.1,Both_truncated,0.00160638512720143,0.00303403543450966,0.586173634058927,0.976419583230434
AT4G02530.1,Intact,0.856976156688083,0.85516717399857,347.227728873421,274.668501682033
AT4G02620.1,3'_truncated,0.012576321870965,0.0140667630188784,3.7878746412649,3.75468315392902
AT4G02620.1,5'_truncated,0.0300555286042139,0.0204309422634705,8.76178141008088,5.491485237313
AT4G02620.1,Both_truncated,0.00205619698536441,0.00119468310043327,0.565364886760957,0.338440036870164
AT4G02620.1,Intact,0.955997351534578,0.964705839317362,275.940519715242,258.440621423171
AT4G02725.1,3'_truncated,0.205424459325041,0.216647856841418,28.8245470129164,31.7867312900199
AT4G02725.1,5'_truncated,0.0597439233821444,0.049091377743408,8.92384459799326,7.04682959211448
AT4G02725.1,Both_truncated,0.0024245370247029,0.00260670994427529,0.385904750436514,0.378951217789777
AT4G02725.1,Intact,0.732407080268112,0.732522958785657,108.673475552873,106.548974795558
AT4G02770.1,3'_truncated,0.00676164164200238,0.00749310962933186,1.59133476477586,2.07764285608876
AT4G02770.1,5'_truncated,0.344277726661919,0.401491157203646,87.3835996523851,113.007309252602
AT4G02770.1,Both_truncated,0.00183751188271657,0.00131346132929243,0.459047924067538,0.367916281143376
AT4G02770.1,Intact,0.647123119813362,0.58970227183773,156.143932037505,165.557389274116
AT4G02890.2,3'_truncated,0.0449627934734369,0.0444832762313037,7.60367582583749,7.08610648012295
AT4G02890.2,5'_truncated,0.138220242460311,0.146231458270717,22.6924750204805,22.8161376011691
AT4G02890.2,Both_truncated,0.00190417150744197,0.00245463718682014,0.308545201641352,0.4052660645165
AT4G02890.2,Intact,0.81491279255881,0.806830628311159,139.67282417697,132.853569940352
AT4G02970.1,5'_truncated,0.94593569276188,0.949154677105771,1814.2916930489,1566.74420458472
AT4G02970.1,Both_truncated,0.05406430723812,0.050845322894229,102.548325574234,84.2606916163261
AT4G03210.1,3'_truncated,0.0314358331657807,0.0310845731563556,31.0607673268959,27.6843929952624
AT4G03210.1,5'_truncated,0.0993612812434209,0.0990496813370649,99.3263750627636,90.6591412936291
AT4G03210.1,Both_truncated,0.00136806933895912,0.00261624698384499,1.36653146409152,2.31041311817753
AT4G03210.1,Intact,0.867834816251839,0.867249498522735,869.906621887833,781.918874468073
AT4G03280.1,3'_truncated,0.014695313870326,0.00945200673111476,4.0540113528172,3.19923120741711
AT4G03280.1,5'_truncated,0.274073536912784,0.275697053231257,72.4286046331706,92.7502215199548
AT4G03280.1,Both_truncated,0.00207713849814251,0.00245756267032303,0.630863679976984,0.810532129033
AT4G03280.1,Intact,0.709154010718748,0.712393377367305,217.710657270069,248.676588622321
AT4G03520.1,3'_truncated,0.015861027364928,0.00927109380210803,2.19002227285576,1.28168342187706
AT4G03520.1,5'_truncated,0.0960170294059747,0.0926020670311917,13.2565866240194,12.6584032482143
AT4G03520.1,Both_truncated,0.00202705253650814,0.00293527172165398,0.271246080255726,0.393395744081752
AT4G03520.1,Intact,0.886094890692589,0.895191567445046,120.160704522253,124.200380960763
AT4G04640.1,3'_truncated,0.0241242504163323,0.0220061881639429,10.0340138289401,7.75778115739931
AT4G04640.1,5'_truncated,0.294669647319594,0.315776402661016,120.491534441477,108.068021256865
AT4G04640.1,Both_truncated,0.00265581106247465,0.00466566371152644,1.05391871954258,1.58222051093094
AT4G04640.1,Intact,0.6785502912016,0.657551745463515,275.931475923475,230.246878967717
AT4G05050.1,3'_truncated,0.0977066860201085,0.0838346615921986,12.7099665056048,8.88437514387345
AT4G05050.1,5'_truncated,0.0722144667838376,0.0797879541570207,9.88129829530582,8.46834508780854
AT4G05050.1,Both_truncated,0.00110864745011086,0.00513555070000809,0.11189736415688,0.628578016252326
AT4G05050.1,Intact,0.829709298046017,0.832953683784109,111.155982298221,88.2944840415987
AT4G05180.1,3'_truncated,0.0208912661848251,0.0203287737695394,44.624403341061,40.3618902973871
AT4G05180.1,5'_truncated,0.122800415287317,0.132022153609875,269.672361411159,255.235860928435
AT4G05180.1,Both_truncated,0.00148298088522519,0.00138144458759912,3.02130366871171,2.75398103963312
AT4G05180.1,Intact,0.854825337642633,0.846267628032986,1858.23645919511,1669.58089220404
AT4G08920.1,3'_truncated,0.18173460320674,0.124927613223355,21.2292684462115,18.5443794887528
AT4G08920.1,5'_truncated,0.379848351920276,0.367272155247399,49.4328282556048,54.7903369110744
AT4G08920.1,Both_truncated,0.0181395623492096,0.0200843725416856,2.31655265382095,3.05978676847572
AT4G08920.1,Intact,0.420277482523775,0.48771585898756,69.0866186460872,75.8169850613319
AT4G09010.1,3'_truncated,0.0540871200894823,0.0410020544883109,16.265078754197,15.0913167952605
AT4G09010.1,5'_truncated,0.14705695740807,0.143310584271785,47.7231042875339,52.7450369761858
AT4G09010.1,Both_truncated,0.00233672054420054,0.0023662175226913,0.739139997995923,0.840241957365963
AT4G09010.1,Intact,0.796519201958248,0.813321143717213,268.79757469455,300.531061707546
AT4G09320.1,3'_truncated,0.00742432115350744,0.00814314691919797,8.63725459307174,7.49286650840139
AT4G09320.1,5'_truncated,0.0664616117003597,0.0703339416673621,75.0515411413388,65.511355032288
AT4G09320.1,Both_truncated,0.000637422398347527,0.000431058375960544,0.772966905500159,0.409496429911086
AT4G09320.1,Intact,0.925476644747785,0.921091853037479,1042.28391352063,858.085764717328
AT4G09650.1,3'_truncated,0.0128736511746178,0.0122072478900304,6.53065688401974,5.75939929258651
AT4G09650.1,5'_truncated,0.123025863348292,0.150862152100526,65.0216447679824,70.5960898636574
AT4G09650.1,Both_truncated,0.00105499962853129,0.000736552515027847,0.53510123597902,0.354517969700596
AT4G09650.1,Intact,0.863045485848559,0.836194047494416,445.531259875346,399.833844197511
AT4G09800.1,3'_truncated,0.0116829121125315,0.00947384221762376,5.05558469082145,3.25306931149517
AT4G09800.1,5'_truncated,0.0446131856326412,0.0493809010681243,19.5496951756712,17.2612812273486
AT4G09800.1,Both_truncated,0.000423639059521288,0.000564892790373015,0.231632149615838,0.186925720680375
AT4G09800.1,Intact,0.943562689234987,0.940580363923879,404.11762434467,326.5355877406
AT4G09890.1,3'_truncated,0.00274256309617884,0.00387241425847759,0.412747186360147,0.333445675971561
AT4G09890.1,5'_truncated,0.025748495087279,0.0284711177621047,3.24830619981902,2.45021116474842
AT4G09890.1,Intact,0.972423129515268,0.967656467979418,129.839130719576,83.2817376582071
AT4G10300.1,3'_truncated,0.00959474444515581,0.00773389339448136,4.11733321383024,2.67445264155583
AT4G10300.1,5'_truncated,0.0585895869066589,0.0791792200847809,25.7878178697518,27.6127441903557
AT4G10300.1,Both_truncated,0.00032020493115594,0.00069476312027014,0.11189736415688,0.25368036004238
AT4G10300.1,Intact,0.931708933671133,0.912623711107224,388.69566952877,319.626270262615
AT4G10340.1,3'_truncated,0.0124690540057484,0.012977478059866,53.9886058057253,55.0811456085391
AT4G10340.1,5'_truncated,0.20421710875417,0.209802834981997,911.489628899371,896.28626398713
AT4G10340.1,Both_truncated,0.00175480907795321,0.00181535687894283,7.61035584251244,7.69007131518372
AT4G10340.1,Intact,0.781559028162128,0.775404330079195,3423.86740387449,3303.58346482312
AT4G10920.2,3'_truncated,0.0231680114141318,0.017828431805799,8.4489042544441,4.70654132054095
AT4G10920.2,5'_truncated,0.0685252700663334,0.0708822416357592,23.8973678830187,18.7645492576443
AT4G10920.2,Both_truncated,0.00178483860099229,0.00198495400572832,0.698368662728906,0.560423554411614
AT4G10920.2,Intact,0.906521879918543,0.909304372552714,316.909631781464,241.443723114662
AT4G11010.1,3'_truncated,0.0230907382674084,0.0297273412121318,8.90676152045925,10.053102648063
AT4G11010.1,5'_truncated,0.108732530616807,0.0979575324083362,43.818883287134,33.2090652960371
AT4G11010.1,Both_truncated,0.00144786376693692,0.0018269280141487,0.539649647966712,0.620373622521805
AT4G11010.1,Intact,0.867211488604493,0.870488198365383,344.685772960185,293.342351541813
AT4G11150.1,3'_truncated,0.0427901025673151,0.0334981289003427,16.7224071980365,11.8626546450635
AT4G11150.1,5'_truncated,0.0754878426563002,0.0770559475491204,29.9946082496645,27.2957576190105
AT4G11150.1,Both_truncated,0.00081516729894491,0.000744178253755346,0.309851438525032,0.261625287426623
AT4G11150.1,Intact,0.88090688747744,0.888701745296782,344.56029348625,314.542906621192
AT4G11175.1,3'_truncated,0.00792280677751027,0.00921448785528382,1.28569970141496,1.31157005402478
AT4G11175.1,5'_truncated,0.057049100728902,0.0511093877628193,9.34503132507424,7.45212968387708
AT4G11175.1,Both_truncated,0.00304645849200305,0.000722789979479469,0.447589456627519,0.105438596305359
AT4G11175.1,Intact,0.934012606329587,0.939194264395577,148.128125009827,135.517953159774
AT4G12040.1,3'_truncated,0.0421865774942217,0.0472251374957495,5.08152734281323,5.31639580982128
AT4G12040.1,5'_truncated,0.047965373269532,0.0384134272658825,5.95220509243161,4.28467818599694
AT4G12040.1,Both_truncated,0.00106680943839332,0,0.117552181748615,0
AT4G12040.1,Intact,0.909136842943984,0.914361435238368,108.524473958178,102.89751077242
AT4G12600.1,3'_truncated,0.00974309402920978,0.0101126232575185,2.50258818319433,2.20905970511438
AT4G12600.1,5'_truncated,0.0308154284579848,0.031908418903127,8.71578512727914,7.22719247056236
AT4G12600.1,Both_truncated,0.000284010224368077,0.000563380281690141,0.115816074807919,0.116633323143469
AT4G12600.1,Intact,0.959346807438016,0.957791164412125,269.178107613845,212.564765422799
AT4G12800.2,5'_truncated,0.98579741328586,0.986928361769662,800.28414310292,719.934310342668
AT4G12800.2,Both_truncated,0.0142025867141395,0.0130716382303384,10.8749125413217,9.547856906171
AT4G13200.1,3'_truncated,0.0139885515700356,0.0148421964408748,2.05851777465857,1.80223162234376
AT4G13200.1,5'_truncated,0.0505762713091466,0.0576647610730722,7.82789514051036,7.1970609801077
AT4G13200.1,Both_truncated,0,0.000930232558139535,0,0.116633323143469
AT4G13200.1,Intact,0.935435177120818,0.927182964966673,137.578018955772,115.289082298345
AT4G13500.1,3'_truncated,0.0098554208064141,0.00713459540429645,1.75561076389632,1.2669679504871
AT4G13500.1,5'_truncated,0.270257501855318,0.227895846847975,54.0540612310062,38.4660525189351
AT4G13500.1,Both_truncated,0.0061413566313214,0.00483769575871299,1.26815654632619,0.863406680793389
AT4G13500.1,Intact,0.713745720706946,0.760131861989016,145.275393181579,127.44774981031
AT4G13520.1,3'_truncated,0.00110841328937349,0.000911199469847581,0.237716837264589,0.172657998203155
AT4G13520.1,5'_truncated,0.0331593026853703,0.0377277747655481,8.60896387840043,8.10737302519801
AT4G13520.1,Both_truncated,0,0.000404040404040404,0,0.0988278424913471
AT4G13520.1,Intact,0.965732284025256,0.96153007878654,251.451979026979,207.091874771754
AT4G13615.1,3'_truncated,0.00796742188553114,0.00539755288545884,1.39744823331529,0.807476147016935
AT4G13615.1,5'_truncated,0.0375334488458548,0.0492027252560452,7.00049920188019,7.61038866178606
AT4G13615.1,Both_truncated,0,0.000742942050520059,0,0.112049350119372
AT4G13615.1,Intact,0.954499129268614,0.945152074508323,174.922485859274,146.701320123174
AT4G13720.2,3'_truncated,0.00179597142919307,0.00146317917156907,0.228870843591929,0.157144504063081
AT4G13720.2,5'_truncated,0.933429196181856,0.924347200330818,119.656511725872,108.15329480487
AT4G13720.2,Both_truncated,0.0286391231282008,0.0240284366076958,3.63302029220314,2.86181150310961
AT4G13720.2,Intact,0.0361357092607501,0.05064891028044,4.58795518416909,6.11457271297307
AT4G13770.1,3'_truncated,0.0364115985448077,0.0346229215089152,4.5085452372075,5.40004101280317
AT4G13770.1,5'_truncated,0.536625629196659,0.475496301066265,57.9912297261561,74.6175529753028
AT4G13770.1,Both_truncated,0.0165341877498375,0.0153227588036918,1.69116475168141,2.41212013887018
AT4G13770.1,Intact,0.410428584508696,0.474558018621128,67.6309693285534,74.1809776731935
AT4G13850.1,3'_truncated,0.034196036704397,0.0228207249356242,4.99838077088242,3.84622464900972
AT4G13850.1,5'_truncated,0.0652785768208638,0.0565071386671072,10.44316034034,9.50909935986412
AT4G13850.1,Both_truncated,0,0.00127551020408163,0,0.233266646286937
AT4G13850.1,Intact,0.900525386474739,0.920246966329242,172.653782360391,155.40580449658
AT4G13940.1,3'_truncated,0.035889424510598,0.0334861636562184,38.6078639611611,41.0717951929701
AT4G13940.1,5'_truncated,0.197150333313807,0.151786380836441,181.289459811419,180.891388474769
AT4G13940.1,Both_truncated,0.00233171376311578,0.00190573082135328,2.12437202180334,2.21464125770225
AT4G13940.1,Intact,0.76462852841248,0.812821724685987,974.916707657355,996.617324734536
AT4G14020.1,3'_truncated,0.0025056138996699,0.00139516588982634,0.342074444632489,0.154852517551033
AT4G14020.1,5'_truncated,0.051100249065906,0.0568780640850801,6.71311820146555,6.99364693872239
AT4G14020.1,Intact,0.946394137034424,0.942191825321702,123.91972777032,115.783530021442
AT4G14040.1,3'_truncated,0.0533784892186481,0.0541480655334594,17.3433717155302,19.2448570177849
AT4G14040.1,5'_truncated,0.282752550059188,0.241351244212671,85.673946731782,85.6417748049872
AT4G14040.1,Both_truncated,0.00780687371979777,0.00778017818692417,2.36706297629992,2.7698708944016
AT4G14040.1,Intact,0.656062087002367,0.696720512066945,215.348908860411,248.043294894466
AT4G14270.1,3'_truncated,0.00683650959460726,0.00559864884554216,3.12756284198948,2.38028385359274
AT4G14270.1,5'_truncated,0.0441527721424675,0.0405602582963574,20.1027860635087,16.4029208765314
AT4G14270.1,Intact,0.949010718262925,0.9538410928581,420.249327440717,393.254259231503
AT4G14320.2,3'_truncated,0.955224898381151,0.953611111522682,203.251361462638,151.617626048864
AT4G14320.2,Both_truncated,0.0447751016188491,0.0463888884773185,9.70741023081941,7.43149053102145
AT4G14420.1,3'_truncated,0.0215292322421202,0.0205851651783292,6.56582328183292,4.89079869408086
AT4G14420.1,5'_truncated,0.0487499233514742,0.0516079036479385,14.0845446382505,12.4534726945727
AT4G14420.1,Both_truncated,0.000689194523345359,0.00237515464139861,0.192877959089982,0.609660671842533
AT4G14420.1,Intact,0.92903164988306,0.926223494746133,272.440429591035,222.480296017232
AT4G14615.1,3'_truncated,0.00410691639840016,0.00640210511777747,0.397518840525638,0.506973085209156
AT4G14615.1,5'_truncated,0.0322722736243368,0.0342678328578078,3.04929671886991,2.68063266008014
AT4G14615.1,Intact,0.964989782110063,0.959330062024415,90.7127534985126,75.9881232892977
AT4G14716.1,3'_truncated,0.016858147681904,0.0145835181153411,2.68400767484429,2.64324884946093
AT4G14716.1,5'_truncated,0.0985573967151486,0.0969525476065969,15.7584525563415,17.4925072085102
AT4G14716.1,Both_truncated,0.00079259876321758,0.000826338614907177,0.119511537074134,0.146519955291186
AT4G14716.1,Intact,0.884056056427469,0.887637595663155,144.207178146696,160.201258212484
AT4G14870.1,3'_truncated,0.00797690354361016,0.00485427746929528,1.0230019503188,0.665363360935091
AT4G14870.1,5'_truncated,0.0719266641035258,0.0585212614597948,9.59797041631829,7.98495879715754
AT4G14870.1,Both_truncated,0.000960614793467819,0,0.115816074807919,0
AT4G14870.1,Intact,0.919776227421708,0.93662446107091,121.53014975947,127.410359051791
AT4G14880.1,3'_truncated,0.0346664563232334,0.0351249895647912,16.2152325053651,16.9520725764447
AT4G14880.1,5'_truncated,0.18249287148706,0.17143365984556,87.2716563597897,82.6176781220506
AT4G14880.1,Both_truncated,0.00197674402593266,0.00229524256884302,0.90326716485984,1.10395967449098
AT4G14880.1,Intact,0.780863928163774,0.791146108020806,366.210955295623,383.588387123326
AT4G14960.2,3'_truncated,0.042322012953917,0.0355188827741551,17.3204880340754,17.5615005924359
AT4G14960.2,5'_truncated,0.280636017570635,0.251412040276721,109.390206989905,122.144867099449
AT4G14960.2,Both_truncated,0.00618407429498609,0.00530928741065655,2.64264101055107,2.58352109116329
AT4G14960.2,Intact,0.670857895180462,0.707759789538467,302.762319719514,348.155786918305
AT4G15000.1,3'_truncated,0.00384943493177415,0.00432199571075725,1.06421978235546,0.946532951082716
AT4G15000.1,5'_truncated,0.0417354025526655,0.0554563035301245,11.1417579229611,12.2926134240154
AT4G15000.1,Both_truncated,0.00113808801213961,0.000837836405498295,0.347448224423757,0.204266438796707
AT4G15000.1,Intact,0.954035799844847,0.939663143155453,251.948108045318,208.289395505365
AT4G15560.1,3'_truncated,0.0766051118074836,0.0621987849501778,15.5458457925249,15.513481772861
AT4G15560.1,5'_truncated,0.520681189307124,0.498631107509501,99.6534507029099,123.058226731247
AT4G15560.1,Both_truncated,0.0216384437833265,0.0193287792226437,4.21396897872735,4.62946377095898
AT4G15560.1,Intact,0.381075255102066,0.419841328317678,90.8231910096629,104.283175608744
AT4G15800.1,3'_truncated,0.00253807106598985,0.00184151712705673,0.246413998680699,0.179462569454969
AT4G15800.1,5'_truncated,0.120234094169954,0.120346243232888,9.74629358096166,11.5320766685415
AT4G15800.1,Intact,0.878919882141383,0.877812239640056,73.1197041071299,84.1858659719394
AT4G15802.1,3'_truncated,0.01061705667409,0.0124098791553899,1.57448893675946,1.51689972129373
AT4G15802.1,5'_truncated,0.033694047262685,0.0382638970335075,4.91609393906564,4.55262626851654
AT4G15802.1,Both_truncated,0.00227061668581955,0.00286395812908654,0.353532912072508,0.363702929371836
AT4G15802.1,Intact,0.953418279377405,0.947416918391712,137.828328979074,112.607222892676
AT4G15910.1,3'_truncated,0.00433101454522202,0.00455783097462258,0.971780719982343,1.01412297423307
AT4G15910.1,5'_truncated,0.0115677803026909,0.0131689832739308,2.77011121926594,2.94474949083247
AT4G15910.1,Intact,0.984101205152087,0.982273185751447,227.817206807924,229.899063469869
AT4G16141.1,3'_truncated,0.0572230828694958,0.0553578212921099,9.64018323994043,7.99969681704189
AT4G16141.1,5'_truncated,0.0996572720737419,0.107123395498828,17.2929256621314,15.3977483497014
AT4G16141.1,Both_truncated,0.00184015510487444,0.0050772712791057,0.319854836824822,0.737006945665274
AT4G16141.1,Intact,0.841279489951888,0.832441511929957,143.124296528449,120.659455216044
AT4G16190.1,3'_truncated,0.0398936086937083,0.0287833530472025,8.54585959426484,11.0997010683403
AT4G16190.1,5'_truncated,0.138701994386442,0.109833119081405,34.9489977638527,41.7842432677583
AT4G16190.1,Both_truncated,0.00370060922618566,0.00381185152435673,0.861040760452593,1.46249717852531
AT4G16190.1,Intact,0.817703787693664,0.857571676347036,289.553563365662,331.008714486867
AT4G16400.1,5'_truncated,0.994824913123888,0.995274530076905,341.764147278571,301.465665777344
AT4G16400.1,Both_truncated,0.0051750868761116,0.00472546992309471,1.70845707646746,1.43417256463172
AT4G16450.1,3'_truncated,0.00364077669902913,0.00183821672777222,0.369620998021049,0.157144504063081
AT4G16450.1,5'_truncated,0.0252223276483079,0.0212547379008735,2.46428048943812,1.7566659664884
AT4G16450.1,Intact,0.973564080118683,0.977519784280612,93.8172431495119,76.1107988859449
AT4G16520.1,3'_truncated,0.0257231325759946,0.0216102105185693,5.89149570518592,4.85981721179852
AT4G16520.1,5'_truncated,0.0550272482191404,0.0432427691062031,12.5026398531587,9.58476247892804
AT4G16520.1,Both_truncated,0.00192658577107933,0.00187786341636433,0.466959761497891,0.44684621328421
AT4G16520.1,Intact,0.917965228690812,0.933269156958863,209.4840420996,209.071016350641
AT4G16720.1,3'_truncated,0.026208458529369,0.0203922282480007,6.80906496891571,6.05205156829328
AT4G16720.1,5'_truncated,0.0996991147212239,0.0702386381638677,20.8426278641177,21.4332091065424
AT4G16720.1,Both_truncated,0.00135214209796799,0.0013905588920318,0.344538086143299,0.448938642982602
AT4G16720.1,Intact,0.872740284651439,0.9079785746961,257.308101939373,275.810347212279
AT4G17390.1,3'_truncated,0.0118076084382416,0.0134677061357329,2.64027936708644,2.54289301596155
AT4G17390.1,5'_truncated,0.0969454895020041,0.0973818752058866,20.1187962995919,18.7368341794299
AT4G17390.1,Both_truncated,0.214849402217635,0.149595308332561,42.5641061624821,28.3275821357405
AT4G17390.1,Intact,0.67639749984212,0.739555110325819,145.963815047986,141.626606813821
AT4G17560.1,3'_truncated,0.027367678887973,0.0301404627539875,11.7464968652644,11.7566832317301
AT4G17560.1,5'_truncated,0.108877772312422,0.116748166490999,47.6646062493449,45.6634334884353
AT4G17560.1,Both_truncated,0.000665322470651451,0.00178615196125035,0.271246080255726,0.662871817609385
AT4G17560.1,Intact,0.863089226328953,0.851325218793763,371.768866175741,335.581839236651
AT4G18100.1,3'_truncated,0.00608181236376458,0.00488835717442605,8.30736310452186,5.66806862856666
AT4G18100.1,5'_truncated,0.0296443569227738,0.0348199316098751,41.4922055643269,40.5426804671422
AT4G18100.1,Both_truncated,0.000193350195301705,9.92976249743423e-05,0.228870843591929,0.11434133663142
AT4G18100.1,Intact,0.96408048051816,0.960225512799049,1349.9172460148,1110.74272265181
AT4G18370.1,3'_truncated,0.0900404328269535,0.084027912275064,14.3775970829695,12.5097908632248
AT4G18370.1,5'_truncated,0.131958493854682,0.130099673772153,20.615099524224,19.5001369616241
AT4G18370.1,Both_truncated,0.00649393820656116,0.00555802252846194,0.980775545911552,0.852289081615465
AT4G18370.1,Intact,0.771507135111803,0.780314391424322,118.932454254843,117.107798877634
AT4G18480.1,3'_truncated,0.0376991634321308,0.033940391262799,24.6265263931254,21.2045042937942
AT4G18480.1,5'_truncated,0.212582178075908,0.221655499293586,141.650075059207,138.033336267644
AT4G18480.1,Both_truncated,0.00340751699677137,0.00345604124794364,2.24631961847038,2.13112735253731
AT4G18480.1,Intact,0.74631114149519,0.740948068195671,482.855434086978,460.376637786923
AT4G18730.1,3'_truncated,0.0055246231280045,0.00569846111100721,4.51120454518523,4.53938221239413
AT4G18730.1,5'_truncated,0.050213633384278,0.0449294952523344,43.1274477091531,35.301736945324
AT4G18730.1,Both_truncated,0.000594158693659897,0.000267277439109649,0.502729397615014,0.226390686750792
AT4G18730.1,Intact,0.943667584794058,0.949193858677252,800.920357196586,743.519395560634
AT4G18970.2,3'_truncated,0.768673239677505,0.767202896846666,103.585671401703,111.60304099751
AT4G18970.2,Both_truncated,0.231326760322495,0.232797103153334,25.0912011650573,33.4923229137247
AT4G19200.1,3'_truncated,0.0167532335104697,0.0131067162624784,5.21504898575158,5.4790504781879
AT4G19200.1,5'_truncated,0.0780395778541687,0.0665801508084455,24.5607816329569,27.7327741769853
AT4G19200.1,Both_truncated,0,0.000789265982636148,0,0.296483527474041
AT4G19200.1,Intact,0.905207188635362,0.920050044268197,332.765380107831,383.350521092049
AT4G19640.2,3'_truncated,0.0453486777261137,0.0368140134057737,4.85151267537928,4.12128227512521
AT4G19640.2,5'_truncated,0.0859531860308177,0.104828992469442,9.14046597865205,11.6204308837892
AT4G19640.2,Both_truncated,0.00300902708124373,0.00102145045965271,0.335692092470639,0.116633323143469
AT4G19640.2,Intact,0.867695127215987,0.858016510638234,92.7729370517149,95.7386203514344
AT4G19840.1,3'_truncated,0.0343860740709177,0.0269276267901141,10.370226413961,6.90931225780844
AT4G19840.1,5'_truncated,0.106765867305931,0.105885090666766,31.7971490322572,28.5430618567203
AT4G19840.1,Both_truncated,0.00133524332288909,0.000771976664130446,0.390832033458135,0.225803495061531
AT4G19840.1,Intact,0.857512815300262,0.866415305878989,261.168641449169,237.942809559203
AT4G20150.1,3'_truncated,0.00633721824674478,0.00829432129148331,0.701692044353747,0.780645496885282
AT4G20150.1,5'_truncated,0.0274503599434728,0.0194131960882103,3.30098249929571,2.11349867569995
AT4G20150.1,Both_truncated,0.00102249488752556,0.00144927536231884,0.12320699934035,0.116633323143469
AT4G20150.1,Intact,0.965871590180607,0.971809390832867,112.547395626411,108.956107946315
AT4G20260.2,3'_truncated,0.078569580306016,0.0781182930231919,62.3610230566545,62.8456716321621
AT4G20260.2,5'_truncated,0.105233382993196,0.121556293365018,82.3703426534746,97.3126734506315
AT4G20260.2,Both_truncated,0.00238086514450992,0.00308743951628403,1.91380207536804,2.4849040797328
AT4G20260.2,Intact,0.813816171556278,0.797237974095507,659.882356703273,648.453136418481
AT4G20360.1,3'_truncated,0.0214445417875783,0.0184734357894925,7.00203659642644,6.5553472480465
AT4G20360.1,5'_truncated,0.392731468341845,0.335989253750825,118.951364191964,116.417996055878
AT4G20360.1,Both_truncated,0.00699843850239866,0.00453890102778196,1.99960795527659,1.56306384308554
AT4G20360.1,Intact,0.578825551368178,0.640998409431901,214.331223199191,225.231176138306
AT4G20890.1,3'_truncated,0.0685423503645775,0.0785325115531862,12.4499416432715,13.0237081669668
AT4G20890.1,5'_truncated,0.269328393029344,0.259587852029634,48.8166241325502,42.6043428654759
AT4G20890.1,Both_truncated,0.0133507768292159,0.0126896578535999,2.39576693431562,2.14819159068432
AT4G20890.1,Intact,0.648778479776863,0.64918997856358,116.066290481073,107.266212582949
AT4G21280.1,3'_truncated,0.0121627020165434,0.00982524302860476,14.280503478288,10.0424699543315
AT4G21280.1,5'_truncated,0.121185949687423,0.128447266079372,143.637598202362,129.804544548924
AT4G21280.1,Both_truncated,0.0011523060015503,0.000821415288701885,1.39528225631758,0.82854844074597
AT4G21280.1,Intact,0.865499042294483,0.860906075603321,1013.80867543565,878.727389520302
AT4G21620.1,3'_truncated,0.0014480537332736,0.00270992532689132,0.192877959089982,0.487428782488154
AT4G21620.1,5'_truncated,0.143165406571351,0.12323039764911,20.9188352594454,22.4658337069439
AT4G21620.1,Both_truncated,0.000710227272727273,0.000633713561470215,0.12320699934035,0.112049350119372
AT4G21620.1,Intact,0.855149797271133,0.873848439170176,127.04991819409,159.30280274365
AT4G21960.1,3'_truncated,0.103539373412852,0.0672748309874671,36.589437629567,35.9547527863609
AT4G21960.1,5'_truncated,0.286002688925184,0.262787058938494,118.803068319044,142.390494317774
AT4G21960.1,Both_truncated,0.00924838513685322,0.00612426320993915,3.15828394474634,3.20825637689664
AT4G21960.1,Intact,0.601209552525111,0.6638138468641,395.886782063571,395.356976465783
AT4G22000.1,3'_truncated,0.0239639527993206,0.0274689262611825,2.35817014841689,2.36247837294062
AT4G22000.1,5'_truncated,0.0601900396432813,0.049738263236576,6.20023657329419,4.16093531925758
AT4G22000.1,Intact,0.915846007557398,0.922792810502242,92.6927293959491,78.3784413706854
AT4G22220.1,3'_truncated,0.0120886006275674,0.0158942889355862,2.52480779100199,3.78360623375906
AT4G22220.1,5'_truncated,0.0747035424458723,0.0850360396975593,15.5954276302689,20.5593450884245
AT4G22220.1,Both_truncated,0.00101662277429177,0.0021121175865438,0.194184195973662,0.52075903152754
AT4G22220.1,Intact,0.912191234152269,0.896957553780311,196.006644727165,215.055286750154
AT4G22310.1,3'_truncated,0.00766293161030003,0.00626806310404162,1.12504474843244,0.795782630396943
AT4G22310.1,5'_truncated,0.0453544268164151,0.0441989039163493,6.71713891016276,5.79255273781114
AT4G22310.1,Both_truncated,0,0.000812347684809098,0,0.112049350119372
AT4G22310.1,Intact,0.946982641573285,0.949262250418006,139.104399955872,124.471027925216
AT4G22330.1,3'_truncated,0.0604316587136427,0.0711832320200248,5.44869828010858,8.01985106445105
AT4G22330.1,5'_truncated,0.145348393962164,0.104002773819442,11.4643408123845,11.900979459506
AT4G22330.1,Both_truncated,0.000886524822695036,0.0015263583941376,0.11189736415688,0.157144504063081
AT4G22330.1,Intact,0.793924439049962,0.823796421897775,81.4428626650076,96.1522588091794
AT4G22890.1,3'_truncated,0.0313053992857548,0.020313985480054,3.60762613502718,2.55305854157351
AT4G22890.1,5'_truncated,0.344650676849532,0.421777094337887,40.1509632459759,52.7963643522034
AT4G22890.1,Both_truncated,0.0135094980996407,0.00710744538168793,1.54332133723296,0.895784856266812
AT4G22890.1,Intact,0.610534425765072,0.550801474800371,73.0912540578826,69.1363223592455
AT4G23670.1,3'_truncated,0.0193343910390997,0.0161857585660978,38.8550281479032,37.5002445283496
AT4G23670.1,5'_truncated,0.0859308849872174,0.0795874096799998,173.334231199827,183.408950116225
AT4G23670.1,Both_truncated,0.000657795730506511,0.000879926666190986,1.3254624643114,1.99033172640265
AT4G23670.1,Intact,0.894076928243176,0.903346905087711,1835.80353851903,2076.77296720077
AT4G23680.1,3'_truncated,0.00544987426914303,0.00458518277781682,0.670775275129971,0.737006945665274
AT4G23680.1,5'_truncated,0.0777396033954349,0.0754989352274768,8.87273894648809,11.6454321088654
AT4G23680.1,Both_truncated,0,0.0006265664160401,0,0.112049350119372
AT4G23680.1,Intact,0.916810522335422,0.919707026522693,118.760989065503,144.643501590699
AT4G23870.1,3'_truncated,0.0111141795494923,0.00852553276866186,1.2510130537967,0.770126363643812
AT4G23870.1,5'_truncated,0.0597655524275529,0.0577812726978034,6.65359947227226,5.09079166706889
AT4G23870.1,Intact,0.929120268022955,0.933693194533535,102.400943427428,85.175577791725
AT4G24190.1,3'_truncated,0.141843876292586,0.12024143142736,32.2555079588778,29.9932618325128
AT4G24190.1,5'_truncated,0.380890203413793,0.368999002653208,97.8834508199576,93.0864957766469
AT4G24190.1,Both_truncated,0.0388961654879864,0.0240564917771489,8.35114657611552,5.78648627977681
AT4G24190.1,Intact,0.438369754805635,0.486703074142283,129.186278618269,126.665588687945
AT4G24750.1,3'_truncated,0.0215136137679503,0.0263353684926199,3.13364752963823,3.5778774528628
AT4G24750.1,5'_truncated,0.151247001798689,0.166417432889101,22.4858351277109,22.5406583129319
AT4G24750.1,Both_truncated,0.00236687877168643,0.002081363915286,0.341570158447198,0.284707348322526
AT4G24750.1,Intact,0.825661465252236,0.805859622674756,118.538511230555,109.253782684789
AT4G24770.1,3'_truncated,0.025131400218756,0.0249306857839071,7.05747420192703,7.76586573206459
AT4G24770.1,5'_truncated,0.193897518628473,0.185052447445165,52.6782946780785,57.9854889249733
AT4G24770.1,Both_truncated,0.00225479024015173,0.00222487981006741,0.696615929075578,0.701361957114938
AT4G24770.1,Intact,0.778716290912619,0.78779198696086,231.134784967456,248.9022914513
AT4G24820.2,3'_truncated,0.0562014284549151,0.0630795494574311,9.71202017668777,10.05492767096
AT4G24820.2,5'_truncated,0.15694470659971,0.147845592985871,27.5379966766318,22.9301998477429
AT4G24820.2,Both_truncated,0.00655691099537442,0.0051180064922171,1.12605332080302,0.819169663636928
AT4G24820.2,Intact,0.78029695395,0.783956851064481,135.778453758375,124.344172629413
AT4G24920.1,3'_truncated,0.00353593878375991,0.00384733477896001,0.465579108485937,0.354517969700596
AT4G24920.1,5'_truncated,0.0217908831783831,0.0203111313253824,2.70712027619125,1.83080109454429
AT4G24920.1,Intact,0.974673178037857,0.975841533895658,114.790907815189,88.0223999694397
AT4G24990.1,3'_truncated,0.041802373984352,0.0277249723789647,4.82381728973417,3.4327541907627
AT4G24990.1,5'_truncated,0.059025913307152,0.0660717089703395,7.12079606294008,7.78750246448398
AT4G24990.1,Both_truncated,0.000878609422492401,0.00242550570846558,0.113856719482399,0.27377782720655
AT4G24990.1,Intact,0.898585973093501,0.904586314845052,108.179239320581,109.034369409923
AT4G25050.2,3'_truncated,0.00975273905971285,0.0154135409758962,1.1398265974973,1.31004206301675
AT4G25050.2,5'_truncated,0.0846107175862474,0.111045142346195,10.3856451751027,10.6535554027309
AT4G25050.2,Both_truncated,0.0015049045280188,0.0011016101137362,0.239023074148269,0.105438596305359
AT4G25050.2,Intact,0.904633273668694,0.872806909935418,117.840189751428,88.0084074055906
AT4G25080.5,5'_truncated,0.252243087792129,0.156850444404499,52.1406572018831,51.227344656823
AT4G25080.5,Intact,0.747756912207871,0.843149555595501,265.703927360303,279.349732297217
AT4G25080.6,3'_truncated,0.0016260162601626,0.000429922613929493,0.115816074807919,0.116633323143469
AT4G25080.6,5'_truncated,0.91748411234255,0.916849801526257,184.376114011877,223.092475217433
AT4G25080.6,Both_truncated,0.0802937394252566,0.082393216511619,14.7338270319857,19.9492069024237
AT4G25080.6,Intact,0.00252021421820855,0.000920511636221567,0.682693820124748,0.226390686750792
AT4G25100.1,3'_truncated,0.015416466262526,0.00928303329382375,5.30342050521711,3.71429993703421
AT4G25100.1,5'_truncated,0.188397692093086,0.1977549900791,68.1368894674943,76.5710970915967
AT4G25100.1,Both_truncated,0.0027005738713397,0.00269688954405692,0.977005667517062,0.979652369061253
AT4G25100.1,Intact,0.793485267773048,0.79026508708302,295.286096626948,312.90610902385
AT4G25570.2,3'_truncated,0,0.00127323712992174,0,0.309705035102066
AT4G25570.2,5'_truncated,0.971302487580034,0.970184893417875,196.534521992271,238.308004184284
AT4G25570.2,Both_truncated,0.0267774753356431,0.0278115374501767,5.03293216702924,6.84310744909746
AT4G25570.2,Intact,0.00288005562648463,0.00115474437866669,0.694003455308218,0.282697581155658
AT4G25670.1,3'_truncated,0.0366547708658062,0.0471144849905912,2.82234102197297,3.23679182185108
AT4G25670.1,Intact,0.963345229134194,0.952885515009409,75.0400342884506,66.2208326365638
AT4G25740.1,3'_truncated,0.0131057919278017,0.0114065533806649,2.55326091871496,2.43336923641397
AT4G25740.1,5'_truncated,0.0596690151099093,0.0603789662918294,12.4103163696169,12.7203484754521
AT4G25740.1,Intact,0.927225192962289,0.928214480327506,197.494733425838,196.25460052192
AT4G25890.1,3'_truncated,0.00477445102500073,0.0039666567658157,0.940566286245467,0.807476147016935
AT4G25890.1,5'_truncated,0.0281780446159795,0.0322168799399092,5.69006941693638,6.58236618074462
AT4G25890.1,Intact,0.96704750435902,0.963816463294275,196.597444214734,198.983910766222
AT4G26230.1,3'_truncated,0.0191765701892436,0.0189518675205889,8.8473364596867,7.1977907438611
AT4G26230.1,5'_truncated,0.0305490755014617,0.031677297204883,13.8960787207915,12.0199500706548
AT4G26230.1,Both_truncated,0.00072202166064982,0.000459110334096196,0.463264299231676,0.175055400245627
AT4G26230.1,Intact,0.950033680422412,0.948911724940432,419.851323675918,357.963565066339
AT4G26530.3,3'_truncated,0.0298393505461729,0.0197758449755836,13.3898075890553,13.5852894058287
AT4G26530.3,5'_truncated,0.141406235716956,0.106599563348665,57.9213789184951,70.2584273778406
AT4G26530.3,Both_truncated,0.00219087518339699,0.00116439981064283,0.581097518780757,0.768986007511383
AT4G26530.3,Intact,0.826563538553474,0.872460191865108,513.674276049377,595.631554158891
AT4G26840.1,3'_truncated,0.00619643058645916,0.00528287935994136,1.54462757411664,1.39835077226663
AT4G26840.1,5'_truncated,0.031019284908975,0.0317827957776716,7.91768847569086,8.37130157338387
AT4G26840.1,Both_truncated,0.00203977562468129,0.000411522633744856,0.463264299231676,0.0988278424913471
AT4G26840.1,Intact,0.962104359296339,0.962797150651139,255.337391134513,257.558586758253
AT4G27090.1,3'_truncated,0.00659085152087295,0.00706364340516082,10.881639392207,9.60260198682625
AT4G27090.1,5'_truncated,0.0393701773882486,0.0392360980534058,67.1445004649547,53.5638060787876
AT4G27090.1,Both_truncated,0.000178904946921063,0.000313757861349586,0.314927553803202,0.415608393943215
AT4G27090.1,Intact,0.953860066143957,0.953386500680084,1621.85177306122,1297.27627287221
AT4G27440.1,3'_truncated,0.0504357664186306,0.0476391613733319,22.9908785589613,21.2268482414726
AT4G27440.1,5'_truncated,0.199245737081722,0.204912174923073,87.2690401620905,92.498161375852
AT4G27440.1,Both_truncated,0.00622155517993951,0.00623180773236032,2.79922842062601,2.63579717698723
AT4G27440.1,Intact,0.744096941319708,0.741216855971235,367.65225183129,347.490962524567
AT4G27800.1,3'_truncated,0.0571821649142906,0.0584767985108395,9.69449893200954,11.1108756522678
AT4G27800.1,5'_truncated,0.390905124174069,0.356564342981323,57.6902938015436,67.7767625311422
AT4G27800.1,Both_truncated,0.0240734828462752,0.0258071429379044,4.1387754069299,4.91627815701924
AT4G27800.1,Intact,0.527839228065365,0.559151715569934,92.1884336717405,106.80420586964
AT4G27960.1,3'_truncated,0.0129965586349051,0.00930892195581552,3.01677604824936,2.06638248034218
AT4G27960.1,5'_truncated,0.0599847333345344,0.059334238966583,14.6212497756263,12.977544045175
AT4G27960.1,Both_truncated,0.00063746816410169,0.000788366246185487,0.171764756886359,0.166047244389142
AT4G27960.1,Intact,0.926593729254493,0.930831261580145,222.015317320316,202.479054303151
AT4G28025.1,3'_truncated,0.0116517688783322,0.0126039139157455,2.63353060579058,2.63351646472237
AT4G28025.1,5'_truncated,0.0670395816869786,0.0620484121193881,14.8650513005396,12.9264193852261
AT4G28025.1,Both_truncated,0.00176450277697072,0.00154611396133078,0.341346910062374,0.321575355536814
AT4G28025.1,Intact,0.920132314250042,0.923801560003536,202.818966814104,191.858176464896
AT4G28220.1,3'_truncated,0.974283318041643,0.964522751607916,168.922123562973,136.421168330041
AT4G28220.1,5'_truncated,0.00612850827257876,0.00904022255832044,1.07397235035253,0.94958893309878
AT4G28220.1,Both_truncated,0,0.000860644856780436,0,0.154852517551033
AT4G28220.1,Intact,0.0293822605286674,0.0258632625959096,2.87720104404519,2.38120189991261
AT4G28660.1,3'_truncated,0.00469786441627971,0.00430190630939827,2.47735643906003,2.06157619750552
AT4G28660.1,5'_truncated,0.047368786240066,0.0430346102229927,26.834023076449,20.5892039519014
AT4G28660.1,Both_truncated,0.00049551278066063,0.000352858151023289,0.283662121043239,0.197655684982694
AT4G28660.1,Intact,0.947603007489881,0.952545864083935,537.023270964575,451.085568178203
AT4G28750.1,3'_truncated,0.00405157056307696,0.00574467872374313,1.54544048002029,1.95951556918336
AT4G28750.1,5'_truncated,0.111641721117378,0.119072922860612,38.5157845946109,39.0833069161161
AT4G28750.1,Both_truncated,0.00108837652151456,0.000643034072050901,0.389674628831004,0.18386973866431
AT4G28750.1,Intact,0.883218331798031,0.874539364343594,331.117327419822,315.519007597249
AT4G29010.1,3'_truncated,0.102680040856268,0.0918196761675794,12.3777405351605,12.4467167586063
AT4G29010.1,5'_truncated,0.437712280621252,0.444045118811052,51.8036785451689,60.8209218831787
AT4G29010.1,Both_truncated,0.0314586150213612,0.0268430037088423,3.72962889553003,3.78858932041048
AT4G29010.1,Intact,0.428149063501119,0.437292201312527,53.250056507052,60.0265728680346
AT4G29020.1,3'_truncated,0.00605463515254876,0.00242146610621507,0.65700199843569,0.375202628554027
AT4G29020.1,5'_truncated,0.105276728335901,0.0731056673060791,13.1298492335725,11.6154999707199
AT4G29020.1,Both_truncated,0,0.000641025641025641,0,0.116633323143469
AT4G29020.1,Intact,0.888668636511551,0.924259191374031,130.865454257033,148.385898014001
AT4G29030.1,3'_truncated,0.00348075681994086,0.0065937554667918,0.389376964317905,0.71305547373493
AT4G29030.1,5'_truncated,0.0627158764814486,0.0602707182104674,6.13962918409468,6.4035475832239
AT4G29030.1,Intact,0.933803366698611,0.933135526322741,97.7478985165694,99.0147681855288
AT4G29040.1,3'_truncated,0.0620746045248312,0.0464565453152442,7.65998675223722,5.41216767029656
AT4G29040.1,5'_truncated,0.236905338303409,0.222736985261756,28.0985608144077,25.9831448884331
AT4G29040.1,Both_truncated,0.00659711337557518,0.00885321068498842,0.704602182634206,1.06334307804094
AT4G29040.1,Intact,0.694422943796185,0.721953258738012,87.7052614569173,85.6243951082996
AT4G29060.1,3'_truncated,0.133398473501159,0.162513996728448,21.9635166523815,25.3087970528489
AT4G29060.1,5'_truncated,0.579555961363066,0.571127381606336,89.8420114798141,90.5883743710637
AT4G29060.1,Both_truncated,0.0606588869989584,0.0652820826422701,9.42000955776461,9.5690834552204
AT4G29060.1,Intact,0.226386678136816,0.201076539022946,40.2250543577427,32.445694179035
AT4G29350.1,3'_truncated,0.0101330815387754,0.00714041256638514,2.77671114830524,1.91125901769316
AT4G29350.1,5'_truncated,0.0757895135114905,0.0759303827787909,18.1044865828861,20.3647746015365
AT4G29350.1,Both_truncated,0.00251572327044025,0.000622006034711688,0.463264299231676,0.175055400245627
AT4G29350.1,Intact,0.913238830526254,0.916307198620112,233.156923219459,248.450817895726
AT4G29390.1,3'_truncated,0.00612816188111009,0.00581648194995874,0.938400309247755,0.68949163668019
AT4G29390.1,Intact,0.99387183811889,0.994183518050041,151.349840367639,123.299690726424
AT4G29480.1,3'_truncated,0.00715881737729242,0.00840298033134999,1.05798626245016,1.04571440120357
AT4G29480.1,5'_truncated,0.0532380092902963,0.0567184974723889,7.98825242897979,7.00973614580001
AT4G29480.1,Both_truncated,0.000974658869395711,0,0.12320699934035,0
AT4G29480.1,Intact,0.939278287042613,0.934878522196261,135.840857921289,115.485996961203
AT4G29735.1,3'_truncated,0.00587955631062192,0.00850693765562356,0.819971760672477,1.11082435977993
AT4G29735.1,5'_truncated,0.0283096701609503,0.030259881692715,4.6797301728951,3.93762336752175
AT4G29735.1,Both_truncated,0.000771604938271605,0.00087260034904014,0.11189736415688,0.116633323143469
AT4G29735.1,Intact,0.965553571882337,0.960942313868648,153.474707206584,126.24904878382
AT4G29905.1,3'_truncated,0.00513506341491456,0.00473332964448566,2.32715138114694,1.93041568553856
AT4G29905.1,5'_truncated,0.0278305974906935,0.0255918031547779,12.57773142691,10.2275936096182
AT4G29905.1,Intact,0.967034339094392,0.969674867200736,436.527051288149,392.937984277575
AT4G30010.1,3'_truncated,0.00136028454631,0.0023538107283005,0.577476472642817,0.864370233111062
AT4G30010.1,5'_truncated,0.038838953430564,0.0313581828556371,16.1438534084022,11.3993541383204
AT4G30010.1,Intact,0.959800762023126,0.966288006416062,393.326233499199,349.516773873881
AT4G30220.1,3'_truncated,0.00530365769496204,0.00446875351910579,0.751904702319623,0.511380254418498
AT4G30220.1,5'_truncated,0.055891994478951,0.0623069978591728,8.1757566082785,7.1395909765715
AT4G30220.1,Both_truncated,0,0.00513698630136986,0,0.592967054948083
AT4G30220.1,Intact,0.938804347826087,0.931511919854598,135.768235175131,106.234871804573
AT4G30330.1,3'_truncated,0.0164759321768999,0.0155959947719126,1.79481145119183,1.40275794147597
AT4G30330.1,5'_truncated,0.0165898621952115,0.0209212043208016,1.86071253254697,1.89900106238281
AT4G30330.1,Both_truncated,0.00121065375302663,0,0.11189736415688,0
AT4G30330.1,Intact,0.96653065437688,0.963482800907286,106.077015924194,86.4345358896233
AT4G30530.1,3'_truncated,0.050537345415137,0.048913055234464,19.1976467320795,20.2879141415907
AT4G30530.1,5'_truncated,0.112335106300592,0.114055183557294,42.8333179474426,47.045626181114
AT4G30530.1,Both_truncated,0.00265978756079907,0.00434109279929469,1.01169231513533,1.81928438173905
AT4G30530.1,Intact,0.834467760723472,0.832690668408947,317.281744801469,340.934709237832
AT4G30650.1,3'_truncated,0.00233021461730477,0.00190033155873326,3.65497548892297,2.43049005821267
AT4G30650.1,5'_truncated,0.0206317714375355,0.0214951062607634,35.0541614987367,28.4420267970135
AT4G30650.1,Intact,0.97703801394516,0.976604562180503,1613.99669610897,1269.94259272058
AT4G30660.1,3'_truncated,0.00280853670971227,0.00380502873561699,0.507656680636635,0.624957595545902
AT4G30660.1,5'_truncated,0.0242858234975336,0.018948799286218,4.93922012119771,3.24965972184959
AT4G30660.1,Intact,0.972905639792754,0.977246171978165,196.130959526782,172.76741950963
AT4G30690.1,3'_truncated,0.118899272021735,0.121916782907343,14.4601838170697,14.2641535689539
AT4G30690.1,5'_truncated,0.182515312758144,0.180539055495804,22.0467962380134,21.2754924278384
AT4G30690.1,Both_truncated,0.0146915423801568,0.0123147604783161,1.76243961282782,1.40275794147597
AT4G30690.1,Intact,0.683893872839965,0.685229401118537,83.3280017439545,82.0942667529861
AT4G30760.1,3'_truncated,0.00938195645134096,0.00672073552663865,1.25941255069971,0.800189799606285
AT4G30760.1,5'_truncated,0.1366977244021,0.147352615825335,19.4289185644164,17.8499273139155
AT4G30760.1,Both_truncated,0.0034157518303129,0.00206682478775931,0.408605227324284,0.245347797782534
AT4G30760.1,Intact,0.851643151259684,0.843859823860267,119.38470217294,102.466552557487
AT4G30960.1,3'_truncated,0.0802012716532966,0.0646624199835369,16.0982121917197,14.7432529184699
AT4G30960.1,5'_truncated,0.319753913714125,0.266234196615489,60.2732680262638,61.3290008882652
AT4G30960.1,Both_truncated,0.00630577984579228,0.00743676697785693,1.33009208281992,1.81257395177047
AT4G30960.1,Intact,0.593739034786786,0.661666616423117,131.189203306935,155.582552303191
AT4G30993.1,3'_truncated,0.0139136243804058,0.0127580139398894,3.15727537237576,2.6733122854234
AT4G30993.1,5'_truncated,0.76031862539256,0.744171222250976,213.833546681398,163.752305575846
AT4G30993.1,Both_truncated,0.00114973772302554,0.00298311388587506,0.401437551176677,0.588066835332713
AT4G30993.1,Intact,0.225001258411683,0.241082021218551,49.7935852036273,49.2833720023629
AT4G31290.1,3'_truncated,0.0640430465182299,0.0526159745374542,9.05678449269052,9.88495743910411
AT4G31290.1,5'_truncated,0.119108761429059,0.0872136137225826,17.8411738301236,16.3042813166065
AT4G31290.1,Both_truncated,0.00126413824363184,0.00171545610103187,0.199111478995283,0.332094488778284
AT4G31290.1,Intact,0.81558405380908,0.859026774339275,142.265771121475,164.87049956612
AT4G31700.1,3'_truncated,0.0128097652035974,0.0153993050841056,3.43187808768159,2.91500563525342
AT4G31700.1,5'_truncated,0.337930683464051,0.33647783217803,86.2933996192247,63.674402726289
AT4G31700.1,Both_truncated,0.00424540169231777,0.00512553151730534,1.06160730858811,0.97371720884388
AT4G31700.1,Intact,0.645014149640034,0.64299733122056,160.239989674754,121.727152471694
AT4G31985.1,3'_truncated,0.0016679035114168,0.00155702377653388,1.2444818693783,1.00054785897553
AT4G31985.1,5'_truncated,0.0273335567154847,0.0264912299940644,21.8917356550889,16.8666655938905
AT4G31985.1,Both_truncated,0,0.000206611570247934,0,0.116633323143469
AT4G31985.1,Intact,0.970998539773099,0.971882875705986,766.65492711308,617.153192410744
AT4G31990.2,3'_truncated,0.0533542838545377,0.0514134501617687,10.313110911283,9.70466261514842
AT4G31990.2,5'_truncated,0.202774535497007,0.221899166371477,39.2533010185699,41.7226860844053
AT4G31990.2,Both_truncated,0.00665811132420286,0.00369243434837015,1.257246573702,0.684907663656093
AT4G31990.2,Intact,0.737213069324253,0.722994949118385,144.773102418402,137.603410637985
AT4G32240.1,3'_truncated,0.0115037957966041,0.0105288553363217,1.28163215850737,1.06660989111785
AT4G32240.1,5'_truncated,0.0323909520646572,0.0385655008143573,3.97744279951516,3.98989945334569
AT4G32240.1,Intact,0.956105252138739,0.950905643849321,115.251038307408,98.5755508575421
AT4G32340.1,3'_truncated,0.0253454548113237,0.0218912209037784,6.94211820467387,6.3427767393647
AT4G32340.1,5'_truncated,0.318369838861747,0.306419971261755,86.5604668340431,88.9645620439851
AT4G32340.1,Both_truncated,0.00945260988394678,0.0105291939121235,2.42744144560725,2.99876439872529
AT4G32340.1,Intact,0.646832096442982,0.661159613922343,191.128654331601,193.958110217128
AT4G32590.5,3'_truncated,0.00719830846980565,0.0101308021078795,1.47887532501804,1.8457614242412
AT4G32590.5,5'_truncated,0.0450749277110241,0.0513047636256805,8.86643668196188,9.40536796396526
AT4G32590.5,Intact,0.94772676381917,0.93856443426644,180.072815316479,171.989878772831
AT4G33030.1,3'_truncated,0.0400123335422259,0.0423342498170628,6.43268162881369,7.75722819746066
AT4G33030.1,5'_truncated,0.210665263008951,0.189097823804916,33.9523993186994,34.5079446628871
AT4G33030.1,Both_truncated,0.0025979980227282,0.00284995485320703,0.425518681076402,0.508324272402433
AT4G33030.1,Intact,0.746724405426095,0.765717971524814,123.137377008804,141.545207795161
AT4G33550.2,3'_truncated,0.00101335501606006,0.00188779086603379,0.195341600600793,0.331917684963529
AT4G33550.2,5'_truncated,0.0173070316960231,0.0258579983741818,3.55377885013826,4.27338378300426
AT4G33550.2,Intact,0.981679613287917,0.972254210759785,196.051310779065,177.767572950615
AT4G33670.1,3'_truncated,0.0306452910081204,0.027632319017681,5.59915416832439,5.19112495207389
AT4G33670.1,5'_truncated,0.0941773647170634,0.083068888194693,16.5467414760969,15.5787796049948
AT4G33670.1,Both_truncated,0.00183027290258477,0.0017125862449497,0.311157675408712,0.336324854172871
AT4G33670.1,Intact,0.873347071372232,0.887586206542676,156.693035600223,169.861111385487
AT4G33865.1,3'_truncated,0.00306647218218109,0.00214892834211087,1.72368542230197,1.06525870392458
AT4G33865.1,5'_truncated,0.0189250702609363,0.0219621425194887,11.8119847032752,10.7967859964507
AT4G33865.1,Both_truncated,0.00061143381228982,0.000180115273775216,0.246413998680699,0.0988278424913471
AT4G33865.1,Intact,0.977804646286119,0.975828890713809,618.44567050337,479.368671521924
AT4G34050.3,3'_truncated,0.00353219301905159,0.004546136659219,0.281702765717719,0.403632657978043
AT4G34050.3,5'_truncated,0.947603164529359,0.955442296600132,97.2349589304122,87.550713862993
AT4G34050.3,Both_truncated,0.0479357926099347,0.0402180451034955,4.7984095517731,3.69895197246171
AT4G34050.3,Intact,0.00315937127200745,0.00392670157068063,0.358534611222403,0.349899969430406
AT4G34190.1,3'_truncated,0.00858180974490193,0.0099900651015104,4.35154458378818,4.88224069272083
AT4G34190.1,5'_truncated,0.0362186833627213,0.0336118821246334,18.8692964921606,16.4505153097513
AT4G34190.1,Both_truncated,0.000484848484848485,0.00020096463022508,0.223794728313759,0.0988278424913471
AT4G34190.1,Intact,0.955037890730761,0.956331064563781,492.587685569693,466.642193253426
AT4G34350.1,3'_truncated,0.0527557244619601,0.0547948880340921,8.90406895905625,10.109141931162
AT4G34350.1,5'_truncated,0.237181883871052,0.207782040481108,38.4067391915094,38.0057854457137
AT4G34350.1,Both_truncated,0.00336890524776578,0.00863198862076557,0.547568275789621,1.57913050166878
AT4G34350.1,Intact,0.706693486419222,0.728791082864035,128.073352284775,135.032546206751
AT4G34620.1,3'_truncated,0.0140341537364132,0.0133910659716596,13.935923809094,11.8252253284465
AT4G34620.1,5'_truncated,0.0376440080686524,0.0390335576162531,40.2320821057697,34.5420272241743
AT4G34620.1,Both_truncated,0.000831774322957022,0.000469991176260242,0.883558032773358,0.424810367237502
AT4G34620.1,Intact,0.947490063871977,0.947105385235827,994.016707896022,836.670634788567
AT4G34670.1,3'_truncated,0.101932763181473,0.0883774567655706,13.8933393251782,11.6283223647206
AT4G34670.1,5'_truncated,0.109152548136036,0.113794854650865,14.8416410346795,14.6348288002243
AT4G34670.1,Both_truncated,0.00731751144547842,0.00956591833575907,1.04246025210256,1.28015543086903
AT4G34670.1,Intact,0.781597177237012,0.788261770247806,108.913182219145,105.167492621963
AT4G34710.1,3'_truncated,0.0425128809331933,0.0474209315346683,5.81646454643013,7.47565949368572
AT4G34710.1,5'_truncated,0.55320685337172,0.487992624727251,75.0181176613921,76.6711303899621
AT4G34710.1,Both_truncated,0.0142390655083263,0.0157776074359226,1.98448160748825,2.52508753530943
AT4G34710.1,Intact,0.390041200186761,0.448808836302158,63.1490158391247,70.9010273944014
AT4G34720.1,3'_truncated,0.00818525148819607,0.00866006183814982,1.80321094809484,1.87888084221973
AT4G34720.1,5'_truncated,0.105748890613868,0.0993431487147839,23.4095223325148,21.4699652351465
AT4G34720.1,Intact,0.886065857897936,0.891996789447066,194.835233936267,189.725587539807
AT4G34760.1,3'_truncated,0.0038201809353272,0.00395842794930838,0.886021674284169,0.815326933117946
AT4G34760.1,5'_truncated,0.0967306999309437,0.0871482980799894,23.98818946321,17.973162317705
AT4G34760.1,Both_truncated,0.000646830530401035,0.000528820729772607,0.11189736415688,0.112049350119372
AT4G34760.1,Intact,0.899233508956929,0.908717000394111,223.039570562922,186.755878745756
AT4G34870.1,3'_truncated,0.0042226088541781,0.00555541414959138,4.92956955124682,5.70250520649238
AT4G34870.1,5'_truncated,0.0606041753972491,0.0645427005930605,75.9588351067509,67.2403451679845
AT4G34870.1,Both_truncated,0.000116265550517382,0.000106034061368512,0.11189736415688,0.109170171918063
AT4G34870.1,Intact,0.935134460565067,0.92979585119598,1129.15252936268,963.263532271798
AT4G35450.1,3'_truncated,0.0335672437225173,0.0298009870334192,13.9078703439403,12.3074716719741
AT4G35450.1,5'_truncated,0.153374467260505,0.141976839776029,64.0750783572646,59.2067492610545
AT4G35450.1,Both_truncated,0.00294830789924253,0.00224492972368173,1.23955458635668,0.956698476694676
AT4G35450.1,Intact,0.810109981117735,0.82597724346687,334.017077654719,344.079113662865
AT4G35630.1,3'_truncated,0.0269265600748938,0.0227994901732152,3.85739676875799,2.93934474205936
AT4G35630.1,5'_truncated,0.221594503140176,0.264845577160469,31.4944770332422,34.201803472751
AT4G35630.1,Both_truncated,0.0053078027843359,0.00457992270703375,0.705610755004787,0.59201498138212
AT4G35630.1,Intact,0.746171134000594,0.707775009959282,101.157655229491,91.6608918741089
AT4G35750.1,3'_truncated,0.0187682537992179,0.0200772702519942,3.41997312347192,3.86615658660632
AT4G35750.1,5'_truncated,0.118866137048506,0.127613201069644,21.6414112753826,24.372901197656
AT4G35750.1,Both_truncated,0.00124300807955252,0.00151509667002319,0.223794728313759,0.314289008126163
AT4G35750.1,Intact,0.861951273125759,0.85129946423168,158.909081453402,165.211916977344
AT4G35770.1,3'_truncated,0.0404831331495501,0.018033093737606,2.07782724418578,1.75553708910768
AT4G35770.1,5'_truncated,0.0468127622628963,0.0366685997184014,3.52429747741455,4.45896979524307
AT4G35770.1,Intact,0.912704104587554,0.945298306543993,83.2294695101444,104.83215446624
AT4G35830.1,3'_truncated,0.0988634626527958,0.0974613683117335,11.4084786205248,12.9195843250249
AT4G35830.1,5'_truncated,0.504383599227925,0.421031274131369,53.8331093585034,55.9339484026706
AT4G35830.1,Both_truncated,0.0401411642077683,0.044179757646427,4.58021976091318,5.73797339122796
AT4G35830.1,Intact,0.356611773911511,0.437327599910471,51.7652301295424,60.093262173183
AT4G36130.1,3'_truncated,0.037542189002727,0.038944609760887,5.62096053278768,5.31198864061194
AT4G36130.1,5'_truncated,0.0799370725581967,0.0839641492293185,11.8083855675478,11.6346791870597
AT4G36130.1,Both_truncated,0.00188223067676715,0.000750127853506854,0.285398227983934,0.105438596305359
AT4G36130.1,Intact,0.881265917987898,0.876591155774123,136.550100200741,122.556167262542
AT4G36500.1,3'_truncated,0.00745838279586609,0.0126796498841567,1.62893155067458,2.84741561210306
AT4G36500.1,5'_truncated,0.0411793862827599,0.0370256012117273,9.06505482997714,8.8455428754901
AT4G36500.1,Both_truncated,0,0.000367511944138185,0,0.0988278424913471
AT4G36500.1,Intact,0.951362230921374,0.950172244922737,209.725626272688,223.160767387288
AT4G36540.1,3'_truncated,0.13119505395326,0.112435234182363,19.302481851872,12.9953265683237
AT4G36540.1,5'_truncated,0.313605528678681,0.336785597637245,44.7923713036343,41.2939265027521
AT4G36540.1,Both_truncated,0.0231378053710121,0.0231694035201968,3.3340652455172,2.71585598650878
AT4G36540.1,Intact,0.532061611997046,0.527609764660196,74.7344898150447,66.2571190513068
AT4G36800.1,3'_truncated,0.0478992607756371,0.0472872015921043,10.7189672944833,8.64323516299112
AT4G36800.1,5'_truncated,0.036751810395119,0.0506962368394018,8.36391128043921,9.24448614491362
AT4G36800.1,Both_truncated,0,0.000593289394046497,0,0.11434133663142
AT4G36800.1,Intact,0.915348928829244,0.901621035305796,204.320263635405,166.426215137185
AT4G37040.1,3'_truncated,0.0586643769620034,0.0439131818643698,8.56495148691459,6.22575578134563
AT4G37040.1,5'_truncated,0.122887777843757,0.131461010960097,18.5735628290533,18.4614751192669
AT4G37040.1,Both_truncated,0.00471068321167854,0.0051901046413357,0.733055310347173,0.71074073422398
AT4G37040.1,Intact,0.813737161982561,0.819435702534198,120.5882630341,116.559661047204
AT4G37300.1,3'_truncated,0.0102324792227885,0.00641342552875801,2.02092098875985,1.24280564749591
AT4G37300.1,5'_truncated,0.102038653294843,0.117416611627118,20.113298611344,22.270241235581
AT4G37300.1,Both_truncated,0.00114601287504921,0.000507356671740233,0.232640721986419,0.0988278424913471
AT4G37300.1,Intact,0.886582854607319,0.876000843953544,178.750814474643,168.53724730386
AT4G37830.1,3'_truncated,0.00861524672608674,0.00936457187290286,0.940566286245467,0.891166855996622
AT4G37830.1,5'_truncated,0.0183180467725605,0.0229403968914329,2.08707290041771,2.3646048298851
AT4G37830.1,Both_truncated,0.00105263157894737,0.00132802124833997,0.12320699934035,0.116633323143469
AT4G37830.1,Intact,0.97271582930837,0.967252357486218,109.389436507747,100.877603281624
AT4G37925.1,3'_truncated,0.027671564292572,0.0266213123406337,9.41360529519222,8.44820231915108
AT4G37925.1,5'_truncated,0.0744113295828401,0.0719076912188169,24.8553692344517,22.7935032891859
AT4G37925.1,Both_truncated,0.000363463960893077,0.000342791178796844,0.116973479435049,0.109170171918063
AT4G37925.1,Intact,0.897553642163695,0.901128205261753,296.407729949403,287.064467800082
AT4G37930.1,3'_truncated,0.0453857945903954,0.0392389103055471,51.190354941815,46.6811203076343
AT4G37930.1,5'_truncated,0.293137369023934,0.273600821831907,325.431163944139,324.853616309309
AT4G37930.1,Both_truncated,0.00820139606036271,0.00801599730714975,9.13689176672448,9.54649464923505
AT4G37930.1,Intact,0.653275440325308,0.679144270555396,751.991219423843,818.371441848519
AT4G38740.1,3'_truncated,0.00457141554571522,0.00924589044277075,1.62456634325389,3.08203344558328
AT4G38740.1,5'_truncated,0.0697964021795571,0.0515690917577356,19.044904036875,17.0901025848681
AT4G38740.1,Both_truncated,0.000500742465660963,0,0.113856719482399,0
AT4G38740.1,Intact,0.925298353964287,0.939185017799494,314.278358913509,312.360639136804
AT4G38840.1,3'_truncated,0.00911570094322947,0.00526375165271352,0.817359286905117,0.441087856881592
AT4G38840.1,5'_truncated,0.0589359889115725,0.0482518123202375,6.78540163498254,4.74050406276288
AT4G38840.1,Intact,0.931948310145198,0.946484436027049,115.828600403162,94.0738510267513
AT4G38860.1,3'_truncated,0.00262054507337526,0.00367936361645058,0.579080374039595,0.327510515754188
AT4G38860.1,5'_truncated,0.117711810568102,0.126129693077259,13.8619050767935,11.7534389671476
AT4G38860.1,Intact,0.88141467440744,0.870190943306291,98.2449439730395,83.6686092098416
AT4G38970.1,3'_truncated,0.0104255259427673,0.00940303106627653,1.92220157227105,1.99377534329432
AT4G38970.1,5'_truncated,0.68030258375086,0.697242959676284,107.775548760216,150.348957894341
AT4G38970.1,Both_truncated,0.00365879331396573,0.00621947144837611,0.627093801582494,1.33264234775382
AT4G38970.1,Intact,0.305613096992407,0.287134537809063,62.6784096873413,61.0446168790035
AT4G39090.1,3'_truncated,0.0564301928050929,0.038376494171823,15.889174388671,11.9121147960109
AT4G39090.1,5'_truncated,0.159847337876914,0.158588826077556,44.983562325379,48.4123064021753
AT4G39090.1,Both_truncated,0.0104835427177553,0.00644424213465298,2.26356510904606,1.99071936127826
AT4G39090.1,Intact,0.773238926600238,0.796590437615968,253.388475823693,245.803156156183
AT4G39200.1,3'_truncated,0.00466240118945379,0.00299073430908976,1.52225913405242,0.834483600963344
AT4G39200.1,5'_truncated,0.0404270252282213,0.047431672172151,13.3741773428911,13.4933765657916
AT4G39200.1,Both_truncated,0.000359988014630844,0.000913659205116492,0.119511537074134,0.224098700238744
AT4G39200.1,Intact,0.954670581572571,0.949273040450387,317.701206021543,274.30803483969
AT4G39260.1,3'_truncated,0.036058950718311,0.0209881855568088,6.75962972565784,6.07807292142763
AT4G39260.1,5'_truncated,0.183165571189353,0.1194273146764,33.3914241753495,35.9441363825486
AT4G39260.1,Both_truncated,0.00166611129623459,0.000586805157775487,0.559486820784398,0.172657998203155
AT4G39260.1,Intact,0.780220107660258,0.859193296328274,234.040188530553,270.075585445861
AT4G39330.1,3'_truncated,0.0530240685069228,0.0501713061377985,13.1266996080041,15.3744360385379
AT4G39330.1,5'_truncated,0.231523684778982,0.193399891359724,57.7537290036176,59.1449914983651
AT4G39330.1,Both_truncated,0.00429038554962234,0.00300317078164064,1.05044650566118,0.921441123019943
AT4G39330.1,Intact,0.711161861164473,0.753425631720837,183.149680966441,232.738049046422
AT4G39800.1,3'_truncated,0.0750310035426546,0.049367956493811,11.6783361384908,9.63374879417164
AT4G39800.1,5'_truncated,0.328448324273759,0.288704889041978,52.7179305191289,55.039855006058
AT4G39800.1,Both_truncated,0.0135959764016864,0.00707941626034271,2.04705930721855,1.27233867201412
AT4G39800.1,Intact,0.5829246957819,0.654847738203868,110.636385499319,126.689332375252
AT4G39940.1,3'_truncated,0.0610151051803293,0.0585294222129147,8.34192283029412,10.2302049720092
AT4G39940.1,5'_truncated,0.169167230346585,0.181881912245871,22.6642643934448,31.4269601524316
AT4G39940.1,Both_truncated,0.00407992239984775,0.00385428802565558,0.552644391067791,0.626485586553934
AT4G39940.1,Intact,0.765737742073238,0.755734377515558,104.003970055077,130.783988572731
AT4G40030.1,3'_truncated,0.00980438012425938,0.00935402969643454,4.0866808556943,3.43693905015948
AT4G40030.1,5'_truncated,0.0368504119742958,0.045432977391403,16.3249148205435,16.9263593249421
AT4G40030.1,Both_truncated,0,0.000327761389708292,0,0.116633323143469
AT4G40030.1,Intact,0.953345207901445,0.945103739115593,410.205563050553,350.002406600988
AT4G40040.3,3'_truncated,0.0841185564866364,0.0851085315532888,14.7518280268589,12.0943252458502
AT4G40040.3,5'_truncated,0.0547881244817876,0.0603965299632929,9.91101607685177,8.79035358421876
AT4G40040.3,Both_truncated,0,0.00236406619385343,0,0.349899969430406
AT4G40040.3,Intact,0.861093319031576,0.853706916418801,170.608150132299,132.041031674136
AT5G01350.1,3'_truncated,0.0192408065597333,0.0181555269536291,4.32790316026555,3.0299341635741
AT5G01350.1,5'_truncated,0.020998016521884,0.0196215622637827,4.62498989446688,3.44635185451461
AT5G01350.1,Both_truncated,0.0298272247818531,0.0282783379997735,6.24860808034568,5.1470240439018
AT5G01350.1,Intact,0.92993395213653,0.933944572782815,205.426741548365,161.418852493167
AT5G01410.1,3'_truncated,0.0126801552384751,0.0135050252442392,2.6002189396769,2.66660185545482
AT5G01410.1,5'_truncated,0.207208282788228,0.167837458832283,32.1911171104987,33.6105001087863
AT5G01410.1,Both_truncated,0.00157977883096367,0.00210265288564626,0.369620998021049,0.427866349253567
AT5G01410.1,Intact,0.779584969029643,0.816554863037831,146.640525894192,164.133924625989
AT5G01530.1,3'_truncated,0.0132736787649101,0.0144721033219071,22.7079919255837,27.3834855996508
AT5G01530.1,5'_truncated,0.123024580359743,0.108936588439262,187.818824104417,207.720013608939
AT5G01530.1,Both_truncated,0.00120342706104848,0.00142714154017787,2.03801764707897,2.58081871677674
AT5G01530.1,Intact,0.862498313814299,0.875164166698653,1461.97592470025,1664.78763431472
AT5G01750.1,3'_truncated,0.0088883286717108,0.00631507517220391,1.28264073087796,1.20104869491344
AT5G01750.1,5'_truncated,0.350017689892863,0.205069442124887,35.6284981375879,38.1921064418824
AT5G01750.1,Both_truncated,0.0045662100456621,0.000568239279935275,0.231632149615838,0.105438596305359
AT5G01750.1,Intact,0.639571911420205,0.788236656516285,123.366789325575,149.332766017368
AT5G01800.1,3'_truncated,0.0374668012932882,0.0326187498382771,4.76188175324044,4.18769791489704
AT5G01800.1,5'_truncated,0.0671217055737809,0.0595082471814422,8.41967371202313,7.49332219776918
AT5G01800.1,Both_truncated,0.00324675324675325,0.000836820083682008,0.447589456627519,0.116633323143469
AT5G01800.1,Intact,0.89432924205068,0.907594062952387,112.642758964229,116.594650585068
AT5G02120.1,3'_truncated,0.00425173015049708,0.00762466781311655,0.846258911387732,1.34031633004007
AT5G02120.1,5'_truncated,0.0794865951667318,0.0795969468178194,16.2842923175331,13.3906719655351
AT5G02120.1,Both_truncated,0,0.000677272290601318,0,0.109170171918063
AT5G02120.1,Intact,0.916261674682771,0.912101113078463,182.162370909591,156.662772747214
AT5G02160.1,3'_truncated,0.00366129755934043,0.00117893422696614,0.772520408730511,0.25281094900794
AT5G02160.1,5'_truncated,0.137190993747672,0.139170157567859,27.6528064168395,28.4728208147475
AT5G02160.1,Both_truncated,0.000701224840695131,0,0.17915568141879,0
AT5G02160.1,Intact,0.858680225465858,0.859650908205175,186.359243957598,182.391484728885
AT5G02240.1,3'_truncated,0.0168802584936848,0.0161948427868782,4.82787125185665,3.96420915934646
AT5G02240.1,5'_truncated,0.227281749470559,0.233750186699113,64.2899666769102,56.757673232262
AT5G02240.1,Both_truncated,0.00185240308034473,0.0018934345067694,0.505193039125825,0.438596313555886
AT5G02240.1,Intact,0.753985588955412,0.74816153600724,210.296632040984,181.958648596397
AT5G02380.1,3'_truncated,0.00101294328833733,0.001014648739778,7.14924919065305,6.02251854377507
AT5G02380.1,5'_truncated,0.0182883571066478,0.0197505960168003,132.099843648327,118.027023221039
AT5G02380.1,Both_truncated,4.63864922534558e-05,1.82136092088008e-05,0.246413998680699,0.0988278424913471
AT5G02380.1,Intact,0.98068323744093,0.979228684040352,7002.60395757295,5865.37574283893
AT5G02480.1,3'_truncated,0.142696366608736,0.128194318876323,20.2848499561656,18.0764720514822
AT5G02480.1,5'_truncated,0.39023694163856,0.351194876749717,55.5268041934697,50.08134392402
AT5G02480.1,Both_truncated,0.0149933294647773,0.0121015331179351,2.11567486038723,1.81104596076244
AT5G02480.1,Intact,0.452073362287927,0.508509271256025,66.2573816468761,73.7540664809499
AT5G02500.1,3'_truncated,0.059335069847977,0.0496192838302407,11.4385356496346,11.1868353942117
AT5G02500.1,5'_truncated,0.439020143890132,0.395692193752501,88.4990051498715,88.5139518154077
AT5G02500.1,Both_truncated,0.0183375790002969,0.0119524767899311,3.33955460413975,2.63060325927497
AT5G02500.1,Intact,0.483307207261594,0.542736045627327,144.579573166821,126.155196891452
AT5G02610.1,3'_truncated,0.00802012485928846,0.0129289760548866,1.93501311080512,2.56763123639481
AT5G02610.1,5'_truncated,0.0458250296637297,0.0446724697063216,12.4914903932465,9.03608901687689
AT5G02610.1,Both_truncated,0.00154645083409284,0.000432900432900433,0.416442648626363,0.0988278424913471
AT5G02610.1,Intact,0.945123878254253,0.942254254094492,257.609196246918,187.365564826529
AT5G02960.1,3'_truncated,0.00852761166129469,0.00752789685840897,13.653103682567,10.3241522185964
AT5G02960.1,5'_truncated,0.0544172873920465,0.0510554219407243,90.0429468290169,69.788032988031
AT5G02960.1,Both_truncated,0.000369272205171818,0.000421142037133805,0.597557685370672,0.574773939420357
AT5G02960.1,Intact,0.936808919476544,0.940995539163733,1511.25767486036,1278.65716768407
AT5G03050.1,3'_truncated,0.0215650491672292,0.0217798075941447,2.14965060014801,1.98936817408498
AT5G03050.1,5'_truncated,0.0335704534089045,0.0380793876323991,3.50114938487195,3.5221577501472
AT5G03050.1,Intact,0.944864497423866,0.940140804773456,92.2372625512831,88.5410160337229
AT5G03240.1,3'_truncated,0.0226075963527416,0.0207910292042923,9.90899893211061,8.84126741310674
AT5G03240.1,5'_truncated,0.147351623226557,0.166297760204143,64.7319534338543,69.0176621750893
AT5G03240.1,Both_truncated,0.00298903017161957,0.0034640188439083,1.31747621075277,1.41292346708793
AT5G03240.1,Intact,0.827051750249082,0.809447191747656,368.320316743698,342.453547170509
AT5G03300.2,3'_truncated,0.0358068566644037,0.0372504119820858,6.44051905011577,6.1331079573786
AT5G03300.2,5'_truncated,0.118981406352093,0.111553820512883,21.3666733086053,18.4823706091812
AT5G03300.2,Both_truncated,0.00252684775742262,0.00213979723530967,0.447589456627519,0.39931389067608
AT5G03300.2,Intact,0.844369454397696,0.849769236014825,151.584525395937,143.318784562494
AT5G03345.1,3'_truncated,0.0123169706664297,0.0112034741916835,2.32730021340349,1.7854237212554
AT5G03345.1,5'_truncated,0.0207052191474888,0.0290889498203426,3.90138948760367,4.48939790857773
AT5G03345.1,Both_truncated,0.000422119037568594,0.000677966101694915,0.115816074807919,0.0988278424913471
AT5G03345.1,Intact,0.966837103840225,0.959481587287409,184.337326408959,152.03125095106
AT5G03455.1,3'_truncated,0.00107669753973816,0.00155571344405852,0.353532912072508,0.484372800472089
AT5G03455.1,5'_truncated,0.877283561487851,0.868205354922428,278.886389549249,275.046869322241
AT5G03455.1,Both_truncated,0.0108699935490081,0.00844500027753412,3.6801052350111,2.61738175164695
AT5G03455.1,Intact,0.110769747423403,0.121793931355979,34.6857303831491,38.8430169270614
AT5G03460.1,3'_truncated,0.00661935505579771,0.00916982099236574,0.939260049361787,1.26370113741019
AT5G03460.1,5'_truncated,0.0385516282516336,0.0367105393824468,5.87033150395921,5.06994168315241
AT5G03460.1,Both_truncated,0.000671591672263264,0.00088261253309797,0.115816074807919,0.116633323143469
AT5G03460.1,Intact,0.954605152801814,0.953825435447488,144.75307001147,131.306007559076
AT5G03660.3,3'_truncated,0.0176712232342035,0.0181499825745983,2.95394751821633,2.67392223011156
AT5G03660.3,5'_truncated,0.162275440762365,0.160565911505174,27.1928080976265,23.9506685745724
AT5G03660.3,Both_truncated,0.00168070572119413,0.00267674601817641,0.277479600161026,0.408145242717809
AT5G03660.3,Intact,0.818372630282238,0.818607359902052,136.692825786707,123.11250712959
AT5G03940.1,3'_truncated,0.0643053700970631,0.0690266637547318,12.2838328228621,12.6487455855523
AT5G03940.1,5'_truncated,0.286318756809563,0.244505088635964,53.0582272412318,44.470453487277
AT5G03940.1,Both_truncated,0.0109916984463407,0.0087718987382618,1.98130705811996,1.64096216841651
AT5G03940.1,Intact,0.638384174647033,0.677696348871042,126.834982199539,124.445840811692
AT5G04140.1,3'_truncated,0.112565674890082,0.0883239401592699,22.0081243728935,18.1945993383876
AT5G04140.1,5'_truncated,0.746395259422974,0.781714578100878,148.845535563443,162.498039419282
AT5G04140.1,Both_truncated,0.118902600954783,0.0828062470033735,22.9627480195613,17.1664795867753
AT5G04140.1,Intact,0.0221364647321609,0.0471552347364786,4.96865689748142,9.39351538085747
AT5G04590.1,3'_truncated,0.0663777049974661,0.0700650363513568,11.869678940805,13.8222674848177
AT5G04590.1,5'_truncated,0.442233701002988,0.39623671597239,73.0985187711115,77.701838955471
AT5G04590.1,Both_truncated,0.0123659787132296,0.010203771808101,2.25366370879244,2.02231078824876
AT5G04590.1,Intact,0.479022615286316,0.523494475868153,91.3360931511697,104.722992721382
AT5G04750.1,3'_truncated,0.00914351543207188,0.00841900613940494,1.38513002576124,1.15470776930688
AT5G04750.1,5'_truncated,0.0578825839553115,0.0612564635619138,8.63938731664419,8.42487227066061
AT5G04750.1,Both_truncated,0.00293470286133529,0.00146735143066765,0.463264299231676,0.197655684982694
AT5G04750.1,Intact,0.931995666325505,0.929835413155125,138.392677132409,127.614086005975
AT5G04830.2,3'_truncated,0.0226344413198097,0.0285200297478855,3.14616140365921,3.23778940141485
AT5G04830.2,5'_truncated,0.0707428933052132,0.0863500712019957,9.88841647912499,9.78480095791387
AT5G04830.2,Both_truncated,0.00208711816155676,0.00259965337954939,0.229449545905494,0.296483527474041
AT5G04830.2,Intact,0.905231253267273,0.884263347923602,118.798715875723,99.2859989620354
AT5G05060.1,3'_truncated,0.00635439765009893,0.0086280799751076,0.851186194409353,1.10819003988556
AT5G05060.1,5'_truncated,0.0676673706489628,0.0625686805249263,8.87973020846125,8.01412673529453
AT5G05060.1,Both_truncated,0.00069589422407794,0.00161420500403551,0.115816074807919,0.197655684982694
AT5G05060.1,Intact,0.925746266959579,0.928265171165287,124.176458869609,118.087739345574
AT5G05170.1,3'_truncated,0.154055446301803,0.125773071614778,25.775316800897,24.1321214919875
AT5G05170.1,5'_truncated,0.566315295700116,0.567250655111573,92.2384863085979,109.40842542377
AT5G05170.1,Both_truncated,0.0401493486724562,0.0370642225561999,6.78708786178534,7.31999454984976
AT5G05170.1,Intact,0.239479909325625,0.269912050717449,45.6405898039942,51.6422716878263
AT5G05370.1,3'_truncated,0.00174764186159311,0.00131852325470304,0.463115466975127,0.216812352828093
AT5G05370.1,5'_truncated,0.0172411437295356,0.015788886266293,3.45495743560329,2.59616668134925
AT5G05370.1,Both_truncated,0.000968366688185927,0.000809061488673139,0.347448224423757,0.116633323143469
AT5G05370.1,Intact,0.980688425512809,0.982622903316113,212.418517137801,162.53061848616
AT5G05690.1,3'_truncated,0.0691487481935963,0.0665377355142482,8.81445994732795,8.60237370823414
AT5G05690.1,5'_truncated,0.341331896412793,0.292069223999826,34.8019347775016,37.00723941345
AT5G05690.1,Both_truncated,0.0361116945207209,0.0210987298399592,3.41866688658824,2.74130142220107
AT5G05690.1,Intact,0.553407660872889,0.620294310645967,76.0643944068603,80.8492494861164
AT5G05960.1,3'_truncated,0.00282208389930454,0.00277220776006293,0.278785837044706,0.212405183618751
AT5G05960.1,5'_truncated,0.0269168038739313,0.022294593943467,2.9536831071285,1.87522639426722
AT5G05960.1,Intact,0.970261112226764,0.97493319829647,102.164905262959,81.8736782767234
AT5G06360.1,3'_truncated,0.0265186317897318,0.0197660135480565,4.92005948392705,3.06231233904752
AT5G06360.1,5'_truncated,0.125573301319326,0.123533560620176,22.8202897279188,18.4734590001917
AT5G06360.1,Both_truncated,0.0012645779359031,0.00145282473752249,0.227713438964799,0.213933174626784
AT5G06360.1,Intact,0.847065014933673,0.855247601094245,151.208956578053,130.523136606952
AT5G06690.3,3'_truncated,0.00130572148815866,0.00229363428659466,0.17915568141879,0.264875086880489
AT5G06690.3,5'_truncated,0.937910985103643,0.949537802515482,144.95640479818,114.222068073423
AT5G06690.3,Both_truncated,0.0239797716985802,0.0230514219308603,3.86363028866329,2.75203138650339
AT5G06690.3,Intact,0.0372387622056713,0.0258816860292613,5.69379246112049,3.14042149543934
AT5G07090.1,3'_truncated,0.0290859755134695,0.0278124887839921,9.61176336565273,7.97552303529898
AT5G07090.1,5'_truncated,0.103129957716866,0.104293122838893,34.1227161846475,29.9738876660222
AT5G07090.1,Both_truncated,0.00276703871173563,0.00402596814375841,0.889642720422109,1.15300297448409
AT5G07090.1,Intact,0.865017028057929,0.863868420233357,281.363844818803,249.059335539628
AT5G07440.1,3'_truncated,0.0975569837027458,0.114483399301265,17.6710639736571,22.1911866732075
AT5G07440.1,5'_truncated,0.200681646165854,0.175940288438584,34.52630990904,33.7943879937866
AT5G07440.1,Both_truncated,0.0148389077546273,0.00773010074239327,2.47348456261936,1.48815344527844
AT5G07440.1,Intact,0.686922462376773,0.701846211517758,126.220816356017,136.346294670921
AT5G07960.1,3'_truncated,0.0199819820168384,0.0155238352679609,2.31569291370692,1.85859529699362
AT5G07960.1,5'_truncated,0.0326686391996452,0.0340124904405975,3.77120480707528,4.01097174707472
AT5G07960.1,Both_truncated,0.0019797127121146,0.00099601593625498,0.17915568141879,0.116633323143469
AT5G07960.1,Intact,0.946029570308773,0.950131668979357,111.035993408764,112.283339244832
AT5G08050.1,3'_truncated,0.00498906700153726,0.0064475222659312,3.4542465277458,3.6869048482122
AT5G08050.1,5'_truncated,0.0403542256741754,0.0406805970494442,27.6862624396689,23.1330379716862
AT5G08050.1,Both_truncated,0.000452898550724638,0.000194190316246892,0.223794728313759,0.107730582817408
AT5G08050.1,Intact,0.954505741140712,0.952742420473793,618.049803730697,540.890907999803
AT5G08410.1,3'_truncated,0.00687493238895903,0.0101535773346297,2.74020302241274,4.01015097132571
AT5G08410.1,5'_truncated,0.0537961593299471,0.0509882823093966,21.7762724086299,20.5138426758939
AT5G08410.1,Both_truncated,0,0.00115506786023679,0,0.448197400477487
AT5G08410.1,Intact,0.939328908281094,0.938473117735895,371.865054668249,374.356558419353
AT5G09650.1,3'_truncated,0.0334455565742557,0.0364319996005216,24.1769333725418,24.5988023722975
AT5G09650.1,5'_truncated,0.109422981344259,0.104250792386665,81.9878460020022,69.7190466806986
AT5G09650.1,Both_truncated,0.0024374734233951,0.00188796706092387,1.82718328955583,1.26352433359543
AT5G09650.1,Intact,0.854693988658091,0.857429240951889,613.267569574179,577.650294682295
AT5G09660.1,3'_truncated,0.0358044866183317,0.0303132237389981,30.937179496941,32.9911081849182
AT5G09660.1,5'_truncated,0.253740573431836,0.21864621149131,212.488215080949,237.435102900466
AT5G09660.1,Both_truncated,0.00464065759544078,0.00441480714790324,4.32948738902217,4.69382100827852
AT5G09660.1,Intact,0.705814282354391,0.746625757621788,703.531531701441,820.214427274631
AT5G09730.1,3'_truncated,0.000162866449511401,0.000293987946494194,0.12320699934035,0.233266646286937
AT5G09730.1,5'_truncated,0.999769313299173,0.999438403025658,954.210550973722,827.122672971031
AT5G09730.1,Intact,0.000264596826484765,0.000463600992177555,0.341346910062374,0.394746931275029
AT5G09810.1,3'_truncated,0.0212891521851412,0.0233230389637974,4.77817383528133,5.71114274109631
AT5G09810.1,5'_truncated,0.368042458126645,0.383080142010286,77.655292774969,93.7616496054038
AT5G09810.1,Both_truncated,0.00781551623125156,0.00663195002880828,1.75430452701264,1.61953626705797
AT5G09810.1,Intact,0.602852873456962,0.586964868997109,138.324864734434,144.299432466074
AT5G09900.1,3'_truncated,0.0755657760100951,0.0834163770390358,11.4311447251021,11.6187327565507
AT5G09900.1,5'_truncated,0.189162274513851,0.205310560849285,28.5347915638709,29.0769743413837
AT5G09900.1,Both_truncated,0.00726553618153872,0.00622852330799151,1.08769879283644,0.890813248367111
AT5G09900.1,Intact,0.728006413294515,0.705044538803688,110.098743701746,100.105744262799
AT5G09920.1,3'_truncated,0.0351504349942584,0.0272371910944244,4.93991744827008,3.12112205102528
AT5G09920.1,5'_truncated,0.0395117464755543,0.0411911588112894,5.57067913020089,4.72857716658766
AT5G09920.1,Both_truncated,0.00212365594653947,0.0018837610021888,0.409051724093932,0.206558425308755
AT5G09920.1,Intact,0.923922047899161,0.93031580942616,133.294911628479,106.664467762569
AT5G10360.1,3'_truncated,0.0179206458332424,0.014275282117313,7.19825760978142,5.34819806785264
AT5G10360.1,5'_truncated,0.132920985365718,0.124561299724834,53.3777685949881,46.5754048223506
AT5G10360.1,Both_truncated,0.000993591842348176,0.00154746537255575,0.399529194874245,0.565395162311315
AT5G10360.1,Intact,0.848164776958692,0.859615952785297,341.016731383803,325.087769998179
AT5G10400.1,3'_truncated,0.00470941742818704,0.00450900313171112,1.62038322151502,1.28303460907034
AT5G10400.1,5'_truncated,0.0293423214352412,0.0336319148185518,10.0019449062489,9.57172925386648
AT5G10400.1,Both_truncated,0.000603682463024449,0,0.231632149615838,0
AT5G10400.1,Intact,0.965747033648897,0.961859082049737,320.810957467281,271.529366402739
AT5G10450.1,3'_truncated,0.0650188189717854,0.0436657844471635,13.337798376615,13.0016608421683
AT5G10450.1,5'_truncated,0.182595324133644,0.153962062842251,41.8603261211488,45.8122111984879
AT5G10450.1,Both_truncated,0.00451345406422631,0.00142065524774652,0.813887073023726,0.415996028818819
AT5G10450.1,Intact,0.747872402830344,0.800951497462839,215.566458571642,242.564313417482
AT5G10860.1,3'_truncated,0.0148222735075506,0.0155193304033157,3.29370715359456,3.3994124629716
AT5G10860.1,5'_truncated,0.143277482423074,0.116810711594944,31.9915372243232,26.1684453475346
AT5G10860.1,Both_truncated,0.00101800740416052,0.00128447738523172,0.232789554242969,0.291511919574341
AT5G10860.1,Intact,0.840882236665215,0.866385480616509,186.861111117023,196.200643325107
AT5G10960.1,3'_truncated,0.0277938767015699,0.0235594256718648,4.980391119024,3.87937809423435
AT5G10960.1,5'_truncated,0.176278573427155,0.206487448458418,31.8412249172043,33.6966660711726
AT5G10960.1,Both_truncated,0.00194164527080751,0.00097837402990725,0.365925535754834,0.157144504063081
AT5G10960.1,Intact,0.794633119690737,0.769300876516446,142.383288217968,130.846162685679
AT5G11170.1,3'_truncated,0.115138962423957,0.126705002485609,16.1143803653039,14.8456494170946
AT5G11170.1,5'_truncated,0.300821985090178,0.255637832038476,42.2527076677868,30.1229738867156
AT5G11170.1,Both_truncated,0.0125005129816097,0.0190228354979285,1.7509811453878,2.20294774108225
AT5G11170.1,Intact,0.571538539504255,0.598634329977987,79.7916088870231,73.0606870167619
AT5G11420.1,3'_truncated,0.0361951276143405,0.034099300056488,7.85529509941275,8.95685765068864
AT5G11420.1,5'_truncated,0.319518109379531,0.258652233374486,56.5699806696659,67.4550602799468
AT5G11420.1,Both_truncated,0.00935912297202761,0.007327814174669,1.7506834808747,1.91431499970922
AT5G11420.1,Intact,0.634927640034101,0.699920652394357,139.835744363671,183.647360082743
AT5G11450.2,3'_truncated,0.000541125541125541,0.00265125411028069,0.11189736415688,0.503041952782796
AT5G11450.2,5'_truncated,0.960738619547918,0.957903334215884,205.320702035572,200.313860899627
AT5G11450.2,Both_truncated,0.0283425560095374,0.0312799481631742,6.18138718132174,6.42877070910363
AT5G11450.2,Intact,0.0107384492621689,0.00904921488075497,2.18329542197044,1.91545535584165
AT5G11480.1,3'_truncated,0.030113366146486,0.033567074077416,3.61718303655732,3.85407543511073
AT5G11480.1,5'_truncated,0.138150529422453,0.103990251532087,15.824318146501,11.8658534036482
AT5G11480.1,Both_truncated,0.00099742488279175,0.00143229309895977,0.113856719482399,0.161463271365045
AT5G11480.1,Intact,0.8310711545092,0.861487812324524,101.213737857455,99.1906399593651
AT5G11500.1,5'_truncated,0.127913897952328,0.121402280692219,12.5318703955797,10.4875141022221
AT5G11500.1,Intact,0.872086102047672,0.878597719307781,85.9744458863253,77.0912577858812
AT5G11670.1,3'_truncated,0.0716509759637991,0.0634522866741205,9.5304737631918,8.48135576437571
AT5G11670.1,5'_truncated,0.396878551958551,0.333604453683854,43.9405460244541,43.7696488922591
AT5G11670.1,Both_truncated,0.0114666091622745,0.0115634015040351,1.57389360773326,1.53164921992979
AT5G11670.1,Intact,0.520003862915375,0.591379858137991,72.9441681662628,78.79132065997
AT5G11740.1,3'_truncated,0.000788731227676342,0.000519972869336421,0.722903079790833,0.442615847889624
AT5G11740.1,5'_truncated,0.0242972677502554,0.0241966950331494,23.9679870001435,21.9040230816761
AT5G11740.1,Intact,0.974914001022068,0.975283332097514,936.444627670395,863.971234882575
AT5G12140.1,3'_truncated,0.00204195956091381,0.00278595531705922,1.65536753364639,1.63658902645326
AT5G12140.1,5'_truncated,0.0397206828438426,0.0431377255503427,30.4514682863238,26.3394582559431
AT5G12140.1,Intact,0.958237357595244,0.954076319132598,717.133513810446,590.80548450889
AT5G13120.1,3'_truncated,0.0239569540753784,0.0226284014606731,3.17527860501928,3.23025819569725
AT5G13120.1,5'_truncated,0.11369846695392,0.104397282786392,16.0235097131319,15.0117362236011
AT5G13120.1,Both_truncated,0.00146305779078274,0.000729278146368864,0.231632149615838,0.105438596305359
AT5G13120.1,Intact,0.861856893040441,0.872488130322022,118.027768417811,125.195078224313
AT5G13630.1,3'_truncated,0.0751550419930063,0.0490432021353761,11.9448860933875,9.21872779642221
AT5G13630.1,5'_truncated,0.704904956781499,0.706820600906131,112.763494122586,132.305295651863
AT5G13630.1,Both_truncated,0.0589917379212252,0.0660905561106936,9.87998596656709,12.2742664621764
AT5G13630.1,Intact,0.16094826330427,0.178045640847799,32.0175636638725,34.0100107117159
AT5G13650.2,3'_truncated,0.0738286357658502,0.0499527277000782,12.8273803899545,9.35849181574701
AT5G13650.2,5'_truncated,0.460885179211271,0.44753777723093,79.7249281531895,81.2065796778598
AT5G13650.2,Both_truncated,0.0237906134213981,0.0185521247448931,3.98815710567243,3.4281247117408
AT5G13650.2,Intact,0.441495571601481,0.483957370324099,92.5910149046013,91.80985010081
AT5G13850.1,3'_truncated,0.0211349164735059,0.0157105522986543,2.25385937525937,2.05560701004206
AT5G13850.1,5'_truncated,0.0555141911566432,0.0711189809739387,6.97684643534283,8.35058288728435
AT5G13850.1,Both_truncated,0.00176551375047535,0.002356637863315,0.192877959089982,0.296483527474041
AT5G13850.1,Intact,0.921585378619376,0.912384920772969,119.171953976711,110.661760396297
AT5G14200.1,3'_truncated,0.0528933355351567,0.052288593119027,17.1791758040454,20.535674358464
AT5G14200.1,5'_truncated,0.175919418987457,0.15895757334368,56.4383001776419,62.1435795022847
AT5G14200.1,Both_truncated,0.00762825555167253,0.00661566481685245,2.29130732890154,2.54236260451728
AT5G14200.1,Intact,0.763558989925714,0.782138168720441,259.310282916994,309.096873607937
AT5G14320.1,3'_truncated,0.00936900478509198,0.0100941647499235,4.59061449214682,4.95898718316767
AT5G14320.1,5'_truncated,0.0744135063770562,0.0710222554536086,36.7436664095666,34.4461580931282
AT5G14320.1,Both_truncated,0.000486778856424458,0.000551293906084432,0.239023074148269,0.266901867670405
AT5G14320.1,Intact,0.915892969600236,0.918516050525745,462.181674554806,446.574352868935
AT5G14740.3,3'_truncated,0.00241774733138766,0.00219474652564269,1.6276253137909,1.54487072755781
AT5G14740.3,5'_truncated,0.919468446591965,0.943497977675094,678.64125310443,701.545174500465
AT5G14740.3,Both_truncated,0.0777127149560341,0.0542126546006612,52.2400406269426,39.5394723760183
AT5G14740.3,Intact,0.000401091120613244,0.000141931797903511,0.275015958650216,0.11434133663142
AT5G14910.1,3'_truncated,0.01609121176405,0.0145626729463355,4.66385966382402,3.66661930298609
AT5G14910.1,5'_truncated,0.0688644441553138,0.0764348421540152,21.4192068676805,19.5542472836709
AT5G14910.1,Both_truncated,0.000999592703460035,0.00124403673637004,0.273709721766536,0.29762388360647
AT5G14910.1,Intact,0.914044751377176,0.907758448163279,275.782849091549,227.989858764538
AT5G14970.1,3'_truncated,0.0402757035414736,0.0274278760118587,4.6165571441386,3.30214663873438
AT5G14970.1,5'_truncated,0.184556578447017,0.143960691147211,21.2476086886485,17.4430130303167
AT5G14970.1,Both_truncated,0.00498504486540379,0.00420570160896714,0.579080374039595,0.532629351962288
AT5G14970.1,Intact,0.773506036389708,0.824405731231963,88.7284690196428,101.286755445924
AT5G15230.1,3'_truncated,0.0363387054515449,0.0384651161847249,9.55221138303417,8.62085718806661
AT5G15230.1,5'_truncated,0.0785332145297674,0.0927329288285388,21.0465873141179,20.4577760331331
AT5G15230.1,Both_truncated,0.00141761483316411,0.00189776876273302,0.394601911852625,0.445495026090933
AT5G15230.1,Intact,0.883710465185524,0.866904186224003,234.238721115729,196.222661024818
AT5G15970.1,3'_truncated,0.00133726275890459,0.00129270662657928,7.08498526411995,5.58087731794579
AT5G15970.1,5'_truncated,0.0236743734950395,0.0234203910890455,118.497234469684,98.0598726839332
AT5G15970.1,Both_truncated,4.21095802029795e-05,5.04575579166789e-05,0.232789554242969,0.185397729672343
AT5G15970.1,Intact,0.974946254165853,0.975236444726459,4893.01840606142,4045.12384206553
AT5G16030.1,3'_truncated,0.0627695639101571,0.0569792609604758,16.0312670467983,13.7279895881044
AT5G16030.1,5'_truncated,0.149384363958917,0.153699979932755,38.1774664475878,37.3493230330345
AT5G16030.1,Both_truncated,0.00629422986224852,0.00771022255739995,1.60424830135611,1.93247408799085
AT5G16030.1,Intact,0.781551842268678,0.781610536549369,196.165807101281,194.991685352001
AT5G16130.1,3'_truncated,0.0234582163664533,0.0202728611354557,8.15486514776505,5.37464108310869
AT5G16130.1,5'_truncated,0.0561096235042823,0.0633672513283246,20.3529366871586,16.9637771628074
AT5G16130.1,Both_truncated,0.00034097849039423,0.000409833268327849,0.116973479435049,0.109170171918063
AT5G16130.1,Intact,0.92009118163887,0.915950054267892,330.65028607335,245.594403155091
AT5G16470.1,3'_truncated,0.00296961432535009,0.00356894194100463,0.348456796794338,0.400858895307158
AT5G16470.1,5'_truncated,0.0325045846761991,0.0417619624120647,3.81282230167122,4.67245835024474
AT5G16470.1,Intact,0.964525800998451,0.954669095646931,113.154638111885,107.172621898741
AT5G16660.1,3'_truncated,0.00587327377523054,0.00653048972405686,1.25086422154015,1.16619045486602
AT5G16660.1,5'_truncated,0.044451913657028,0.0570930229841022,9.73470595390524,10.2774121793626
AT5G16660.1,Both_truncated,0,0.000667556742323098,0,0.116633323143469
AT5G16660.1,Intact,0.949674812567741,0.936153968377733,201.724235525636,167.906687114575
AT5G17170.1,3'_truncated,0.0370358736605492,0.0351820613641588,6.12358793235651,6.13248653393872
AT5G17170.1,5'_truncated,0.149530535472091,0.143960531019826,24.5562601043496,24.1494867551729
AT5G17170.1,Both_truncated,0.00452054953201742,0.00301535533831426,0.692937093521995,0.550645663675258
AT5G17170.1,Intact,0.810419891179348,0.817842052277701,135.480651486613,137.109392563308
AT5G17230.1,3'_truncated,0.0623981650154909,0.0511420489314028,15.0515136540425,12.8832546697099
AT5G17230.1,5'_truncated,0.187207285496194,0.16277160359879,45.2938307962566,40.7373548921853
AT5G17230.1,Both_truncated,0.00445069895091814,0.00509364234433991,1.15189397474863,1.27692264503821
AT5G17230.1,Intact,0.745943850537397,0.780992705125467,188.694712095774,198.269313405679
AT5G17290.1,3'_truncated,0.0137247290208392,0.0131276503519337,1.35517499469767,1.25755514613197
AT5G17290.1,5'_truncated,0.811490137687846,0.816670835646723,85.559010626108,79.1784587686353
AT5G17290.1,Both_truncated,0,0.00661114704614058,0,0.632315331240884
AT5G17290.1,Intact,0.174785133291315,0.16579408263725,18.0430330343577,15.9838688656965
AT5G17560.1,3'_truncated,0.00799704174982593,0.0069592506530153,1.83080433569377,1.4329981812532
AT5G17560.1,5'_truncated,0.216826655289758,0.213363005103656,52.8713940030542,44.7747285506766
AT5G17560.1,Both_truncated,0.00237864589739958,0.00243120859486111,0.470357559251008,0.52363820972885
AT5G17560.1,Intact,0.772797657063017,0.777246535648467,183.562461791633,160.83043057283
AT5G17710.1,3'_truncated,0.0384148092142686,0.0423876521862681,8.9229183510287,9.7488770838105
AT5G17710.1,5'_truncated,0.123447557477641,0.104065416062569,27.0462792496871,23.4657538839044
AT5G17710.1,Both_truncated,0.00269999297924768,0.0024501453921511,0.673343540266798,0.533980539155565
AT5G17710.1,Intact,0.836337637988592,0.851096786359012,199.085234706298,196.940616688201
AT5G17770.1,3'_truncated,0.0418627412279941,0.0336534548460023,6.43284404185535,5.33437809428816
AT5G17770.1,5'_truncated,0.17693230489503,0.207263791873242,27.3341483299221,32.8892176928265
AT5G17770.1,Both_truncated,0.00653404223661105,0.00280120492971512,0.994297992303108,0.444143838897656
AT5G17770.1,Intact,0.774670911640365,0.75628154835104,119.628520978561,119.7581046881
AT5G17870.2,5'_truncated,0.996740142866904,0.999620881269081,211.188448292411,181.767528894681
AT5G17870.2,Both_truncated,0.00164756980652353,0.000568678096378927,0.352226675188828,0.105438596305359
AT5G17870.2,Intact,0.00241843098985956,0,0.511375560008037,0
AT5G17920.1,3'_truncated,0.0789360936940259,0.0852266589738255,24.5671005567339,25.4995991222853
AT5G17920.1,5'_truncated,0.490051296911817,0.47416616232764,129.887551274598,139.924084346855
AT5G17920.1,Both_truncated,0.0104910260513116,0.0101079719318169,3.27958937817681,3.05136006493264
AT5G17920.1,Intact,0.420521583342846,0.430499206766717,163.051837489196,132.421402717157
AT5G18140.1,3'_truncated,0,0.00217878073489174,0,0.215461165634816
AT5G18140.1,5'_truncated,0.985171592829447,0.974380491154533,113.487885614029,104.138090835984
AT5G18140.1,Both_truncated,0.000750750750750751,0.00636942675159236,0.115816074807919,0.784345450835602
AT5G18140.1,Intact,0.0145781569203024,0.0220438461050083,1.47044257468977,2.32704421545113
AT5G18380.1,3'_truncated,0.00356430588486241,0.00397237671384502,4.98110202688148,5.3221541662239
AT5G18380.1,5'_truncated,0.0341431605789268,0.0313852343570487,48.1441346283518,42.0941025581808
AT5G18380.1,Both_truncated,8.58445906395212e-05,0.000111782072622381,0.117552181748615,0.148047946299219
AT5G18380.1,Intact,0.962235303809118,0.964530606856484,1348.5780877481,1291.65394532466
AT5G18660.1,3'_truncated,0.0331361134301099,0.0330247742132498,11.7793152003981,10.4035785349355
AT5G18660.1,5'_truncated,0.102411116615315,0.105136108657041,36.6007563699948,32.9624980178873
AT5G18660.1,Both_truncated,0.00158851465272992,0.000692084679655696,0.590092344709967,0.218340343836125
AT5G18660.1,Intact,0.862864255301846,0.861147032450053,301.690222455228,272.932194664133
AT5G19140.2,3'_truncated,0.0445066079902257,0.0364537145029237,51.5742788794013,47.4470048271318
AT5G19140.2,5'_truncated,0.0745760958363326,0.0686117674656652,87.0307135092428,89.632792065971
AT5G19140.2,Both_truncated,0.00221722914832415,0.00257237089030323,2.63017397074047,3.30402823737192
AT5G19140.2,Intact,0.878700067025118,0.892362147141108,1057.53121267578,1181.47918442559
AT5G19190.1,3'_truncated,0.0209479090141811,0.0186734842678008,8.44326830133538,6.81854603247896
AT5G19190.1,5'_truncated,0.0519468832174012,0.0448232834909981,21.3569645614293,17.5597488442075
AT5G19190.1,Both_truncated,0.000254644420778606,0.000268816658141645,0.117552181748615,0.11434133663142
AT5G19190.1,Intact,0.926935444821232,0.936324021135773,387.731815546169,363.561664807397
AT5G19220.1,3'_truncated,0.0490079789784878,0.0625794119137127,7.58323611325337,10.1117987995508
AT5G19220.1,5'_truncated,0.372414913763634,0.280192507963584,51.4479222544925,46.112834897379
AT5G19220.1,Both_truncated,0.0180438875700322,0.0151098217711939,2.51741686646956,2.46169385030757
AT5G19220.1,Intact,0.560533219687846,0.642118258351509,91.5686944627994,106.762900613276
AT5G19510.1,3'_truncated,0.0332006517813452,0.0289619400742402,7.37603638265329,6.14611863394577
AT5G19510.1,5'_truncated,0.103765859825041,0.0964871645000147,20.5971514554163,20.5344367317608
AT5G19510.1,Both_truncated,0.00104004482372393,0.00154303423667292,0.228870843591929,0.316315788916078
AT5G19510.1,Intact,0.86199344356989,0.87352220593463,195.370490563651,190.775533064488
AT5G19760.1,3'_truncated,0.0236968532294081,0.0244741415287883,9.2360463369682,10.3801915016955
AT5G19760.1,5'_truncated,0.142968774654067,0.121622144426778,49.3310348256424,51.7267166254055
AT5G19760.1,Both_truncated,0.00173922862746826,0.00129082280060364,0.612163120261084,0.54720204678359
AT5G19760.1,Intact,0.831595143489057,0.85261289124383,326.158092302059,364.525759519734
AT5G19770.1,3'_truncated,0.0591305459303838,0.0524973142840329,13.1842918474876,14.225509583137
AT5G19770.1,5'_truncated,0.242708344246153,0.20325907826382,49.9934023393204,54.2943818890464
AT5G19770.1,Both_truncated,0.00413989531028121,0.00556427039095171,1.0164707659004,1.50425413110778
AT5G19770.1,Intact,0.694021214513182,0.738679337061195,174.900021956302,198.132661944111
AT5G19855.2,3'_truncated,0.0195558497272971,0.0127097187700786,2.089881040652,1.49696778369713
AT5G19855.2,5'_truncated,0.0893438813440201,0.0770038686834831,9.65036872392203,8.99167519590568
AT5G19855.2,Intact,0.891100268928683,0.910286412546438,97.970470043948,107.00306851784
AT5G19940.1,3'_truncated,0.0112579014441637,0.0120611859676686,5.14865457341642,5.78540916696915
AT5G19940.1,5'_truncated,0.143411706234443,0.139685322989463,58.7180085364723,66.1841471081934
AT5G19940.1,Both_truncated,0.000927019451319453,0.00120554817582704,0.383143444412605,0.548730037791622
AT5G19940.1,Intact,0.844403372870074,0.847047942867041,375.880685035119,407.135912629626
AT5G20010.1,3'_truncated,0.0638961752158993,0.0483565682234761,8.45084131154963,6.87661450195161
AT5G20010.1,5'_truncated,0.116063703851436,0.124152835101392,15.6257770727321,17.7220336150255
AT5G20010.1,Both_truncated,0.00452710780265585,0.00419206289283743,0.54771710804617,0.588958999366055
AT5G20010.1,Intact,0.815513013130009,0.823298533782294,120.437807962569,118.159168735484
AT5G20090.1,3'_truncated,0.00364546806890428,0.00272282243638604,0.584867397175247,0.427689545438812
AT5G20090.1,5'_truncated,0.0383721370972757,0.0320082075558065,6.4185971068212,4.91635769026313
AT5G20090.1,Intact,0.95798239483382,0.965268970007807,156.894936541671,146.575633641499
AT5G20130.1,5'_truncated,0.135547655743096,0.13771818284323,8.12620802395973,8.78440735425871
AT5G20130.1,Intact,0.864452344256904,0.862281817156771,53.0195576138824,55.5090134052005
AT5G20160.1,3'_truncated,0.00240916674146515,0.00398064397189281,0.466587680856518,0.707684752207915
AT5G20160.1,5'_truncated,0.046406912449889,0.0528730900880001,11.0005476909772,9.98666445979677
AT5G20160.1,Intact,0.951183920808646,0.943146265940107,223.761440081466,175.591889721615
AT5G20180.3,3'_truncated,0.00873090858402541,0.00704941402832284,1.00329281823232,0.736043393347601
AT5G20180.3,5'_truncated,0.013536702503107,0.0215165573961845,1.42866266705217,2.19757701955524
AT5G20180.3,Intact,0.977732388912868,0.971434028575493,101.268018212491,98.7576905784543
AT5G20250.1,3'_truncated,0.164846420933515,0.131699304706551,18.0155438825753,14.9757269666877
AT5G20250.1,5'_truncated,0.409312160455422,0.385558895522664,49.1591488389506,42.2204406860203
AT5G20250.1,Both_truncated,0.0357049846564802,0.0202541694087588,3.33674646390547,2.40367088683272
AT5G20250.1,Intact,0.390136433954583,0.462487630362026,78.9555769535813,50.028084820828
AT5G20290.1,3'_truncated,0.0188883568048023,0.0207257414447682,22.1472373725006,27.3162203770604
AT5G20290.1,5'_truncated,0.099081548088983,0.076865847117075,106.299326029864,100.76338215719
AT5G20290.1,Both_truncated,0.000957151614240393,0.00113519005679851,1.02677182871329,1.47340394664239
AT5G20290.1,Intact,0.881072943491974,0.901273221381358,1055.21113576328,1187.72509337894
AT5G20700.1,3'_truncated,0.205787441460222,0.194082422242791,56.2754753285006,52.7543750584645
AT5G20700.1,5'_truncated,0.0611706791901213,0.0510548030385203,16.2357523055849,14.6898135190101
AT5G20700.1,Both_truncated,0.00445244281450905,0.00208770452593437,1.2021066327145,0.602921749499194
AT5G20700.1,Intact,0.728589436535147,0.752775070192755,205.72965894835,210.315720138827
AT5G20720.1,3'_truncated,0.0256476437015876,0.0237718878334142,19.0415254914144,16.5926462421692
AT5G20720.1,5'_truncated,0.0866941254751096,0.0833019874097641,64.7359605617664,57.9912065865455
AT5G20720.1,Both_truncated,0.00102316586849977,0.00105375309122105,0.787897586821569,0.741978553564974
AT5G20720.1,Intact,0.886635064954803,0.891872371665601,663.491177102383,622.132470207692
AT5G20920.1,3'_truncated,0.0307330909607157,0.0325704640565618,5.05595109995546,5.20334888013814
AT5G20920.1,5'_truncated,0.12626166218751,0.116325514499662,20.4475553073145,18.7149189704665
AT5G20920.1,Both_truncated,0.00143884892086331,0.00226564427411124,0.246413998680699,0.372146646537962
AT5G20920.1,Intact,0.842525630544819,0.848838377169665,138.161295037477,136.258054016164
AT5G21020.2,3'_truncated,0.00264095168221513,0.00204349385955247,0.419285161171101,0.294567901590405
AT5G21020.2,5'_truncated,0.0764898677128414,0.0874768055344132,13.075809295606,12.505229438695
AT5G21020.2,Intact,0.920869180604944,0.910479700606034,151.781071389538,130.767815209871
AT5G21274.1,3'_truncated,0.0125555232085254,0.0130573480904352,2.78413532626294,2.60900055410167
AT5G21274.1,5'_truncated,0.0798206131668126,0.0820461525003438,19.1733941609752,16.0414586882979
AT5G21274.1,Both_truncated,0.00133357057721893,0.000735165834062088,0.351069270561698,0.146519955291186
AT5G21274.1,Intact,0.906290293047443,0.904161333575159,215.970068044709,178.732911539408
AT5G21430.1,3'_truncated,0.0231451039900687,0.0248887263566433,2.97486088914032,3.43736071228118
AT5G21430.1,5'_truncated,0.304089263209849,0.244897129163792,38.1626724148128,33.7535031725172
AT5G21430.1,Both_truncated,0.0147941162868803,0.0101921404493946,1.85649615738283,1.50118667034
AT5G21430.1,Intact,0.657971516513202,0.720022004030171,85.7451798557149,98.4784447291824
AT5G22440.1,3'_truncated,0.0249123858560899,0.0245684491112193,5.73781843339144,4.36104852031988
AT5G22440.1,5'_truncated,0.0566503667075736,0.0579778621757703,13.5451915359117,10.2616425526684
AT5G22440.1,Intact,0.918437247436337,0.91745368871301,209.150532306238,162.869637319412
AT5G22580.1,3'_truncated,0.00490407704336949,0.0062911567373002,1.01590869029947,0.846530725212847
AT5G22580.1,5'_truncated,0.0282572310229592,0.0271032012254313,5.30234318822562,3.91637426997796
AT5G22580.1,Intact,0.966838691933671,0.966605642037269,173.210064919336,144.090099834706
AT5G22650.1,3'_truncated,0.0505779024704317,0.0409186173577524,10.2315349873237,7.7371194560493
AT5G22650.1,5'_truncated,0.119110068815293,0.121600810355428,24.1163947279632,22.7575046930061
AT5G22650.1,Both_truncated,0.00483251028918151,0.00412258079344393,0.942170187642245,0.755200061192999
AT5G22650.1,Intact,0.825479518425094,0.833357991493376,175.267346290481,158.862404493394
AT5G22880.1,3'_truncated,0.0124745645544552,0.0128961908328419,2.99797349048728,2.37107040154674
AT5G22880.1,5'_truncated,0.0511534743915352,0.0533022822968706,12.0113938467836,9.83320028597273
AT5G22880.1,Both_truncated,0.000525762355415352,0.00129032258064516,0.11189736415688,0.233266646286937
AT5G22880.1,Intact,0.936196706935538,0.933371419343406,213.860411986576,172.093620829463
AT5G22920.1,3'_truncated,0.215272085578923,0.129994895222833,21.3632562585597,15.936000358091
AT5G22920.1,5'_truncated,0.150114647336187,0.175721582868626,22.2804885124961,21.4261118597163
AT5G22920.1,Both_truncated,0.0205051324301882,0.00743754186671147,1.8743369769847,1.16413205241373
AT5G22920.1,Intact,0.614108134654702,0.686845980041829,107.241533016691,90.4801368076613
AT5G23010.2,3'_truncated,0.000415108934751814,0.00114242193450114,0.117552181748615,0.296483527474041
AT5G23010.2,5'_truncated,0.947219522284719,0.933814456796155,223.027766423728,247.615280737096
AT5G23010.2,Both_truncated,0.0504230779365358,0.0638109733633614,13.270235216638,16.9225055246804
AT5G23010.2,Intact,0.00208066048891041,0.00199376252898345,0.546113206649392,0.52363820972885
AT5G23060.1,3'_truncated,0.066375967797515,0.0530233073301006,19.7302685079923,13.4309190734456
AT5G23060.1,5'_truncated,0.152281017237412,0.157442703204716,44.943343273936,39.4704272275195
AT5G23060.1,Both_truncated,0.00664171545048342,0.00906224948833805,1.96009602268287,2.27132451273552
AT5G23060.1,Intact,0.774701299514589,0.780471739976846,227.615526249756,196.535233570741
AT5G23120.2,5'_truncated,0.9609237756717,0.967003357203812,332.948289692523,363.740230692575
AT5G23120.2,Both_truncated,0.0361044375820879,0.0308063243201334,12.0847681780772,11.5618271917049
AT5G23120.2,Intact,0.00297178674621236,0.00219031847605488,0.974393193749702,0.777800345930066
AT5G23280.1,3'_truncated,0.0340654635582847,0.0245724778327647,5.19910973205959,3.68075885693398
AT5G23280.1,5'_truncated,0.163178330916744,0.149636899024865,26.5162518912159,22.4572350107535
AT5G23280.1,Both_truncated,0.0018343649281882,0.00172932818925295,0.267476201861236,0.258746109225314
AT5G23280.1,Intact,0.800921840596784,0.824061294953117,124.319986989313,123.745968696497
AT5G23290.1,3'_truncated,0.018187992435555,0.0189799705998209,2.30478294108272,2.07579528469731
AT5G23290.1,5'_truncated,0.0526651452891385,0.0451811313012373,7.01396123327626,5.06437160931626
AT5G23290.1,Both_truncated,0.00113378684807256,0.00105708245243129,0.12320699934035,0.116633323143469
AT5G23290.1,Intact,0.928768933325949,0.935486537281465,119.633708132053,103.407681168806
AT5G23740.1,3'_truncated,0.00762397284372408,0.0102633018769575,4.83380710724885,5.70747681439208
AT5G23740.1,5'_truncated,0.0380438209395113,0.0438422410274825,25.3798975076,24.843887165437
AT5G23740.1,Both_truncated,0.00026281208935611,0.000509547282146182,0.231632149615838,0.288632741373031
AT5G23740.1,Intact,0.954244602186979,0.945384909813414,613.389700470625,532.658175839232
AT5G24165.1,3'_truncated,0.00727633163061155,0.00652675789479383,2.92026944296865,2.52889623858232
AT5G24165.1,5'_truncated,0.0267465723630111,0.0279502281502337,13.0910844756509,10.922974900518
AT5G24165.1,Both_truncated,0.000214659228307342,0,0.113856719482399,0
AT5G24165.1,Intact,0.965833989854172,0.965523013954972,447.199167018201,376.372892033839
AT5G24314.2,3'_truncated,0.00887440884363505,0.0110317681213578,6.05399706024252,5.78445709340319
AT5G24314.2,5'_truncated,0.0614435090064843,0.0655506385761146,39.0505579260408,34.7534688554754
AT5G24314.2,Both_truncated,0.00117453075620584,0.00116114359583499,0.748134823925133,0.605977731515259
AT5G24314.2,Intact,0.928507551393675,0.922256449706693,595.342339076051,487.158189745926
AT5G24490.1,3'_truncated,0.0371440895864916,0.0289124650349377,17.0767333433725,15.07432727919
AT5G24490.1,5'_truncated,0.173707681352516,0.172260983729271,78.8004612959074,89.4977441355053
AT5G24490.1,Both_truncated,0.00413129299707895,0.00168933360773515,1.82195834202111,0.877768544553842
AT5G24490.1,Intact,0.785016936063914,0.797137217628056,365.314304280574,422.451690450638
AT5G24890.1,3'_truncated,0.0873669159197505,0.116224885221072,14.0259657368068,13.8634829562132
AT5G24890.1,5'_truncated,0.158682470740631,0.154210944640012,24.9515978478595,18.5950188342461
AT5G24890.1,Both_truncated,0.0076209004018293,0.0048064292129049,1.22316883589504,0.538387708364907
AT5G24890.1,Intact,0.746329712937789,0.724757740926011,113.937096187683,88.5721381558414
AT5G25280.1,3'_truncated,0.0364026297656764,0.0307878894365203,5.52187470716487,4.73739150500634
AT5G25280.1,5'_truncated,0.140162709327419,0.177867946242017,21.81779014295,27.2871482620864
AT5G25280.1,Both_truncated,0.000674308833445718,0.00113525795241914,0.12320699934035,0.157144504063081
AT5G25280.1,Intact,0.823209891295756,0.790587325686516,132.718531837142,120.452890187498
AT5G26000.1,3'_truncated,0.0500340517259247,0.053101637819174,36.8775869394453,38.4255402696493
AT5G26000.1,5'_truncated,0.295580848763764,0.283931291673476,192.959703287841,202.363362893537
AT5G26000.1,Both_truncated,0.00629084586390676,0.00517063516001971,4.69367419225647,3.74778444139397
AT5G26000.1,Intact,0.648094253646405,0.65779643534733,523.870803429335,483.808738987165
AT5G26360.1,3'_truncated,0.0710138932188622,0.05186679299818,15.6520226403966,10.9957362928862
AT5G26360.1,5'_truncated,0.332790075414299,0.325504754316601,72.8605896081292,69.291985635293
AT5G26360.1,Both_truncated,0.00564734842685153,0.00693808254679379,1.24317563249462,1.51477326434925
AT5G26360.1,Intact,0.590548682939987,0.615690370138426,131.241331330835,132.022877084954
AT5G26667.2,3'_truncated,0.301025931740218,0.301003294732599,73.0472559577244,65.7826676074644
AT5G26667.2,5'_truncated,0.0790873015873016,0.0787747262521673,19.7148309149057,17.1963595513387
AT5G26667.2,Both_truncated,0.0268768533054247,0.0253087828571388,6.68949035872803,5.47573815911318
AT5G26667.2,Intact,0.593009913367056,0.594913196158095,143.192025114857,130.101003800181
AT5G26742.2,3'_truncated,0.0803543488001188,0.0751387545257438,18.1358385058648,16.1422251141763
AT5G26742.2,5'_truncated,0.555202337830484,0.531836713748471,120.124349769234,114.106821412127
AT5G26742.2,Both_truncated,0.023768738875431,0.0193276630189151,4.90418897485597,4.10059761627178
AT5G26742.2,Intact,0.340674574493966,0.373696868706871,91.4238812410035,82.2720433033441
AT5G27380.1,3'_truncated,0.0208206594079597,0.0266629311016692,3.12334646682534,3.86092864164797
AT5G27380.1,5'_truncated,0.740050623693883,0.737906252291537,111.076493530546,108.053618826968
AT5G27380.1,Both_truncated,0.110086703681914,0.101681464955755,16.4021610282778,14.667572062079
AT5G27380.1,Intact,0.129042013216243,0.133749351651039,19.5142937661108,19.7844032286182
AT5G27470.1,3'_truncated,0.0529867413280542,0.0546712964476553,8.30721427226531,7.7104656097324
AT5G27470.1,5'_truncated,0.175465343792127,0.174527471446285,27.2789199716735,24.6608903761038
AT5G27470.1,Both_truncated,0.0070646079617429,0.00337444208250153,1.12388734380531,0.470974489029309
AT5G27470.1,Intact,0.764483306918076,0.767426790023558,117.951237528398,108.627429623079
AT5G27670.1,3'_truncated,0.00851786483514529,0.00519770754796842,1.15827632691048,0.661132995540504
AT5G27670.1,5'_truncated,0.121163790835988,0.127070780979602,16.5855425008331,15.5910715875512
AT5G27670.1,Both_truncated,0,0.000834028356964137,0,0.0988278424913471
AT5G27670.1,Intact,0.870318344328867,0.867453502020108,118.58204303115,107.142816247245
AT5G27760.1,3'_truncated,0.00396532392594416,0.00490751682125258,0.582775836305811,0.515964227442595
AT5G27760.1,5'_truncated,0.0519138782055843,0.0511993466367767,6.36788278824988,5.66885537706958
AT5G27760.1,Both_truncated,0.000979431929480901,0.000951474785918173,0.11189736415688,0.0988278424913471
AT5G27760.1,Intact,0.945116095200626,0.943575978279998,113.894754980064,103.46648380419
AT5G27770.1,3'_truncated,0.00403834512962367,0.00315715482160666,2.48926140326969,1.47781111585173
AT5G27770.1,5'_truncated,0.0289069786598428,0.0286817460190497,18.3237098699165,13.6917394660333
AT5G27770.1,Both_truncated,0.000703008218445333,0.000236332582524567,0.528563261168066,0.107730582817408
AT5G27770.1,Intact,0.966586004064903,0.968003544104327,595.754531882974,458.1666522925
AT5G27850.1,3'_truncated,0.00944562127719377,0.00738578813623525,19.61930487973,13.6808216281735
AT5G27850.1,5'_truncated,0.102148903787096,0.100985104813225,213.046096692347,185.499281711384
AT5G27850.1,Both_truncated,0.000988733260926158,0.000364185060502396,2.16447928342325,0.647734684097724
AT5G27850.1,Intact,0.887416741674784,0.891264921990037,1826.14814876368,1640.46227021983
AT5G28060.1,3'_truncated,0.00539299326252987,0.00572432239155137,4.82439903797526,4.11879073179951
AT5G28060.1,5'_truncated,0.0566802543423967,0.0523959042579494,50.1494253709475,38.1265067666922
AT5G28060.1,Both_truncated,0.000430712981747706,0.000250154289253915,0.383292276669155,0.186925720680375
AT5G28060.1,Intact,0.937496039413326,0.941629619061245,813.50347722218,696.222768170136
AT5G28500.1,3'_truncated,0.0278034023027473,0.0247809758431519,4.77489728786687,4.48649618188203
AT5G28500.1,5'_truncated,0.273939311525649,0.258052480788211,46.591162721168,46.6135014774143
AT5G28500.1,Both_truncated,0.00905209213551148,0.00857100991888908,1.55926059092495,1.53243596843271
AT5G28500.1,Intact,0.689205194036093,0.708595533449748,121.494183260919,128.355891877568
AT5G28750.1,3'_truncated,0.0127104526492102,0.0172923653093837,3.19893970118207,3.54020808910626
AT5G28750.1,5'_truncated,0.0337016954058213,0.035522239462463,8.38295633887859,7.1878020220639
AT5G28750.1,Both_truncated,0.00094904984823625,0.00143638314620194,0.235253195753779,0.297447079791714
AT5G28750.1,Intact,0.952638802096732,0.945749012081951,229.833711563828,191.899310137622
AT5G28840.1,3'_truncated,0.0583724660354759,0.0544978355636989,10.7113807034839,10.2253876194299
AT5G28840.1,5'_truncated,0.32936919835904,0.333051498973266,60.5287267635498,62.5973359068557
AT5G28840.1,Both_truncated,0.00593791065249284,0.00701559046184543,1.0915155054413,1.28782941315529
AT5G28840.1,Intact,0.606320424952992,0.605435075001189,111.054582154647,115.442635976822
AT5G30510.1,3'_truncated,0.0349934264969105,0.0267785540698761,24.3634070690594,17.9670459515145
AT5G30510.1,5'_truncated,0.211014617685712,0.222480355841181,144.797478430669,145.027341625164
AT5G30510.1,Both_truncated,0.00391075748311081,0.00436954063186442,2.72843330967451,2.90815242871617
AT5G30510.1,Intact,0.750081198334267,0.746371549457079,507.233831127343,490.283598085768
AT5G34850.1,3'_truncated,0.0621847692407433,0.050084601029413,8.7808619597159,9.03717279726885
AT5G34850.1,5'_truncated,0.288050900975137,0.242365748658064,40.5538868048662,43.2800145285916
AT5G34850.1,Both_truncated,0.00896438239387315,0.00698435547773387,1.22965318610306,1.29049776029575
AT5G34850.1,Intact,0.640799947390246,0.70056529483479,103.678297800917,128.104148419033
AT5G35360.1,3'_truncated,0.0664947232932286,0.072296610133187,10.8965035666779,11.7522535140264
AT5G35360.1,5'_truncated,0.289927388084934,0.258688573215988,42.5471101702106,41.5412853405723
AT5G35360.1,Both_truncated,0.0118951202551584,0.00931939735641689,2.20159631912706,1.46061557988777
AT5G35360.1,Intact,0.631682768366679,0.659695419294408,107.42877132275,107.661394102505
AT5G35530.1,3'_truncated,0.0227555439051944,0.0273052694431185,3.21388396328859,3.66317568609442
AT5G35530.1,5'_truncated,0.14605294924106,0.17050926935697,21.2196375489008,23.2700363732997
AT5G35530.1,Both_truncated,0.0017683465959328,0.00248263484468817,0.231632149615838,0.339380836188935
AT5G35530.1,Intact,0.830602057988435,0.799702826355224,123.650216562621,110.303608670721
AT5G35620.3,3'_truncated,0.0210592665796473,0.0222145190251194,2.4883684097304,2.49978487618581
AT5G35620.3,5'_truncated,0.112332605742496,0.0955052019814826,14.8784113338895,11.018758239745
AT5G35620.3,Both_truncated,0.00308641975308642,0.00184186846737017,0.335692092470639,0.226390686750792
AT5G35620.3,Intact,0.865579321093495,0.881052366681818,110.738486007365,102.062188658381
AT5G35630.1,3'_truncated,0.0518480665233244,0.0387112468854646,60.0725321976126,51.5028139137163
AT5G35630.1,5'_truncated,0.261913439111246,0.251771723919422,307.43436027969,329.286858639928
AT5G35630.1,Both_truncated,0.00487006673904811,0.00483609696599294,5.61156604429919,6.3856740480796
AT5G35630.1,Intact,0.681368427626382,0.704680932229121,921.795627916082,946.358138686218
AT5G35680.1,3'_truncated,0.0227759611645577,0.015797199815812,2.39214588817767,1.60325877741388
AT5G35680.1,5'_truncated,0.079740155055751,0.0735229891121499,8.62898425578512,7.59930508985423
AT5G35680.1,Both_truncated,0,0.00107874865156419,0,0.116633323143469
AT5G35680.1,Intact,0.897483883779691,0.910320228188183,96.5228590002665,94.634289740996
AT5G35790.1,3'_truncated,0.114561979280584,0.123808870558041,15.5708327982115,15.5510649357893
AT5G35790.1,5'_truncated,0.276867253190751,0.264448608249564,37.9314263469711,33.6842772270543
AT5G35790.1,Both_truncated,0.017428757640216,0.0251253812332769,2.32599397651981,3.03664459354268
AT5G35790.1,Intact,0.591142009888449,0.586617139959119,83.260126497984,76.4994559009859
AT5G37770.1,3'_truncated,0.0180668583025524,0.0187085416752478,2.96107403166093,3.00220801561696
AT5G37770.1,5'_truncated,0.0385123324279276,0.0467287814297533,6.51877159245023,7.82686995547902
AT5G37770.1,Both_truncated,0.000584795321637427,0,0.115816074807919,0
AT5G37770.1,Intact,0.943225877495641,0.934562676894999,153.990704845748,147.183943091769
AT5G37780.1,3'_truncated,0.0167038975200614,0.0202040776782662,4.87950572553749,4.94424916328332
AT5G37780.1,5'_truncated,0.0900186187524796,0.102842098425183,27.018658700518,25.3364077838992
AT5G37780.1,Both_truncated,0.000954906280990535,0.00178373745839193,0.275015958650216,0.464241306061826
AT5G37780.1,Intact,0.892322577446469,0.875764665590956,263.603882184895,215.601151542551
AT5G38410.3,3'_truncated,0.00672928514402357,0.00588911786702321,5.25742422241538,4.71272133906526
AT5G38410.3,5'_truncated,0.255283997173829,0.273888166720561,197.693201238379,221.089661300732
AT5G38410.3,Both_truncated,0.00128487572781796,0.00109553396250145,1.02024064429489,0.8733613753445
AT5G38410.3,Intact,0.73670184195433,0.719127181449914,578.977668601185,573.67629542713
AT5G38420.1,3'_truncated,0.00963788713372091,0.010172139856886,6.78858976513594,6.15908380451515
AT5G38420.1,5'_truncated,0.084993064865721,0.0871067125047193,60.0708082418438,52.8831964260093
AT5G38420.1,Both_truncated,0.000549326586376626,0.000757449035368011,0.388219559690775,0.462160150610626
AT5G38420.1,Intact,0.904819721414182,0.901963698603027,640.505859867042,547.018128099444
AT5G38480.1,3'_truncated,0.0389459901914666,0.0342838472002439,11.2621703628522,8.2272846401701
AT5G38480.1,5'_truncated,0.140097520102088,0.128241701358283,42.4734775196842,30.4272219994625
AT5G38480.1,Both_truncated,0.000609667116800128,0.00335286073507805,0.194184195973662,0.807476147016935
AT5G38480.1,Intact,0.820346822589645,0.834121590706396,242.901836745929,199.394221842
AT5G38520.1,3'_truncated,0.0243299352562365,0.0352637864998787,3.10459907289907,4.95419237908272
AT5G38520.1,5'_truncated,0.270901891281058,0.243079896979076,33.6987900619532,34.0464236730434
AT5G38520.1,Both_truncated,0.013722963247102,0.00996324642931016,1.78174908235503,1.39355596818168
AT5G38520.1,Intact,0.691045210215603,0.711693070091736,91.8258847989472,100.201223084534
AT5G38660.2,3'_truncated,0.416762351827144,0.463496570549529,110.830202664703,120.821277220901
AT5G38660.2,5'_truncated,0.488083018610553,0.453009941352591,132.366717097309,118.427558542813
AT5G38660.2,Both_truncated,0.0951546295623034,0.0834934880978799,25.4870541499578,21.7223497108653
AT5G39340.2,3'_truncated,0,0.00543478260869565,0,0.395311369965389
AT5G39340.2,5'_truncated,0.96583381186629,0.971714818276884,109.068681898996,87.1185551320472
AT5G39340.2,Both_truncated,0.0332935016884192,0.0192140208173915,3.25918291901795,1.71225214551719
AT5G39340.2,Intact,0.00130902966793685,0.00725956670282605,0.171764756886359,0.650437058484278
AT5G39530.1,3'_truncated,0.040733593201427,0.0373911213239138,8.26670734808613,8.52334650552245
AT5G39530.1,5'_truncated,0.0963297724015078,0.0933406969880453,19.6640229279136,21.2194694346585
AT5G39530.1,Both_truncated,0.00209938815435237,0.00181862514718293,0.434364674749061,0.455073360013633
AT5G39530.1,Intact,0.860837246242713,0.868055764923252,175.266638615252,197.049948881357
AT5G39570.1,3'_truncated,0.0626188313429813,0.0712693009527951,7.29515778576636,10.4855644490924
AT5G39570.1,5'_truncated,0.381221046361641,0.29005376372406,38.2834784254082,42.676004187533
AT5G39570.1,Both_truncated,0.0159735425024546,0.00573729534820167,1.41836160423928,0.77033719470466
AT5G39570.1,Intact,0.540186579792923,0.632939639974943,79.2961091787346,96.5244638878747
AT5G39730.1,3'_truncated,0.0183834337669939,0.00960870050114159,2.6802377964498,1.35389144529761
AT5G39730.1,5'_truncated,0.0843082382206614,0.0871758053825348,13.8479716248279,12.7802645163162
AT5G39730.1,Both_truncated,0.000497512437810945,0,0.115816074807919,0
AT5G39730.1,Intact,0.897142490533074,0.903215494116324,144.980263177124,133.028408719905
AT5G39740.1,3'_truncated,0.0381608944998563,0.0346105711384245,36.3635237584659,33.1274285873513
AT5G39740.1,5'_truncated,0.112904509442415,0.104324413248089,106.359990199214,99.4665505320588
AT5G39740.1,Both_truncated,0.00177109350748217,0.00227236581439612,1.70700200732723,2.10280273864372
AT5G39740.1,Intact,0.847163502550247,0.85879264979909,810.296572720166,825.223245572876
AT5G40370.1,3'_truncated,0.00443450347704035,0.00447596331483676,2.31961162435796,2.11079630131339
AT5G40370.1,5'_truncated,0.0270397855422116,0.0276412288275638,14.8742417929357,13.2709486331295
AT5G40370.1,Both_truncated,0,0.000608506198900886,0,0.284707348322526
AT5G40370.1,Intact,0.968525710980748,0.967477137058332,521.15758167824,461.99540733116
AT5G40450.1,3'_truncated,0.325456814447812,0.317573796214573,33.6572382985888,31.2086095568709
AT5G40450.1,5'_truncated,0.458847564455216,0.46048951048951,47.7588471173521,44.3295313744928
AT5G40450.1,Both_truncated,0.215695621096971,0.221936693295917,22.4436661249099,21.8784193975141
AT5G40770.1,3'_truncated,0.0104083121302933,0.0111994552431241,1.97201456767765,2.13265534354535
AT5G40770.1,5'_truncated,0.0896801633350662,0.0876076439658869,17.0732943829164,17.2994359055606
AT5G40770.1,Both_truncated,0.00356294536817102,0.00116927144353717,0.694896448847514,0.213933174626784
AT5G40770.1,Intact,0.898723876078583,0.900023629347452,170.885574089079,176.284981904942
AT5G40810.1,3'_truncated,0.0366565393941008,0.0307760478923238,3.99554803020486,3.76234565746357
AT5G40810.1,5'_truncated,0.184008422933749,0.155270675365548,19.2824032972622,18.7424904540942
AT5G40810.1,Both_truncated,0.00809076548801833,0.00385559594931189,0.743007709623875,0.452958177316339
AT5G40810.1,Intact,0.773941194013471,0.810097680792817,93.0512393495565,97.7527211167672
AT5G40950.1,3'_truncated,0.0107610864301751,0.0106397703966752,6.98476394428055,5.87680788548119
AT5G40950.1,5'_truncated,0.0717046579950731,0.0778835832168475,46.6901058063893,42.8082011174773
AT5G40950.1,Both_truncated,0.000712328241888864,0.000564763273213596,0.455426877929597,0.289291321346623
AT5G40950.1,Intact,0.917059370080159,0.911100137537668,592.846812556831,501.177290094932
AT5G41520.1,3'_truncated,0.0267926346521206,0.0219885877594468,13.2113012490751,11.1981753032022
AT5G41520.1,5'_truncated,0.0457851765620297,0.0444948535314103,23.4684759727178,22.6792638297883
AT5G41520.1,Both_truncated,0.000526102210909382,0.00133541354499221,0.291053045575669,0.68689467782406
AT5G41520.1,Intact,0.927071453978577,0.932626283012481,482.829562369357,474.196960521466
AT5G41700.5,3'_truncated,0.0100801707784569,0.0128634083456808,2.11321121887642,2.14146968196403
AT5G41700.5,5'_truncated,0.0269754534328655,0.0303564169401353,5.73355522401693,5.37213806103127
AT5G41700.5,Intact,0.962944375788678,0.956780174714184,202.404656095548,164.728185474372
AT5G42270.1,3'_truncated,0.078884264815118,0.0607463845293203,13.8255502586983,13.5282644309267
AT5G42270.1,5'_truncated,0.470292456166199,0.434104542134742,84.2032894394413,95.0672878030359
AT5G42270.1,Both_truncated,0.0129305124142588,0.00987224026075711,2.34178439795525,2.23070791628549
AT5G42270.1,Intact,0.437892766604424,0.49527683307518,94.2637351780293,110.877451357346
AT5G42300.1,3'_truncated,0.00292932438681427,0.0029296875,0.347001727654109,0.336148050358115
AT5G42300.1,5'_truncated,0.0385593098473529,0.0473353411015608,5.42640992768,5.40839299426977
AT5G42300.1,Both_truncated,0.000956937799043062,0,0.12320699934035,0
AT5G42300.1,Intact,0.959168827961757,0.951688096398439,131.905293173373,106.65569811213
AT5G42650.1,3'_truncated,0.0358168313214437,0.0333004216371824,14.3994525194135,17.8231417607726
AT5G42650.1,5'_truncated,0.222184655511266,0.208841137847849,89.3073650702302,112.189623741763
AT5G42650.1,Both_truncated,0.0050071186283506,0.00344651817866085,2.11628377019854,1.7658794185344
AT5G42650.1,Intact,0.73699139453894,0.754411922336308,322.13987642081,406.897152487996
AT5G42790.1,3'_truncated,0.0431850786768193,0.0346185723352,5.14828816428241,5.36966947520898
AT5G42790.1,5'_truncated,0.0971964649600715,0.0809704780055956,11.9271253614213,12.3069752877759
AT5G42790.1,Both_truncated,0.00443916615369298,0.00215827338129496,0.426973750216631,0.336148050358115
AT5G42790.1,Intact,0.855179290209416,0.883691525198773,124.616340531844,138.305896440933
AT5G42820.1,3'_truncated,1,0.999275362318841,98.7513114131837,106.979731801765
AT5G42820.1,Intact,0,0.00217391304347826,0,0.233266646286937
AT5G42850.1,3'_truncated,0.0042946955790187,0.00338448453391448,0.809108622258655,0.483021613278813
AT5G42850.1,5'_truncated,0.0328248408275898,0.0295193296428589,5.50820342851676,4.46570277370603
AT5G42850.1,Both_truncated,0.000761614623000762,0,0.11189736415688,0
AT5G42850.1,Intact,0.962626592052391,0.967096185823227,164.358452225869,143.505795316911
AT5G42890.1,3'_truncated,0.0132333328550932,0.0109172320589266,2.68501624721487,2.34772887430456
AT5G42890.1,5'_truncated,0.0600241652975224,0.0614287274554785,15.2210811075482,13.4458501870638
AT5G42890.1,Both_truncated,0,0.00136487716105551,0,0.336148050358115
AT5G42890.1,Intact,0.926742501847384,0.92719908143191,237.638975339348,201.086662558311
AT5G42900.1,3'_truncated,0.0315351428486104,0.0323871863919022,6.79409879639865,6.43335468212773
AT5G42900.1,5'_truncated,0.134646937380918,0.134020093191624,29.3901389696086,27.3769116876757
AT5G42900.1,Both_truncated,0.00314262962428928,0.00153765068714851,0.66338435059754,0.336324854172871
AT5G42900.1,Intact,0.830675290146182,0.832055069729325,176.606884971169,173.819823745666
AT5G42980.1,3'_truncated,0.00454245010236038,0.00498105040291498,1.82412431901883,1.60037959921257
AT5G42980.1,5'_truncated,0.0386772410965126,0.0504131314606599,16.5965741441437,16.6261470364481
AT5G42980.1,Both_truncated,0.00051521946662371,0.000371747211895911,0.229672794290318,0.116633323143469
AT5G42980.1,Intact,0.956436829156711,0.944481902399126,408.569799702634,308.824856423178
AT5G43700.1,3'_truncated,0.0641782855740119,0.0626582328364855,22.8312110435577,15.589475542051
AT5G43700.1,5'_truncated,0.133066851425085,0.141729394804061,49.2401929513549,35.2300885494264
AT5G43700.1,Both_truncated,0.00208206217321103,0.000875621445526675,0.891395454075437,0.218340343836125
AT5G43700.1,Intact,0.800672800827693,0.794736750913927,289.949738917015,199.449846539571
AT5G43750.1,3'_truncated,0.0274000977979418,0.0207317818975879,5.32712843559027,3.74952326346285
AT5G43750.1,5'_truncated,0.10792365574751,0.0902116432624286,20.2788340131377,16.3052899659129
AT5G43750.1,Both_truncated,0.00282415138364186,0.00256871004892122,0.582701420177536,0.462160150610626
AT5G43750.1,Intact,0.861852095070907,0.886487864791062,163.415872429728,160.626273152207
AT5G43850.1,3'_truncated,0.0127833516159198,0.0159941453453996,1.4531970841141,1.8869539381333
AT5G43850.1,5'_truncated,0.108031068950157,0.112517130025554,12.5765188584471,12.9332725917634
AT5G43850.1,Both_truncated,0.00677741918417015,0.00177188427706026,0.694003455308218,0.204266438796707
AT5G43850.1,Intact,0.87466729997781,0.870307468444339,101.097180853993,100.331006556989
AT5G44020.1,3'_truncated,0.0384374500724642,0.0379038149296415,18.1375028222571,18.2357286089549
AT5G44020.1,5'_truncated,0.175727626541866,0.180187050792433,82.8591446909791,86.7162517721252
AT5G44020.1,Both_truncated,0.00411705732392966,0.00395117661531699,2.01725310841153,1.91510174821214
AT5G44020.1,Intact,0.78171786606174,0.777957957662608,371.022985076598,373.225115098098
AT5G44340.1,3'_truncated,0.0725359953279513,0.0464191964032334,13.3729731040536,10.9110480043428
AT5G44340.1,5'_truncated,0.310139928289779,0.290387875015038,61.0125394867229,67.3493677521665
AT5G44340.1,Both_truncated,0.0133238575262827,0.00985327028798574,2.60302707991119,2.30693547403977
AT5G44340.1,Intact,0.604000218855987,0.653339658293743,143.655318505104,154.419506797292
AT5G44580.1,3'_truncated,0.0112098896501506,0.00609418386238944,0.892255194189469,0.958967710207823
AT5G44580.1,5'_truncated,0.114041284365419,0.124842589067916,15.9262498413241,19.6164051983864
AT5G44580.1,Both_truncated,0.00398163784614233,0.00180067547676505,0.347150559910658,0.28422557216369
AT5G44580.1,Intact,0.870767188138288,0.86726255159293,121.887015625705,136.335412179022
AT5G44680.1,3'_truncated,0.110893866689862,0.0994223608338369,49.8100177882993,41.7424593645231
AT5G44680.1,5'_truncated,0.155969170494135,0.156456412818885,70.3569036596843,69.8954319466702
AT5G44680.1,Both_truncated,0.0053835294479537,0.00361124757936055,2.50852403858653,1.80707193242651
AT5G44680.1,Intact,0.727753433368049,0.740509978767917,335.742079016595,331.692675173694
AT5G44720.1,3'_truncated,0.0537679188909638,0.0575435785589474,9.41395812354112,9.55544028547068
AT5G44720.1,5'_truncated,0.149766020276756,0.162169626952231,27.1970305646456,27.0065378904527
AT5G44720.1,Both_truncated,0.00730185281416304,0.00635025966025962,1.29323945820394,1.04130723199423
AT5G44720.1,Intact,0.789164208018118,0.773936534828562,138.927097854729,129.622863191815
AT5G45010.1,3'_truncated,0.00426411901548602,0.00739890224002374,0.429437391727441,0.58913580318081
AT5G45010.1,5'_truncated,0.00788960743601279,0.00836819462987687,0.746828587041453,0.687786841857402
AT5G45010.1,Intact,0.987846273548501,0.9842329031301,98.4953504589125,79.4272904691309
AT5G45350.1,3'_truncated,0.00785362184034843,0.00597489490771651,0.814746813137758,0.571330322528689
AT5G45350.1,5'_truncated,0.0859743685569355,0.0677944218908317,6.71852747245246,7.0181743280948
AT5G45350.1,Both_truncated,0.0009765625,0,0.11189736415688,0
AT5G45350.1,Intact,0.905846488769383,0.926230683201452,82.0348483110785,93.7694005751924
AT5G45680.1,3'_truncated,0.012959129984371,0.0118903772279771,7.82363193113585,5.86810229638507
AT5G45680.1,5'_truncated,0.245490565236577,0.242058630967591,149.700678440719,120.830956393659
AT5G45680.1,Both_truncated,0.00923876813624174,0.00680793716194519,5.9058091470706,3.40517081937422
AT5G45680.1,Intact,0.73231153664281,0.739243054642487,440.551210070437,368.985820323585
AT5G45750.1,3'_truncated,0.0451086550494394,0.0506004495868275,6.06044815702528,6.04206284649607
AT5G45750.1,5'_truncated,0.0759531390502431,0.0674345806456421,10.3564259756965,8.23624175515745
AT5G45750.1,Both_truncated,0.00130094008025145,0.00312174817898023,0.169805401560839,0.296483527474041
AT5G45750.1,Intact,0.878070912513483,0.880924387041204,117.629484204129,107.546200083735
AT5G45775.2,3'_truncated,0.0107408183475349,0.0113420531972718,10.3504100326686,9.48269037185416
AT5G45775.2,5'_truncated,0.0484076114985333,0.0467145786800345,49.3239174174421,39.7486888323962
AT5G45775.2,Both_truncated,0.000290421023520852,0.000128584287000129,0.267476201861236,0.0988278424913471
AT5G45775.2,Intact,0.940561149130411,0.941900506693694,927.26980862606,797.820754468432
AT5G45930.1,3'_truncated,0.0268987674794868,0.0272333178557801,3.9025468922308,3.79050494629411
AT5G45930.1,5'_truncated,0.200861166079958,0.178853746145041,29.4139572276534,24.1878685543649
AT5G45930.1,Both_truncated,0.00317629920399188,0.00322993361777131,0.456584282556728,0.429217536446844
AT5G45930.1,Intact,0.769063767236564,0.790683002381408,109.594235184526,108.923223672621
AT5G46020.1,3'_truncated,0.0266074523111425,0.0279722092737116,11.4032650160048,10.5667295875002
AT5G46020.1,5'_truncated,0.0447643148939234,0.0518549303603956,19.1370371051096,19.5924992324538
AT5G46020.1,Both_truncated,0.000740826891392246,0.00137589647156308,0.307238964757672,0.493751577581132
AT5G46020.1,Intact,0.927887405903542,0.91879696389433,396.313892854448,347.422385170008
AT5G46420.1,3'_truncated,0.108751364012424,0.107106641179461,20.0265174124901,17.0252508197672
AT5G46420.1,5'_truncated,0.190475074419834,0.215836736641872,35.1021938233008,33.376163017276
AT5G46420.1,Both_truncated,0.0188604798881069,0.0183836300811645,3.53478062590926,2.80914778241007
AT5G46420.1,Intact,0.681913081679635,0.658672992097503,124.158054358092,105.097823095274
AT5G46430.1,3'_truncated,0.00713806337936673,0.0059879927703407,3.25202924400314,2.43219485303545
AT5G46430.1,5'_truncated,0.047052737576626,0.0509419674725347,21.5731485505628,20.7069325341885
AT5G46430.1,Both_truncated,0.00801483940757146,0.0059162726145789,3.62436996499741,2.40365940808101
AT5G46430.1,Intact,0.937794359636436,0.937153767142546,424.856210529246,380.90192647625
AT5G46860.1,3'_truncated,0.086513499737341,0.0749149008628681,9.35250457501269,8.58965339597171
AT5G46860.1,5'_truncated,0.0835144778827706,0.0855245426119662,8.4829487388258,9.83245904346762
AT5G46860.1,Both_truncated,0.00189933523266857,0.00254987883441492,0.223794728313759,0.300503061807779
AT5G46860.1,Intact,0.829338910635666,0.837010677690751,92.8279825486628,97.2836918787092
AT5G47110.1,3'_truncated,0.0192383971885596,0.0288065342637853,3.66493205301239,4.8685860442194
AT5G47110.1,5'_truncated,0.19029838183431,0.201291751096252,36.48760793279,33.523120924608
AT5G47110.1,Both_truncated,0.00259623155319504,0.00154764817041749,0.458899091810989,0.255690127209249
AT5G47110.1,Intact,0.788732399941667,0.768354066469545,150.530957332049,129.531897834557
AT5G47190.1,3'_truncated,0.0159834833845973,0.0161770579778274,10.7218441793385,10.6590123250861
AT5G47190.1,5'_truncated,0.130286626847615,0.125032478800037,87.5423741742494,82.3064455049496
AT5G47190.1,Both_truncated,0.00101318472567593,0.00115705521324656,0.6722303442702,0.761135221410373
AT5G47190.1,Intact,0.852716705042112,0.857633408008889,571.151608129276,565.996440083417
AT5G47210.1,3'_truncated,0.0471484690235707,0.0336250855808163,14.7440208455928,11.7518429216474
AT5G47210.1,5'_truncated,0.274257322843483,0.200664696465182,74.9865828120363,69.528901509356
AT5G47210.1,Both_truncated,0.00344433538568571,0.00231027984211732,1.27248850032162,0.764014399611682
AT5G47210.1,Intact,0.675149872747261,0.763399938111885,257.02515580853,272.257145402921
AT5G47435.1,3'_truncated,0.0409701833365956,0.0293561792570145,7.8530936312194,5.57517594629269
AT5G47435.1,5'_truncated,0.0718030159310253,0.0569122022782378,13.8467258029397,10.7804404523145
AT5G47435.1,Both_truncated,0.0013963600502062,0.00282235464648092,0.287580831694278,0.553635996782847
AT5G47435.1,Intact,0.886295894032242,0.911850048700427,167.242879078744,173.858766491095
AT5G47700.1,3'_truncated,0.00507438639947123,0.00430937482459973,2.54180245127494,2.10508345090858
AT5G47700.1,5'_truncated,0.0391632250152132,0.0359379524046789,19.4873403039781,17.4115303526688
AT5G47700.1,Both_truncated,0.000386211391391999,0.000206526228831062,0.192877959089982,0.112049350119372
AT5G47700.1,Intact,0.955376177193924,0.959683830694444,472.287484317833,467.679712534159
AT5G47840.1,3'_truncated,0.0371908505753348,0.0352690027679384,5.26878069180922,5.30473632044738
AT5G47840.1,5'_truncated,0.177401137588691,0.154734833216786,25.2991231465296,23.4673451182372
AT5G47840.1,Both_truncated,0.0057116244243269,0.00637729340813751,0.809968362372687,0.953819298493367
AT5G47840.1,Intact,0.779696387411648,0.803618870607138,111.97866153308,122.391503190174
AT5G47890.1,3'_truncated,0.00572861634253955,0.00650777587703146,1.95893861805574,2.00450530759664
AT5G47890.1,5'_truncated,0.0270038993170958,0.0230889541307221,9.71264875913923,7.2481512038014
AT5G47890.1,Both_truncated,0.000908677873693776,0.000313676286072773,0.246413998680699,0.112049350119372
AT5G47890.1,Intact,0.9669645917158,0.970298711230222,350.138039360367,306.79111100111
AT5G47930.1,3'_truncated,0.00582233693579892,0.00885219683727147,0.64946224164671,0.843474743196783
AT5G47930.1,5'_truncated,0.0630737044600996,0.0599342558297782,7.43878258728029,5.70602835662795
AT5G47930.1,Both_truncated,0.00172280440572698,0,0.235327611882053,0
AT5G47930.1,Intact,0.929955422333617,0.93121354733295,110.134701249215,88.6973497634134
AT5G48300.1,3'_truncated,0.0322757126057703,0.0380624944409094,10.8557322314108,14.9203896786712
AT5G48300.1,5'_truncated,0.324355728835895,0.30144875236318,103.609478405819,115.789806901529
AT5G48300.1,Both_truncated,0.00897606441409778,0.00818419766263523,2.74397290080723,3.07289952678118
AT5G48300.1,Intact,0.634392494144237,0.652304555533275,218.047512379477,253.917009724248
AT5G48580.1,3'_truncated,0.0101074728389377,0.00596127403600517,2.05243308700982,0.985764333093383
AT5G48580.1,5'_truncated,0.112143559416184,0.120196221540918,21.3249818182288,19.9831811233973
AT5G48580.1,Both_truncated,0.000989901295986092,0.00198971721036479,0.229672794290318,0.345315996406309
AT5G48580.1,Intact,0.877089033547554,0.872516026282834,170.303098664491,145.604444677662
AT5G48760.1,3'_truncated,0.0149374958154791,0.0162880928177326,3.28018470720301,3.50361102698996
AT5G48760.1,5'_truncated,0.100435360603314,0.0925484212228457,21.7595421594447,19.6200596463389
AT5G48760.1,Both_truncated,0.00182402662777232,0.0026381088993712,0.390832033458135,0.500749966270748
AT5G48760.1,Intact,0.882803116953435,0.889404746693174,194.961219948565,190.997817370811
AT5G48810.1,3'_truncated,0.0177703390206754,0.0156162770620274,2.23803570039866,2.15604237678533
AT5G48810.1,5'_truncated,0.0678523416187628,0.0544893608417035,8.82823098625184,7.49506101983806
AT5G48810.1,Both_truncated,0.000872546604253921,0.000768639508070715,0.113856719482399,0.112049350119372
AT5G48810.1,Intact,0.913795621624392,0.929638148926912,116.956914612295,126.999400828947
AT5G49720.1,3'_truncated,0.0954384195782432,0.0770775584639559,11.8335508048316,12.630906077654
AT5G49720.1,5'_truncated,0.454762775948286,0.400013732389104,58.7307852052668,64.2527235913664
AT5G49720.1,Both_truncated,0.02550527770256,0.0168125328914841,2.81460559871707,2.7212267080358
AT5G49720.1,Intact,0.424293526770911,0.506096176255456,81.0962068982284,85.0884849187672
AT5G50250.1,3'_truncated,0.0227740071587559,0.0204753420192618,2.54249977834731,2.6009274581881
AT5G50250.1,5'_truncated,0.24011954120587,0.21947386907015,27.4737463308838,28.0888948597704
AT5G50250.1,Both_truncated,0.00236562793335419,0.00418778721935071,0.240759181088964,0.541266886566216
AT5G50250.1,Intact,0.735529366346471,0.755863001691238,83.0273354815895,96.4572684474999
AT5G50460.1,3'_truncated,0.00376843550497154,0.0031708190927346,0.622315350817423,0.375202628554027
AT5G50460.1,5'_truncated,0.034275978155524,0.0354794071432778,5.54192833797482,4.63155620065738
AT5G50460.1,Intact,0.961955586339505,0.961349773763988,156.548821094245,125.757511591735
AT5G50920.1,3'_truncated,0.129250216007708,0.113470241246091,53.6461173421295,52.918281097712
AT5G50920.1,5'_truncated,0.526808869524818,0.511934902907178,225.771384128263,233.918324804856
AT5G50920.1,Both_truncated,0.0414752259176058,0.0343456352183022,17.891535320346,15.5120218363451
AT5G50920.1,Intact,0.302465688549868,0.340249220628429,166.952306898525,162.818399576741
AT5G51110.1,3'_truncated,0.00971087176486061,0.00903292023464291,1.47697375910817,1.42418384283451
AT5G51110.1,5'_truncated,0.0962160955310858,0.0685192895152769,14.1844766232022,10.6460922515054
AT5G51110.1,Both_truncated,0.000919117647058824,0.000798084596967279,0.115816074807919,0.116633323143469
AT5G51110.1,Intact,0.893766660155034,0.922181762051091,142.76222514407,141.906187844071
AT5G51400.1,3'_truncated,0.0155564682272086,0.0149721716599171,1.94848872298631,1.81395916620984
AT5G51400.1,5'_truncated,0.110208414330179,0.104915635437283,14.4231000347912,12.8076370566438
AT5G51400.1,Both_truncated,0.0009000900090009,0.00164068908941756,0.11189736415688,0.224098700238744
AT5G51400.1,Intact,0.873935087439612,0.879565296539661,112.762671359829,106.815794409706
AT5G51970.1,3'_truncated,0.0503265104962183,0.0447469269269059,8.92427142212275,8.94603041581546
AT5G51970.1,5'_truncated,0.209374448340607,0.186043686844901,37.0338577879859,36.1364040176864
AT5G51970.1,Both_truncated,0.00496907764040209,0.00462796412340406,0.815193309907406,0.919525497136307
AT5G51970.1,Intact,0.735329963522772,0.76458142210479,138.278789630919,152.746647145318
AT5G52170.1,5'_truncated,1,1,53.2079858023753,58.6123573352354
AT5G52240.1,3'_truncated,0.0247904365327846,0.0274963761966383,5.53695422074283,5.90077083616324
AT5G52240.1,5'_truncated,0.0791058822970483,0.0938447447417824,17.7922515904859,20.1012111397319
AT5G52240.1,Both_truncated,0.00249735823500429,0.00259841531809859,0.582552587920986,0.557897983839816
AT5G52240.1,Intact,0.893606322935163,0.876060463743481,198.41554370472,187.429243563972
AT5G52310.1,3'_truncated,0.11708449773218,0.110740898942802,13.1048109181348,13.5145461300915
AT5G52310.1,5'_truncated,0.38716573742968,0.384739096810758,45.9184933690582,46.748321877891
AT5G52310.1,Both_truncated,0.0311857342663981,0.0128027804712608,3.36471760365314,1.66071730219836
AT5G52310.1,Intact,0.464564030571742,0.491717223775179,59.9529853704513,62.2755359161455
AT5G52650.1,3'_truncated,0.00861327225731968,0.0131580313728224,0.984545424306042,1.46384836571859
AT5G52650.1,5'_truncated,0.102082822321173,0.114753742522924,11.7108703898965,13.7083590845552
AT5G52650.1,Both_truncated,0.00211714890613973,0.00474898236092266,0.369620998021049,0.69179489743943
AT5G52650.1,Intact,0.888598189119461,0.870505231983946,112.507487796256,102.302170357175
AT5G52960.1,3'_truncated,0.0171000870476016,0.0155531449666436,2.03269070149808,1.79629646212638
AT5G52960.1,5'_truncated,0.041316152476728,0.0433361828498193,5.65602493255468,5.05427413819649
AT5G52960.1,Both_truncated,0.00404448938321537,0.000925069380203515,0.447589456627519,0.112049350119372
AT5G52960.1,Intact,0.940235597347932,0.940802315723469,120.762807683303,109.182942138481
AT5G52970.1,3'_truncated,0.0149691429772468,0.018077412976774,2.31337810445266,2.64403559796384
AT5G52970.1,5'_truncated,0.232299047393033,0.215187996279315,36.2534237244023,31.4611863083056
AT5G52970.1,Both_truncated,0.00147019435848824,0.0030201813703249,0.231483317359289,0.439736669688315
AT5G52970.1,Intact,0.751261615271232,0.763714409373586,115.629976009129,111.616077586331
AT5G53160.2,3'_truncated,0.0430833676951206,0.0561125813360358,8.29325890988922,10.2217446502291
AT5G53160.2,5'_truncated,0.0890446438496326,0.0809315187708454,17.737753812735,14.0567995264788
AT5G53160.2,Both_truncated,0.000955915577032156,0.00219058050383352,0.173500863827055,0.466533292573875
AT5G53160.2,Intact,0.867234711403892,0.862225706391841,169.111320877615,155.154905368935
AT5G53450.2,3'_truncated,0.466355390465557,0.474688301588961,75.0258831945311,64.6477065766316
AT5G53450.2,5'_truncated,0.159249165335549,0.116496847297861,25.7303684357462,15.6752476109864
AT5G53450.2,Both_truncated,0.0170502203300684,0.0166780159080544,2.84190132180291,2.1665615100268
AT5G53450.2,Intact,0.357345223868826,0.392136835205123,63.1510390757209,54.3428500296806
AT5G53490.4,3'_truncated,0.00178396038983798,0.00226244343891403,0.351069270561698,0.336148050358115
AT5G53490.4,5'_truncated,0.958484824211612,0.960348299848397,170.265918265479,144.568536565256
AT5G53490.4,Both_truncated,0.0242522936010113,0.0245909943360275,4.28362635769187,3.70908347082757
AT5G53490.4,Intact,0.015478921797539,0.014306558002604,2.75176348789893,2.15334000239878
AT5G53560.1,3'_truncated,0.00921160750176583,0.00990987587693485,7.74180517687382,7.63526965878798
AT5G53560.1,5'_truncated,0.0312116909115193,0.0365030768042661,26.6633647251667,28.1004796270678
AT5G53560.1,Both_truncated,0.000557913808226944,0.000387446726075165,0.513334915333557,0.336148050358115
AT5G53560.1,Intact,0.959204759047897,0.953457898410107,817.995312439222,728.396759427678
AT5G53880.1,3'_truncated,0.00556315818384194,0.00882910590243208,1.50109493282571,1.65979925587849
AT5G53880.1,5'_truncated,0.086155214784056,0.0817312397064846,21.9901302454944,14.9694488595744
AT5G53880.1,Both_truncated,0.000694817647541188,0.000551689455844777,0.169805401560839,0.105438596305359
AT5G53880.1,Intact,0.907818415267075,0.90907186142052,219.85879622311,166.349151612096
AT5G54270.1,3'_truncated,0.0166778789720887,0.0167980150553397,96.6952437643273,111.029792374662
AT5G54270.1,5'_truncated,0.0928274785100112,0.0886676953315705,554.501943300737,589.241733571484
AT5G54270.1,Both_truncated,0.000717435264769959,0.000718408752460509,4.1788690877647,4.79089854994927
AT5G54270.1,Intact,0.88977720725313,0.893815880860629,5225.24401413475,5908.33844091168
AT5G54390.1,3'_truncated,0.0511145874636444,0.0427105939413897,8.83238085456546,8.61715723411629
AT5G54390.1,5'_truncated,0.185846722333643,0.161018524679951,31.3369656139731,32.7486850713348
AT5G54390.1,Both_truncated,0.00259097329214408,0.00228863074387649,0.462817802462028,0.421931189036193
AT5G54390.1,Intact,0.760447716910568,0.793982250634783,138.51855161519,165.078576704765
AT5G54600.1,3'_truncated,0.0236257603022372,0.0203026467411471,22.4817479121632,17.3528634172597
AT5G54600.1,5'_truncated,0.0554043437602164,0.0527331169196742,53.6384772036086,45.037797893709
AT5G54600.1,Both_truncated,0.000731693640282175,0.00100035453610165,0.65192588315752,0.848092743466972
AT5G54600.1,Intact,0.920238202297264,0.925963881803077,879.71130292596,791.25049799769
AT5G54770.1,3'_truncated,0.0125828262496638,0.0115015784047827,16.9744480445815,16.3291959318455
AT5G54770.1,5'_truncated,0.337320868863832,0.310272830998971,442.905279682827,438.789965659571
AT5G54770.1,Both_truncated,0.00149837305822875,0.00166093866787487,1.98985538727952,2.33471819773738
AT5G54770.1,Intact,0.648597931828275,0.676564651928371,887.660423605345,964.105507148872
AT5G54940.2,3'_truncated,0.0397150050709661,0.0421609349186265,21.1595015802708,18.4531960034599
AT5G54940.2,5'_truncated,0.0226397222864933,0.031465975588961,12.009398612453,13.8032698834601
AT5G54940.2,Both_truncated,0.000193573364305072,0.000359875950097788,0.115816074807919,0.154852517551033
AT5G54940.2,Intact,0.937580748187772,0.926133172192347,496.318524991145,404.682923546826
AT5G55160.1,3'_truncated,0.00513956375605295,0.0051765233747125,0.582403755664437,0.515964227442595
AT5G55160.1,5'_truncated,0.0536014374515597,0.0480984073649175,6.3198225264966,4.79811684286774
AT5G55160.1,Both_truncated,0,0.00897867564534231,0,0.790622739930777
AT5G55160.1,Intact,0.941258998792387,0.943732177378589,110.760030974129,96.9683166043844
AT5G55190.1,3'_truncated,0.0168380225558248,0.0203220036956943,2.24109467093567,2.58693068080887
AT5G55190.1,5'_truncated,0.104817722135309,0.108045930602987,14.0441397121175,13.8137549894555
AT5G55190.1,Both_truncated,0.000859698475770901,0.00256960270907191,0.116973479435049,0.333268872156806
AT5G55190.1,Intact,0.877484556833095,0.869062462992247,120.729529957147,110.873346311509
AT5G55220.1,3'_truncated,0.112347714074656,0.121459596358495,21.5873954855969,23.125250837919
AT5G55220.1,5'_truncated,0.217092236423657,0.217747056355974,42.0334768918264,40.6604948412485
AT5G55220.1,Both_truncated,0.00808423553518611,0.0100910298773642,1.55578837704356,1.93670445338544
AT5G55220.1,Intact,0.6624758139665,0.650702317408167,128.627889290671,125.067401334743
AT5G56010.1,3'_truncated,0.0626949470609018,0.0576391433662909,9.34171018121978,9.54955063125111
AT5G56010.1,5'_truncated,0.402306352058074,0.35544807911285,54.26110218341,58.7797780006174
AT5G56010.1,Both_truncated,0.0156080926398573,0.013284528082521,1.94632274598859,2.15874475117189
AT5G56010.1,Intact,0.519390608241167,0.573628249438338,91.7280725782389,95.9643860464812
AT5G56670.1,3'_truncated,0.0126444387784483,0.0100370043943768,3.67306713882757,2.07902807052813
AT5G56670.1,5'_truncated,0.014010920208114,0.0110652365215897,4.10381076743869,2.34392017103167
AT5G56670.1,Intact,0.973344641013438,0.978897759084033,278.371930624871,204.985675590005
AT5G56710.1,3'_truncated,0.00751501398027644,0.00838476201188703,11.0425920097026,10.0822025317078
AT5G56710.1,5'_truncated,0.024814778682815,0.0267093705632439,37.9492482695518,32.0084449308296
AT5G56710.1,Both_truncated,0.000214866914544685,0.000174343092832113,0.309851438525032,0.212405183618751
AT5G56710.1,Intact,0.967455340422364,0.964731524332037,1457.85214992011,1154.12212241674
AT5G56940.1,3'_truncated,0.0157825944620273,0.0178967815487153,1.78798260226033,1.90088266102035
AT5G56940.1,5'_truncated,0.0358673364555463,0.0389635183723582,4.09352328541091,4.22437451025724
AT5G56940.1,Both_truncated,0.000983284169124877,0,0.11189736415688,0
AT5G56940.1,Intact,0.948022307692718,0.943139700078926,108.210237639592,101.219015349231
AT5G57040.1,3'_truncated,0.0125328644329537,0.0120398137696361,2.01061992594696,1.9352104896235
AT5G57040.1,5'_truncated,0.05062047548924,0.0487216992261261,8.16656611588237,8.16211769684423
AT5G57040.1,Both_truncated,0.000769822940723634,0.00249252243270189,0.11189736415688,0.494139212456736
AT5G57040.1,Intact,0.936590052430898,0.938407646193337,157.434740746473,152.861579758476
AT5G57290.1,3'_truncated,0.00622675003388032,0.00534349139463328,6.00691211743456,4.6659927785831
AT5G57290.1,5'_truncated,0.037996366955589,0.0394828483521285,36.7171888435441,34.5360240094647
AT5G57290.1,Both_truncated,0.000174631327324603,0.000330299916445927,0.171764756886359,0.288632741373031
AT5G57290.1,Intact,0.955660462125648,0.954843360336792,920.791178186674,834.851451298545
AT5G57560.1,3'_truncated,0.0535950360091994,0.0557624125344836,8.05950236632636,11.67679414943
AT5G57560.1,5'_truncated,0.124484257004297,0.142168370255449,26.0539267091914,31.7792289513069
AT5G57560.1,Both_truncated,0.00710275295771722,0.00303362946318306,0.884715437400489,0.556580823892632
AT5G57560.1,Intact,0.814817954028786,0.799035587746885,165.78863235982,169.790117264359
AT5G57630.1,3'_truncated,0.208351794543407,0.241473339635129,34.0834966654072,36.528307245414
AT5G57630.1,5'_truncated,0.228710830449828,0.236669423563803,37.6620244310191,35.5710040442076
AT5G57630.1,Both_truncated,0.0352341868360515,0.041954580762515,5.89852022058434,6.07948068436138
AT5G57630.1,Intact,0.527703188170714,0.479902656038553,84.3841301962395,73.4998018540013
AT5G57785.1,3'_truncated,0.00142726100914254,0.00086228207512743,0.154272600820676,0.105438596305359
AT5G57785.1,5'_truncated,0.0230379707731624,0.0275367345310011,2.69068769151924,3.23220784882698
AT5G57785.1,Intact,0.975534768217695,0.971888410752247,118.926115102046,113.852348499859
AT5G58330.1,3'_truncated,0.0236742501498667,0.0219709249725091,4.26795151508772,3.88473733700965
AT5G58330.1,5'_truncated,0.376326806306668,0.397977615472597,67.7797920701947,71.7320016493417
AT5G58330.1,Both_truncated,0.0113357385045288,0.00655271762477593,1.98714091546599,1.15203942216642
AT5G58330.1,Intact,0.588663205038937,0.573498741930118,107.175555855948,102.441895317706
AT5G58420.1,3'_truncated,0.0259131098465847,0.0265527647207934,8.48959550207548,7.80313598219382
AT5G58420.1,5'_truncated,0.0899972591491269,0.0938179975435653,29.568059085807,27.3820031146406
AT5G58420.1,Both_truncated,0.00130264826619497,0.00133307536714289,0.393600129874598,0.394923735089785
AT5G58420.1,Intact,0.883221198826825,0.878296162368498,290.14778477623,256.760382306811
AT5G58710.1,3'_truncated,0.0147083462409356,0.0162620135064564,3.32432625830524,3.83993588116283
AT5G58710.1,5'_truncated,0.0830100420926917,0.0784068873535549,19.8099428660417,18.27498253946
AT5G58710.1,Both_truncated,0.000651384182907167,0.00203379976446483,0.155578837704356,0.506514062049221
AT5G58710.1,Intact,0.901630227483465,0.903975232630346,209.834899885139,211.938494789149
AT5G59613.2,3'_truncated,0.00318442778887414,0.00389980854311483,1.80466601723507,1.96470948689561
AT5G59613.2,5'_truncated,0.0291720796513093,0.0281701085675436,17.784061340835,14.2697236427901
AT5G59613.2,Both_truncated,0.000165338900941106,0.000505050505050505,0.113856719482399,0.296483527474041
AT5G59613.2,Intact,0.967533266625856,0.967761732720991,620.014420311139,492.972339651412
AT5G59690.1,3'_truncated,0.00286197589366877,0.00113271782489924,0.803883674723936,0.31564019531944
AT5G59690.1,5'_truncated,0.0433847107724841,0.0428806274019346,11.5365909924762,11.5537363584643
AT5G59690.1,Intact,0.953753313333847,0.955986654773166,255.411124475097,258.530931770504
AT5G59850.1,3'_truncated,0.00375677341231605,0.00437924502909194,1.59424490305632,1.529944425107
AT5G59850.1,5'_truncated,0.036650937049696,0.0344435137237776,16.3325565753787,11.8423235938396
AT5G59850.1,Both_truncated,0.000361532899493854,0.000324569944823109,0.11189736415688,0.112049350119372
AT5G59850.1,Intact,0.95947177857149,0.961069051265523,420.735160955728,329.679859263532
AT5G59870.1,3'_truncated,0.00335825055050974,0.00329133387656379,0.909947181534789,0.685084467470848
AT5G59870.1,5'_truncated,0.0569164496157863,0.062985634629852,15.1066868484552,13.2063920435008
AT5G59870.1,Both_truncated,0,0.000464468183929401,0,0.0988278424913471
AT5G59870.1,Intact,0.939725299833704,0.933568208765608,248.506583887236,195.576273217442
AT5G59880.1,3'_truncated,0.0116155444640364,0.0108364180399838,4.63107458211563,3.82095601713219
AT5G59880.1,5'_truncated,0.0468571281932254,0.052170005491796,19.026107570968,18.7258933840667
AT5G59880.1,Both_truncated,0.000543382451094242,0.000759284005872024,0.173500863827055,0.273512621484417
AT5G59880.1,Intact,0.941165072375342,0.936487387130972,376.064884956006,332.785610392482
AT5G59890.1,3'_truncated,0.0108697166735609,0.0144510368146833,1.68231875800875,2.09779710349793
AT5G59890.1,5'_truncated,0.054955813794762,0.0568681243914366,8.95542544086415,8.38976250472196
AT5G59890.1,Both_truncated,0.00125432127488914,0.000664010624169987,0.232789554242969,0.112049350119372
AT5G59890.1,Intact,0.932920148256788,0.928459501919157,156.571042939823,133.534114553323
AT5G59910.1,3'_truncated,0.00617888324794682,0.00635745149467284,1.54186626809273,1.36711295292563
AT5G59910.1,5'_truncated,0.0779669295775045,0.0680447580933046,19.4549496336693,14.5482929402894
AT5G59910.1,Both_truncated,0,0.000542593597395551,0,0.116633323143469
AT5G59910.1,Intact,0.915854187174549,0.925416925879557,224.965011355859,198.128330815693
AT5G59970.1,3'_truncated,0.00248285121469489,0.00205867939137844,0.344686918399848,0.260097296418591
AT5G59970.1,5'_truncated,0.0673123238242361,0.0632728761254364,8.76102366801302,8.07694450285432
AT5G59970.1,Both_truncated,0.0016220600162206,0,0.223794728313759,0
AT5G59970.1,Intact,0.929664138288996,0.934668444483185,121.546219724016,118.478860635966
AT5G60360.1,3'_truncated,0.0604830122086969,0.0424198674080809,31.1342663422651,27.6683847688365
AT5G60360.1,5'_truncated,0.153993811906251,0.149967840737326,85.5616669857728,96.396398476653
AT5G60360.1,Both_truncated,0.004282096659862,0.00325026537387425,2.31177420305588,2.16023871493382
AT5G60360.1,Intact,0.781241079225191,0.804362026480719,458.941612619453,523.691739346872
AT5G60400.3,3'_truncated,0.00978044151376019,0.00963757105796507,0.939706546131435,0.74447009689068
AT5G60400.3,5'_truncated,0.0597841248812367,0.0421669494224073,6.62262753921268,3.33356126189013
AT5G60400.3,Intact,0.930435433605003,0.948195479519628,95.6243122631094,74.346716092247
AT5G60670.1,3'_truncated,0.00762711428298893,0.0046023030273254,2.52500345746892,1.22923053223837
AT5G60670.1,5'_truncated,0.0399055512405215,0.0469392295080643,13.1600664379535,12.4740030981058
AT5G60670.1,Both_truncated,0.000413223140495868,0.000601793006673475,0.11189736415688,0.157144504063081
AT5G60670.1,Intact,0.952329593429658,0.948057272126828,308.593853337474,251.321732433771
AT5G61020.1,3'_truncated,0.0951843236861685,0.0994210542590387,14.0662595596493,15.7758027967949
AT5G61020.1,5'_truncated,0.289027099095952,0.219201057976731,37.2221726354179,34.0197291318961
AT5G61020.1,Both_truncated,0.0183248712262088,0.00873304281070004,2.54220211383421,1.4255010027817
AT5G61020.1,Intact,0.59746370599167,0.67264484495353,92.2020966207632,107.438281912087
AT5G61170.1,3'_truncated,0.0102903919683875,0.0110329054152684,1.51543028512092,1.53911237115519
AT5G61170.1,5'_truncated,0.0826356977660426,0.087988864956267,11.8729668312342,12.1301063433849
AT5G61170.1,Both_truncated,0.000691562932226833,0.00130144395564981,0.12320699934035,0.179462569454969
AT5G61170.1,Intact,0.906843389288161,0.899676785672815,134.503015904646,125.192039161606
AT5G61310.2,3'_truncated,0.885207292707293,0.878379284775873,106.489763589853,94.1257463339123
AT5G61310.2,5'_truncated,0.00577006327006327,0.00287000372288219,0.695607356704997,0.322926542730091
AT5G61310.2,Intact,0.109022644022644,0.119707379408872,13.0761892855251,12.7817470013264
AT5G61650.1,3'_truncated,0,0.00293685756240822,0,0.197655684982694
AT5G61650.1,5'_truncated,0.996099619909932,0.99701543175517,98.9295155891001,83.5824978750916
AT5G61650.1,Intact,0.00390038009006839,0.00601684717208183,0.353384079815959,0.560246750596859
AT5G62300.1,3'_truncated,0.00633167668655861,0.00833467341354284,0.872201563379514,0.94404140775701
AT5G62300.1,5'_truncated,0.0434735484645508,0.0560635368380565,6.35823221829899,6.1675670837987
AT5G62300.1,Both_truncated,0,0.00153256704980843,0,0.197655684982694
AT5G62300.1,Intact,0.950194774848891,0.935090934065131,141.911811202296,100.460204710047
AT5G62350.1,3'_truncated,0.0220745245759386,0.0165272438709485,2.37561130545949,2.16595156533864
AT5G62350.1,5'_truncated,0.108537369460906,0.136775729753188,11.7651037565596,17.5079916910761
AT5G62350.1,Both_truncated,0.000925069380203515,0.00188197994313176,0.11189736415688,0.226390686750792
AT5G62350.1,Intact,0.869079749503088,0.845442373080442,98.7633689746482,110.403061929802
AT5G62360.1,3'_truncated,0.0119491739096362,0.015066106028215,1.70468719807297,2.39505590072318
AT5G62360.1,5'_truncated,0.0824865562863764,0.101383381067082,11.9442552731657,15.5576843537623
AT5G62360.1,Both_truncated,0,0.00274363003743173,0,0.381314592586156
AT5G62360.1,Intact,0.905564269803988,0.880806882867272,131.480600203366,135.952939304348
AT5G62790.1,3'_truncated,0.0572352762689931,0.0482629273415331,8.51082011829768,7.23376679154657
AT5G62790.1,5'_truncated,0.320856101456039,0.323806099607012,47.0298480068978,48.5265396029977
AT5G62790.1,Both_truncated,0.00938172823345784,0.0104114362417419,1.35406442428092,1.58641684907943
AT5G62790.1,Intact,0.61252689404151,0.617519536809713,91.5735191263188,92.8093567905757
AT5G63150.1,3'_truncated,0.00585632185274149,0.00272410559098949,0.612014288004534,0.257218118217281
AT5G63150.1,5'_truncated,0.0420349381325192,0.046796000880578,4.98319925925828,4.46410672820582
AT5G63150.1,Both_truncated,0,0.0010351966873706,0,0.112049350119372
AT5G63150.1,Intact,0.952108740014739,0.950134827965976,109.475758339589,91.2170757905216
AT5G63670.2,3'_truncated,0.0075680342247081,0.00729134450522864,1.1463577819157,0.996140689766191
AT5G63670.2,5'_truncated,0.050575499234874,0.0570137742139402,7.95629383396017,7.85470485275873
AT5G63670.2,Both_truncated,0.00109142885180633,0,0.177419574478094,0
AT5G63670.2,Intact,0.94112884730588,0.935694881280831,145.864645239576,129.489437848493
AT5G64040.1,3'_truncated,0.0168597588192559,0.0162940267695933,85.8319913836911,82.48217327519
AT5G64040.1,5'_truncated,0.0464075390768994,0.0471583462582243,239.012876504094,239.020101826575
AT5G64040.1,Both_truncated,0.000553559609561051,0.000498577095005075,2.80781000321084,2.47374097455707
AT5G64040.1,Intact,0.936179142494284,0.936049049877177,4852.02376890726,4727.0507350312
AT5G64130.1,3'_truncated,0.0223957813485827,0.0257314504316338,4.12760102321787,4.63631697749623
AT5G64130.1,5'_truncated,0.0335574110394077,0.0268773406381885,6.06291179853609,4.81268953768904
AT5G64130.1,Both_truncated,0.000597014925373134,0.000650195058517555,0.12320699934035,0.112049350119372
AT5G64130.1,Intact,0.943847802636885,0.947174477244005,178.942323259768,170.449476821771
AT5G64140.1,3'_truncated,0.00429627352892407,0.0023819557976016,0.576170235759137,0.245347797782534
AT5G64140.1,5'_truncated,0.0269340862246369,0.038439032041962,3.57163325052524,3.6673605454912
AT5G64140.1,Intact,0.968769640246439,0.959179012160437,135.219846569584,95.4440385170381
AT5G64350.1,3'_truncated,0.00350567482977734,0.00357143062437747,1.11720732713036,1.11984952925946
AT5G64350.1,5'_truncated,0.0335279730931446,0.0263693748087679,10.2456527627415,8.59859903220734
AT5G64350.1,Intact,0.962966352077078,0.970059194566855,308.989574462499,316.158145787077
AT5G64770.1,3'_truncated,0.00354711742991997,0.00450268865483104,0.818814356045346,0.982354743447807
AT5G64770.1,5'_truncated,0.0517002610985764,0.055879159354826,16.087324905125,13.1448795481275
AT5G64770.1,Intact,0.944752621471503,0.939618151990343,280.166781445353,216.34758012864
AT5G65010.1,3'_truncated,0.126694366335317,0.1355882833275,15.7946630177209,17.4393992771946
AT5G65010.1,5'_truncated,0.31596753739507,0.316053482276229,38.6492571655685,40.2736212445688
AT5G65010.1,Both_truncated,0.0281336010004385,0.0216687906016221,3.46105570403715,2.77350279385973
AT5G65010.1,Intact,0.529204495269174,0.526689443794649,65.7835723870792,67.8504544869808
AT5G65220.1,3'_truncated,0.010416745460768,0.00956052840026903,14.499762256514,13.1634832560342
AT5G65220.1,5'_truncated,0.0468728472531206,0.0467484317900474,67.026720171471,64.5325393198858
AT5G65220.1,Both_truncated,0.000482547310624658,0.000297383481071321,0.690680073683376,0.403738073508468
AT5G65220.1,Intact,0.942227859975487,0.943393656328612,1296.52084720182,1293.57050002448
AT5G65310.1,3'_truncated,0.0983249343941789,0.0935520425102564,14.5925677280211,14.7796846555231
AT5G65310.1,5'_truncated,0.290548982970479,0.262872284329321,42.9374632290927,41.1935180866616
AT5G65310.1,Both_truncated,0.00670494215434446,0.00891028214307325,1.00545879523003,1.36846414011891
AT5G65310.1,Intact,0.604421140480998,0.63466539101735,91.6898110972369,103.35474998137
AT5G65430.1,3'_truncated,0.0382299187721315,0.0353820097970129,7.36526166150053,6.64118737147409
AT5G65430.1,5'_truncated,0.160975246915538,0.128296965033037,30.6542446322781,23.9967239470416
AT5G65430.1,Both_truncated,0.00180290520213614,0.00353537531937046,0.349614201421469,0.650613862299034
AT5G65430.1,Intact,0.798991929110194,0.83278564985058,154.064992115285,156.616579097276
AT5G65480.1,3'_truncated,0.0604976181221141,0.0520065892507912,8.31369862247334,7.12327945968132
AT5G65480.1,5'_truncated,0.11232816119462,0.099849756739252,15.388051905842,13.810676049936
AT5G65480.1,Both_truncated,0.0017286084701815,0.00085995085995086,0.223794728313759,0.11434133663142
AT5G65480.1,Intact,0.826598017859872,0.847570353436656,112.496749211765,116.042104358401
AT5G65670.1,3'_truncated,0.0284310945493105,0.0318629806714585,8.26791158692364,8.39440972107082
AT5G65670.1,5'_truncated,0.176159313834871,0.182558506818644,52.1739017396902,48.6685277588469
AT5G65670.1,Both_truncated,0.00440446759556769,0.0042547861514383,1.35775309615458,1.13768903715768
AT5G65670.1,Intact,0.79247327988544,0.781323726358459,228.564693506911,210.802424474679
AT5G66190.1,3'_truncated,0.0287582076566112,0.0268553422081359,31.9208870915436,31.8604376793608
AT5G66190.1,5'_truncated,0.175534554062907,0.154578577464194,182.231998515813,182.856734857006
AT5G66190.1,Both_truncated,0.00293187580388476,0.00225355306538861,3.2163476047994,2.7141171644399
AT5G66190.1,Intact,0.792775362476597,0.816312527262282,948.163019721851,985.302099817867
AT5G66530.1,3'_truncated,0.0441404873694468,0.0341266761062584,5.83871740766306,4.18367838056331
AT5G66530.1,5'_truncated,0.282582805157058,0.275460359932741,37.3598993105056,33.3326676516337
AT5G66530.1,Both_truncated,0.00203720069861192,0.00301903070660529,0.269939843372046,0.366388290135344
AT5G66530.1,Intact,0.671239506774884,0.687393933254396,88.7019839646902,83.9181771212941
AT5G66570.1,3'_truncated,0.0184793605764084,0.0138881403760439,17.4020390342349,17.4936360858909
AT5G66570.1,5'_truncated,0.162974433827619,0.144940449352124,149.194952831475,178.799766670316
AT5G66570.1,Both_truncated,0.00292180934470942,0.00149491904675412,2.02715450866515,1.80667281879919
AT5G66570.1,Intact,0.815624396251263,0.839676491225079,1117.90490519268,1086.19384251781
AT5G67260.1,3'_truncated,0.0589167814968541,0.0556852480965717,9.88918780197795,8.18333317615097
AT5G67260.1,5'_truncated,0.108334537072901,0.116550129414382,17.8284401414548,16.4993596664443
AT5G67260.1,Both_truncated,0.0042025186441239,0.00327003762494074,0.698219830472356,0.527834547877343
AT5G67260.1,Intact,0.828546162786121,0.824494584864106,133.880703437065,122.027780890066
AT5G67300.1,3'_truncated,0.0633351772168874,0.0495094651646719,6.19688826786951,10.0632452161715
AT5G67300.1,5'_truncated,0.117538648673861,0.0956883429791832,15.4243197688276,19.3277428319256
AT5G67300.1,Both_truncated,0.00159636222910217,0.00203967304103181,0.296707863167404,0.47594609692901
AT5G67300.1,Intact,0.818061932623183,0.852762518815113,112.669887839799,168.713011518395
AT5G67370.1,3'_truncated,0.130321979810511,0.0959690083730543,16.8044431995505,13.8371601690315
AT5G67370.1,5'_truncated,0.158045080059459,0.161880465003538,21.0177919254518,22.7449793308944
AT5G67370.1,Both_truncated,0.017684959579948,0.014101195195333,2.2811550983452,1.79362811498592
AT5G67370.1,Intact,0.693947980550082,0.728049331428075,93.9242839287227,103.503358433145
AT5G67480.1,3'_truncated,0.161760307501118,0.186222076869209,21.6701061281539,25.0105047923969
AT5G67480.1,5'_truncated,0.145172894955341,0.134251446457592,17.9320369933655,18.2072046427522
AT5G67480.1,Both_truncated,0.0113916114309963,0.00883237097054524,1.46852742799478,1.15165178729082
AT5G67480.1,Intact,0.681675186112546,0.670694105702654,96.9513454164588,89.1276846984893
AT5G67510.1,3'_truncated,0.00375524220508176,0.00545401837667534,0.77759652400868,1.10204404860734
AT5G67510.1,5'_truncated,0.0540149006874707,0.0399355023829837,11.3336076370403,8.07158526007901
AT5G67510.1,Intact,0.942229857107448,0.954610479240341,196.610077586748,192.373057320956
AT5G67590.1,3'_truncated,0.00886767492695072,0.00995126605927155,3.39254214891464,3.73761891578201
AT5G67590.1,5'_truncated,0.0568907808602596,0.0498438833608297,22.9119627185987,18.998402891116
AT5G67590.1,Both_truncated,0.00091965181369107,0.00108000847159848,0.403396906502197,0.404214110291449
AT5G67590.1,Intact,0.933628443003662,0.939484844932167,365.461297368479,357.011581231096
ATCG00020.1,3'_truncated,0.00547924816879383,0.00538974944681968,609.529551695823,679.816774198398
ATCG00020.1,5'_truncated,0.863170011320104,0.856925967386847,95276.7033183001,108499.614105232
ATCG00020.1,Both_truncated,0.0229483879261995,0.0211112551918121,2559.20031466343,2663.21571684052
ATCG00020.1,Intact,0.108402352584903,0.116573027974522,11828.8661764365,14667.4920858652
ATCG00040.1,3'_truncated,0.14701285445476,0.149608439930975,68.3417305029426,61.7642371113227
ATCG00040.1,5'_truncated,0.175768291609665,0.158915456205452,80.3160012221673,66.1020580738994
ATCG00040.1,Both_truncated,0.669759566547045,0.680377660848887,305.418966865017,282.987861652423
ATCG00040.1,Intact,0.00745928738852988,0.0110984430146861,3.07774984658288,4.63095773472092
ATCG00050.1,3'_truncated,0.214728363746423,0.210580535300809,32.9568426993419,26.4521352880776
ATCG00050.1,5'_truncated,0.30218411960241,0.311443183682456,43.3671982853333,39.2715909005831
ATCG00050.1,Both_truncated,0.254494443012807,0.23909967034648,39.0245526212832,30.3324473095419
ATCG00050.1,Intact,0.228593073638361,0.238876610670255,32.7089622885062,29.9051754330754
ATCG00080.1,3'_truncated,0.0235402879074583,0.0265923848237784,17.6903961292138,18.2757123032134
ATCG00080.1,5'_truncated,0.00802648436254175,0.00874596200768907,5.77063676852509,6.16145511976657
ATCG00080.1,Intact,0.96843322773,0.964661653168532,732.839462035834,663.026212473487
ATCG00130.1,3'_truncated,0.0172301437427296,0.0169484258527883,9.00491886134711,7.90963780697142
ATCG00130.1,5'_truncated,0.585239299325534,0.581173576664567,287.265094216997,273.772990771459
ATCG00130.1,Both_truncated,0.293748007620548,0.296170627732621,153.395381976961,141.458919619591
ATCG00130.1,Intact,0.103782549311189,0.105707369750024,52.6308471802212,49.5819519526847
ATCG00170.1,3'_truncated,0.0103691622726018,0.0112182932613874,1.60133816307565,1.68733712126917
ATCG00170.1,5'_truncated,0.0689465993007746,0.0691981507331648,11.6315269497854,10.5746144008473
ATCG00170.1,Both_truncated,0.920684238426623,0.919583556005448,155.617641523242,140.427651964261
ATCG00180.1,3'_truncated,0.0486840478524701,0.0454789106794627,9.32689284095927,8.12436920885283
ATCG00180.1,5'_truncated,0.124151922131042,0.150671820105514,22.8264567409736,26.882806502465
ATCG00180.1,Both_truncated,0.825317945407989,0.802050436087899,156.291252940872,142.786367548936
ATCG00180.1,Intact,0.00184608460849846,0.00179883312712444,0.311008843152162,0.336324854172871
ATCG00190.1,3'_truncated,0.0732610152912795,0.0560395028036677,10.9053140691549,8.17208387014705
ATCG00190.1,5'_truncated,0.0306648424136476,0.030386991005025,4.28072980019652,4.4217513096869
ATCG00190.1,Both_truncated,0.896074142295073,0.913573506191307,134.556454445741,133.196085942727
ATCG00220.1,3'_truncated,0.00792293785157644,0.0080278328428361,4.84435067073904,4.35400703121617
ATCG00220.1,5'_truncated,0.118727213053038,0.110002566914829,62.8744683116646,59.378484856623
ATCG00220.1,Intact,0.873349849095385,0.881969600242335,477.988606182684,472.255503617791
ATCG00270.1,3'_truncated,0.098395560188634,0.106534875951491,14.0883500078406,14.8986149808506
ATCG00270.1,5'_truncated,0.0947045374487801,0.0923447365942306,13.5570186502561,13.0562401887515
ATCG00270.1,Both_truncated,0.798956507149572,0.796003780863057,114.415444476034,113.703272939899
ATCG00270.1,Intact,0.00794339521301379,0.005116606591221,1.15088540237804,0.698305975098873
ATCG00280.1,3'_truncated,0.0344749092564151,0.0311968681946746,23.9604517188952,23.8735114917466
ATCG00280.1,5'_truncated,0.79031306538989,0.794952082618286,577.317100995784,618.879618417771
ATCG00280.1,Both_truncated,0.116325797275356,0.1072911666526,81.1364601328784,82.5141819621239
ATCG00280.1,Intact,0.058886228078339,0.0665598825344396,50.602072021822,51.728535610108
ATCG00300.1,3'_truncated,0.00655563379754343,0.00486369873086714,2.04052812280015,1.35197581941397
ATCG00300.1,5'_truncated,0.054619331805715,0.0488078242771997,18.0710426786903,13.941426378533
ATCG00300.1,Both_truncated,0.000512075502802506,0.000544941337555787,0.117552181748615,0.157144504063081
ATCG00300.1,Intact,0.938483650728207,0.945965182766896,325.454319910772,270.58979178637
ATCG00330.1,3'_truncated,0.00638748809847701,0.00766845167214646,9.5616443761076,11.4006598195159
ATCG00330.1,5'_truncated,0.153288540242634,0.150957508838327,218.475861780674,224.406727294017
ATCG00330.1,Both_truncated,0.000570392887689403,0.000619860993324275,0.775281714754419,0.940597790865342
ATCG00330.1,Intact,0.8397535787712,0.840754178496202,1240.33843114216,1272.80881119356
ATCG00340.1,3'_truncated,0.143873573818412,0.144958840133552,18.872446117729,20.8688348903073
ATCG00340.1,5'_truncated,0.170655976250933,0.155818438105641,22.5219020079935,21.562522456127
ATCG00340.1,Both_truncated,0.684921753085662,0.696993377626145,90.0933081650764,99.3253566103149
ATCG00340.1,Intact,0.00164609053497942,0.00334401620199399,0.223794728313759,0.439825071595692
ATCG00350.1,3'_truncated,0.264462033866013,0.238632250282987,67.9343010798376,71.7892848177193
ATCG00350.1,5'_truncated,0.0747850410048505,0.083035580130852,20.7975049022151,25.5196905353787
ATCG00350.1,Both_truncated,0.657310758959026,0.674980051983302,179.770622824409,205.47975020867
ATCG00350.1,Intact,0.00516324925516705,0.00335211760285888,1.58978186240217,0.991699493310756
ATCG00420.1,3'_truncated,0.0160115705658534,0.0128600030007948,3.92939611854699,3.92148865444632
ATCG00420.1,5'_truncated,0.444677123471181,0.430960536131727,109.235880622324,135.11038638024
ATCG00420.1,Both_truncated,0.0106009718849468,0.00595512079106107,2.52626286014222,1.90436030515811
ATCG00420.1,Intact,0.528710334078019,0.550224340076417,130.831823661461,170.804061807565
ATCG00470.1,3'_truncated,0.00863763876729853,0.00884999368080436,11.1692493125138,10.9021589438476
ATCG00470.1,5'_truncated,0.319672831335328,0.300531570177206,400.842028549388,371.676556676354
ATCG00470.1,Both_truncated,0.0020109441270532,0.00159975514471555,2.62236980286366,1.96776546891168
ATCG00470.1,Intact,0.66967858577032,0.689018680997275,837.697543543865,845.389114391433
ATCG00480.1,3'_truncated,0.0798939553207693,0.0770457372290613,13.1460174071567,13.6633127704014
ATCG00480.1,5'_truncated,0.165578817505757,0.157807102167184,28.0688263736108,28.1120543630213
ATCG00480.1,Both_truncated,0.750098850852052,0.758554946537648,125.577637636038,133.996789454849
ATCG00480.1,Intact,0.00442837632142177,0.00659221406610666,0.741752471763283,1.11050477939651
ATCG00490.1,3'_truncated,0.00888578177581565,0.00870316278854893,317.07680051281,379.433731229896
ATCG00490.1,5'_truncated,0.845464029851368,0.829418597955716,30070.8745751295,36240.421942874
ATCG00490.1,Both_truncated,0.0237172158396552,0.0232315287710316,840.295727718311,1015.62064857259
ATCG00490.1,Intact,0.121932972533161,0.138646710484704,4558.73404931646,6034.3755319432
ATCG00510.1,3'_truncated,0.00567596464525992,0.00752709175460927,4.45553578202207,4.73147889328335
ATCG00510.1,5'_truncated,0.0156716907249004,0.0152781483645075,10.7710950991442,9.47678923888288
ATCG00510.1,Intact,0.97865234462984,0.977194759880883,708.963720515204,606.513631960728
ATCG00540.1,3'_truncated,0.078120216154795,0.085184081716763,11.7604522276405,13.1278837734817
ATCG00540.1,5'_truncated,0.274353215416526,0.316204005692001,41.6474451544675,48.6514516329391
ATCG00540.1,Both_truncated,0.615874544662441,0.570416549265905,90.9670070911894,87.7582044234616
ATCG00540.1,Intact,0.0316520237662388,0.0281953633253311,4.27911231801464,4.32252435356824
ATCG00550.1,3'_truncated,0.00285411025776043,0.00354248955452062,0.273858554023085,0.352989978692564
ATCG00550.1,5'_truncated,0.204960337649391,0.228054139350823,20.4250100327282,21.9428279903976
ATCG00550.1,Intact,0.792185552092849,0.768403371094657,78.0783045500932,74.5149404254407
ATCG00630.1,3'_truncated,0.00728935391086728,0.00716596190090826,6.92545446233929,6.56937805267182
ATCG00630.1,5'_truncated,0.0179801399265753,0.0178452112708895,17.1831194384963,15.2103894881476
ATCG00630.1,Both_truncated,0.000108169035107895,0.000150647785477553,0.113856719482399,0.112049350119372
ATCG00630.1,Intact,0.974658393472486,0.97493861089971,916.179176867446,857.838508648887
ATCG00670.1,3'_truncated,0.00507043115624357,0.00530168384215214,7.42511130863219,8.33086178074859
ATCG00670.1,5'_truncated,0.744810508299195,0.774063574074564,1068.62555645035,1213.68850532775
ATCG00670.1,Both_truncated,0.218603863146505,0.183962250386592,320.210317237703,289.237929401293
ATCG00670.1,Intact,0.0315151973980563,0.0366724916966922,44.737079517001,57.6185706324027
ATCG00680.1,3'_truncated,0.081134107278433,0.0966024593659698,26.1441188011594,35.8783421662167
ATCG00680.1,5'_truncated,0.347329178960775,0.312848917420942,111.82414273166,116.411487243645
ATCG00680.1,Both_truncated,0.558078531105508,0.575616594863851,179.749766103482,214.233217625248
ATCG00680.1,Intact,0.0134581826552841,0.0149320283492378,4.32636800348968,5.59194982013495
ATCG00700.1,3'_truncated,0.00486460456550187,0.00573523038902996,2.119193908479,1.91989655229708
ATCG00700.1,5'_truncated,0.0256703404532644,0.0257100608545042,10.8921497022719,8.55045604120713
ATCG00700.1,Both_truncated,0.000585824727037453,0.00107114243669121,0.266169964977556,0.27377782720655
ATCG00700.1,Intact,0.968879230254196,0.967840613798672,419.946988235767,315.202364029164
ATCG00710.1,3'_truncated,0.0150678702965544,0.0169874867238299,1.87288190784447,2.05219742039648
ATCG00710.1,5'_truncated,0.0936372859297892,0.0813309036859705,12.1158337795575,9.75405952277105
ATCG00710.1,Both_truncated,0.00289435600578871,0.000944287063267233,0.246413998680699,0.112049350119372
ATCG00710.1,Intact,0.890330058438394,0.901366847235777,126.048516398382,109.65370938059
ATCG00720.1,3'_truncated,0.0848473572517844,0.0781705087055638,55.0819821347211,53.0996052630517
ATCG00720.1,5'_truncated,0.291213604083681,0.322963235791063,186.148695661268,220.061581963634
ATCG00720.1,Both_truncated,0.143658562827649,0.120900670377092,93.3332286029404,82.2014253471641
ATCG00720.1,Intact,0.480280475836886,0.477965585126281,311.787938460483,326.990195235332
ATCG00730.1,3'_truncated,0.015117157065558,0.0164563822553972,19.9685141674325,21.8367415691665
ATCG00730.1,5'_truncated,0.621726963877493,0.613237454634962,813.137914459639,823.69269253947
ATCG00730.1,Both_truncated,0.229303805007866,0.229525050690122,315.77180112884,310.491815442877
ATCG00730.1,Intact,0.133852074049083,0.14078111241952,174.785209445954,187.48577051864
ATCG00740.1,3'_truncated,0.0632360931547621,0.0563866694721037,13.6027837753952,11.253010986844
ATCG00740.1,5'_truncated,0.313875062782834,0.288407714944667,67.6480585870289,56.9227676793813
ATCG00740.1,Both_truncated,0.589211677897284,0.615905377982652,127.970294290066,123.612870919857
ATCG00740.1,Intact,0.0336771661651201,0.0393002376005773,6.9454280055136,7.53310694872754
ATCG00780.1,3'_truncated,0.00781407683117784,0.00700226557904426,1.54186626809273,1.34181029380201
ATCG00780.1,5'_truncated,0.294604047857126,0.313344030784969,57.2416269628482,61.8783108366482
ATCG00780.1,Both_truncated,0.00321815095153099,0.00162260242958918,0.586173634058927,0.321575355536814
ATCG00780.1,Intact,0.694363724360165,0.678031101206398,134.413461240068,133.66781796418
ATCG00790.1,3'_truncated,0.0478526824896028,0.052895503599729,13.1554836536554,12.6769954773694
ATCG00790.1,5'_truncated,0.59386698903681,0.571015292270872,156.900616185448,136.424376338958
ATCG00790.1,Both_truncated,0.30648727599827,0.323500043255738,83.5872462672769,77.7507296361799
ATCG00790.1,Intact,0.051793052475317,0.0525891608736616,13.4117189649541,12.6987117430327
ATCG00800.1,3'_truncated,0.0496253320804612,0.0420622189763608,9.85119135351995,7.74962226966659
ATCG00800.1,5'_truncated,0.528803141284348,0.487751687758933,108.640661847443,89.3688723221019
ATCG00800.1,Both_truncated,0.0279332092837464,0.0233359527064843,5.52192154137524,4.26954105248528
ATCG00800.1,Intact,0.393638317351445,0.446850140558222,79.753701009989,81.2452178141104
ATCG00860.1,3'_truncated,0.00384612750563529,0.00412849542463178,3.14742080633251,3.10790054339726
ATCG00860.1,5'_truncated,0.0101002311718024,0.0101693474705872,7.93956358477505,7.63557776041969
ATCG00860.1,Both_truncated,0.986053641322562,0.985702157104781,831.411263195679,749.635843576663
ATCG01000.1,3'_truncated,0.212245006616137,0.211710746766594,45.0777193407523,40.1439202601087
ATCG01000.1,5'_truncated,0.406679522643804,0.43074447776978,87.7672403469389,83.3208398791333
ATCG01000.1,Both_truncated,0.365620537034037,0.346588166538018,76.9626506553039,66.6155702258196
ATCG01000.1,Intact,0.0154549337060225,0.0109566089256082,2.87351541809905,2.16218836806355
ATCG01010.1,3'_truncated,0.111002908788777,0.101023907044378,26.2106523190506,20.58863992222
ATCG01010.1,5'_truncated,0.158643035036874,0.155779811204669,39.5882913084274,31.6459515447954
ATCG01010.1,Both_truncated,0.72745422269396,0.741169207367438,181.87121163608,152.315607632412
ATCG01010.1,Intact,0.00289983348039012,0.00202707438351517,0.525199835725405,0.421931189036193
ATCG01020.1,3'_truncated,0.0314963507063755,0.0334875539287447,12.5609241034786,11.8101447706753
ATCG01020.1,5'_truncated,0.100724662686082,0.108994975303317,39.3882180912719,37.113056571463
ATCG01020.1,Both_truncated,0.000325709734311885,0.000451844251528663,0.171764756886359,0.146519955291186
ATCG01020.1,Intact,0.867561846784668,0.857065626516409,355.897034409692,299.89371654959
ATCG01050.1,3'_truncated,0.00827921120456968,0.00747828276138746,21.4543724247983,19.1059884962856
ATCG01050.1,5'_truncated,0.90998504904694,0.909114089721078,2314.96775498448,2320.08580267055
ATCG01050.1,Both_truncated,0.0648581033081331,0.0637248265416287,165.816936069589,162.638580436082
ATCG01050.1,Intact,0.0168776364403575,0.0196828009759058,42.1950428946741,50.3717839509632
ATCG01060.1,3'_truncated,0.00847166994323219,0.010373310195754,0.887327911167849,1.08021903362148
ATCG01060.1,5'_truncated,0.252608650985399,0.261187248131618,25.0183941605243,25.3722469045822
ATCG01060.1,Both_truncated,0.00125944584382872,0,0.11189736415688,0
ATCG01060.1,Intact,0.738499863790093,0.728439441672628,76.5327615156471,71.1327168308488
ATCG01100.1,3'_truncated,0.0483804633117644,0.0536888238486997,36.3009354913398,38.7338193954816
ATCG01100.1,5'_truncated,0.498356002212834,0.482998936042479,381.977608290804,354.01584687038
ATCG01100.1,Both_truncated,0.417096542929744,0.420968770618228,323.358517075058,306.255173860925
ATCG01100.1,Intact,0.0361669915456577,0.042343469490594,26.6864055685035,30.7974711664528
ATCG01130.1,3'_truncated,0.0161099718380216,0.0166206186246035,90.42994996616,82.2422938785144
ATCG01130.1,5'_truncated,0.00927768579464143,0.00954537479797728,56.7146375051988,47.2041711211694
ATCG01130.1,Both_truncated,0.974612342367337,0.973834006577419,5714.27205928711,4866.8265672807
ATCG01250.1,3'_truncated,0.0225151898619699,0.0346968491498907,2.42985825290769,3.91154543864692
ATCG01250.1,5'_truncated,0.199711331134629,0.236030435197921,23.3185269962671,26.8968258283386
ATCG01250.1,Both_truncated,0.775524213834325,0.725690227758154,93.7360169103593,82.8698958252986
ATCG01250.1,Intact,0.00337389775361529,0.00358248789403408,0.416442648626363,0.403738073508468
ATCG01280.1,3'_truncated,0.00470061629271519,0.00363644683308925,3.75189533754807,2.7648992865019
ATCG01280.1,5'_truncated,0.00931056270055835,0.00987062714549053,7.14212267720845,7.41208900486911
ATCG01280.1,Both_truncated,0.985988821006726,0.98649292602142,826.94212487963,745.14331682041
ATMG00650.1,3'_truncated,0.00593580406494954,0.00275429399858476,0.860032188082012,0.429394340261599
ATMG00650.1,5'_truncated,0.776885922903068,0.789039914834765,122.704575493096,130.363729566927
ATMG00650.1,Both_truncated,0.202540845731805,0.18979158564748,36.4956250478407,31.1797785274353
ATMG00650.1,Intact,0.0146374273001769,0.0184142055191706,2.29825175666432,2.95509182025919
ATMG01170.1,3'_truncated,0.00385770329595916,0.00363698013692691,0.467745085483649,0.429217536446844
ATMG01170.1,5'_truncated,0.925632965533685,0.924789364675502,118.282570505303,109.765943429135
ATMG01170.1,Both_truncated,0.0254125443196751,0.0298073893843581,3.29807236101525,3.55439314905196
ATMG01170.1,Intact,0.0450967868506805,0.0417662658032131,5.57432208674937,5.00477514883558
ATMG01360.1,3'_truncated,0.0127389114760411,0.0131568463231717,4.56484258282212,5.35321518175014
ATMG01360.1,5'_truncated,0.851678145647137,0.838968280601817,297.211654561712,339.58761567854
ATMG01360.1,Both_truncated,0.0767942273637364,0.0750438322151731,26.8435489623243,30.4314868011122
ATMG01360.1,Intact,0.0587887155130859,0.0728310408598382,21.3062857340536,28.7088305302513
